sku,base_sku,original_code,name,description,brand,category,base_price,active,source_status,source_sheet,source_row
SIN MARCA IDENTIFICADA-E-1132,SIN MARCA IDENTIFICADA-E-1132,E-1132,GENERADOR DE NITROGENO 1 LLANTA MANUAL E-1132,,SIN MARCA IDENTIFICADA,GENERADORES DE NITROGENO,18700.00,true,Activo,SIN MARCA IDENTIFICADA,55
SIN MARCA IDENTIFICADA-E1170,SIN MARCA IDENTIFICADA-E1170,E1170,GENERADOR DE NITROGENO CAMION E1170,,SIN MARCA IDENTIFICADA,GENERADORES DE NITROGENO,63500.00,true,Activo,SIN MARCA IDENTIFICADA,56
SIN MARCA IDENTIFICADA-E-1135,SIN MARCA IDENTIFICADA-E-1135,E-1135,GENERADOR DE NITROGENO 1 LLANTA AUTOMATICO E-1135,,SIN MARCA IDENTIFICADA,GENERADORES DE NITROGENO,22100.00,true,Activo,SIN MARCA IDENTIFICADA,57
SIN MARCA IDENTIFICADA-E-1160,SIN MARCA IDENTIFICADA-E-1160,E-1160,GENERADOR DE NITROGENO 4 LLANTAS AUTOMATICO E-1160,,SIN MARCA IDENTIFICADA,GENERADORES DE NITROGENO,35200.00,true,Activo,SIN MARCA IDENTIFICADA,58
SIN MARCA IDENTIFICADA-A-1053,SIN MARCA IDENTIFICADA-A-1053,A-1053,ANALIZADOR DE NITROGENO,,SIN MARCA IDENTIFICADA,GENERADORES DE NITROGENO,6200.00,true,Activo,SIN MARCA IDENTIFICADA,59
SIN MARCA IDENTIFICADA-E-010OD,SIN MARCA IDENTIFICADA-E-010OD,E-010OD,INFLADOR DE AIRE DE BANCO,,SIN MARCA IDENTIFICADA,GENERADORES DE NITROGENO,10400.00,true,Activo,SIN MARCA IDENTIFICADA,60
SIN MARCA IDENTIFICADA-BEF01,SIN MARCA IDENTIFICADA-BEF01,BEF01,ADAPTADOR DE MOTO PARA BALANCEADORA,,SIN MARCA IDENTIFICADA,ACCESORIOS PARA BALANCEADORAS Y DESMONTADORAS,6700.00,true,Activo,SIN MARCA IDENTIFICADA,62
SIN MARCA IDENTIFICADA-DEF02,SIN MARCA IDENTIFICADA-DEF02,DEF02,CALIPER (COMPAS P/BALANCEADORA),,SIN MARCA IDENTIFICADA,ACCESORIOS PARA BALANCEADORAS Y DESMONTADORAS,156.60,true,Activo,SIN MARCA IDENTIFICADA,63
SIN MARCA IDENTIFICADA-1200-0242,SIN MARCA IDENTIFICADA-1200-0242,1200-0242,JUEGO DE CONOS DE CAMION,,SIN MARCA IDENTIFICADA,ACCESORIOS PARA BALANCEADORAS Y DESMONTADORAS,6600.00,true,Activo,SIN MARCA IDENTIFICADA,64
SIN MARCA IDENTIFICADA-BCF01,SIN MARCA IDENTIFICADA-BCF01,BCF01,CALIPER DE CAMION PARA BALANCEADORA,,SIN MARCA IDENTIFICADA,ACCESORIOS PARA BALANCEADORAS Y DESMONTADORAS,500.00,true,Activo,SIN MARCA IDENTIFICADA,65
SIN MARCA IDENTIFICADA-DEF03,SIN MARCA IDENTIFICADA-DEF03,DEF03,"MARIPOSA PARA BALANCEADORA (36,38,40)",,SIN MARCA IDENTIFICADA,ACCESORIOS PARA BALANCEADORAS Y DESMONTADORAS,1430.00,true,Activo,SIN MARCA IDENTIFICADA,66
SIN MARCA IDENTIFICADA-BCF03,SIN MARCA IDENTIFICADA-BCF03,BCF03,MARIPOSA PARA BALANCEADORA CAMION 42MM,,SIN MARCA IDENTIFICADA,ACCESORIOS PARA BALANCEADORAS Y DESMONTADORAS,2000.00,true,Activo,SIN MARCA IDENTIFICADA,67
SIN MARCA IDENTIFICADA-DEF04,SIN MARCA IDENTIFICADA-DEF04,DEF04,PATO PARA DESMONTADOR,,SIN MARCA IDENTIFICADA,ACCESORIOS PARA BALANCEADORAS Y DESMONTADORAS,726.00,true,Activo,SIN MARCA IDENTIFICADA,68
SIN MARCA IDENTIFICADA-DEF05,SIN MARCA IDENTIFICADA-DEF05,DEF05,PATO DE PLASTICO PARA DESMONTADOR,,SIN MARCA IDENTIFICADA,ACCESORIOS PARA BALANCEADORAS Y DESMONTADORAS,850.00,true,Activo,SIN MARCA IDENTIFICADA,69
SIN MARCA IDENTIFICADA-DEF06,SIN MARCA IDENTIFICADA-DEF06,DEF06,PROTECTOR DE PATO,,SIN MARCA IDENTIFICADA,ACCESORIOS PARA BALANCEADORAS Y DESMONTADORAS,88.00,true,Activo,SIN MARCA IDENTIFICADA,70
SIN MARCA IDENTIFICADA-DEF07,SIN MARCA IDENTIFICADA-DEF07,DEF07,ESPATULA PARA DESMONTADOR AUTOMATICO,,SIN MARCA IDENTIFICADA,ACCESORIOS PARA BALANCEADORAS Y DESMONTADORAS,314.60,true,Activo,SIN MARCA IDENTIFICADA,71
SIN MARCA IDENTIFICADA-DEF08,SIN MARCA IDENTIFICADA-DEF08,DEF08,ESPATULA PARA DESMONTADOR CON PROTECCIÓN PLASTICA,,SIN MARCA IDENTIFICADA,ACCESORIOS PARA BALANCEADORAS Y DESMONTADORAS,363.00,true,Activo,SIN MARCA IDENTIFICADA,72
SIN MARCA IDENTIFICADA-DEF09,SIN MARCA IDENTIFICADA-DEF09,DEF09,BAJA CEJAS,,SIN MARCA IDENTIFICADA,ACCESORIOS PARA BALANCEADORAS Y DESMONTADORAS,363.00,true,Activo,SIN MARCA IDENTIFICADA,73
SIN MARCA IDENTIFICADA-DEF10,SIN MARCA IDENTIFICADA-DEF10,DEF10,PROTECTOR DE PLASTICO P/RIN,,SIN MARCA IDENTIFICADA,ACCESORIOS PARA BALANCEADORAS Y DESMONTADORAS,88.00,true,Activo,SIN MARCA IDENTIFICADA,74
SIN MARCA IDENTIFICADA-COE12,SIN MARCA IDENTIFICADA-COE12,COE12,COMPERSOR PORTATIL DE AIRE PARA EMERGENCIAS,,SIN MARCA IDENTIFICADA,COMPRESORES,555.00,true,Activo,SIN MARCA IDENTIFICADA,76
SIN MARCA IDENTIFICADA-COE17,SIN MARCA IDENTIFICADA-COE17,COE17,COMPRESOR SILENCIOSO 24L,,SIN MARCA IDENTIFICADA,COMPRESORES,4158.00,true,Activo,SIN MARCA IDENTIFICADA,77
SIN MARCA IDENTIFICADA-COE03,SIN MARCA IDENTIFICADA-COE03,COE03,COMPRESOR 2 HP TANQUE 108 LTS 110 V.,,SIN MARCA IDENTIFICADA,COMPRESORES,8444.80,true,Activo,SIN MARCA IDENTIFICADA,78
SIN MARCA IDENTIFICADA-COE04,SIN MARCA IDENTIFICADA-COE04,COE04,COMPRESORA MINI 2.5 HP TANQUE 25 LTS. 110 V.,,SIN MARCA IDENTIFICADA,COMPRESORES,2267.80,true,Activo,SIN MARCA IDENTIFICADA,79
SIN MARCA IDENTIFICADA-COE01,SIN MARCA IDENTIFICADA-COE01,COE01,COMPRESOR 1 HP TANQUE 50 LTS 110 V.,,SIN MARCA IDENTIFICADA,COMPRESORES,5137.00,true,Activo,SIN MARCA IDENTIFICADA,80
SIN MARCA IDENTIFICADA-COE05,SIN MARCA IDENTIFICADA-COE05,COE05,COMPRESOR 2.5 HP TANQUE 50 LTS 110 V.,,SIN MARCA IDENTIFICADA,COMPRESORES,2552.00,true,Activo,SIN MARCA IDENTIFICADA,81
SIN MARCA IDENTIFICADA-COE06,SIN MARCA IDENTIFICADA-COE06,COE06,COMPRESOR 3 HP TANQUE 225 LTS 110V.,,SIN MARCA IDENTIFICADA,COMPRESORES,12499.00,true,Activo,SIN MARCA IDENTIFICADA,82
SIN MARCA IDENTIFICADA-COE18,SIN MARCA IDENTIFICADA-COE18,COE18,COMPRESOR 5 HP TANQUE 300L VERTICAL 220V,,SIN MARCA IDENTIFICADA,COMPRESORES,19720.00,true,Activo,SIN MARCA IDENTIFICADA,83
SIN MARCA IDENTIFICADA-COE19,SIN MARCA IDENTIFICADA-COE19,COE19,COMPRESOR 5 HP TANQUE 300L HORISONTAL 220V,,SIN MARCA IDENTIFICADA,COMPRESORES,19720.00,true,Activo,SIN MARCA IDENTIFICADA,84
SIN MARCA IDENTIFICADA-COE10,SIN MARCA IDENTIFICADA-COE10,COE10,COMPRESOR 5 HP TANQUE 500 LTS TRIFASICO,,SIN MARCA IDENTIFICADA,COMPRESORES,29363.00,true,Activo,SIN MARCA IDENTIFICADA,85
SIN MARCA IDENTIFICADA-COE11,SIN MARCA IDENTIFICADA-COE11,COE11,COMPRESOR 5 HP TANQUE 500 LTS 220V,,SIN MARCA IDENTIFICADA,COMPRESORES,30877.00,true,Activo,SIN MARCA IDENTIFICADA,86
SIN MARCA IDENTIFICADA-COE07,SIN MARCA IDENTIFICADA-COE07,COE07,COMPRESOR 7.5 HP TANQUE 500 LTS TRIFASICO.,,SIN MARCA IDENTIFICADA,COMPRESORES,31175.00,true,Activo,SIN MARCA IDENTIFICADA,87
SIN MARCA IDENTIFICADA-COE08,SIN MARCA IDENTIFICADA-COE08,COE08,COMPRESOR 7.5 HP TANQUE 500L 220V,,SIN MARCA IDENTIFICADA,COMPRESORES,33558.00,true,Activo,SIN MARCA IDENTIFICADA,88
SIN MARCA IDENTIFICADA-COE09,SIN MARCA IDENTIFICADA-COE09,COE09,COMPRESOR 10 HP TANQUE 500 LTS TRIFASICO.,,SIN MARCA IDENTIFICADA,COMPRESORES,34258.00,true,Activo,SIN MARCA IDENTIFICADA,89
SIN MARCA IDENTIFICADA-COG10,SIN MARCA IDENTIFICADA-COG10,COG10,COMPRESOR A GASOLINA 6.5 HP TANQUE 108 LTS.PIOLA,,SIN MARCA IDENTIFICADA,COMPRESORES,9991.08,true,Activo,SIN MARCA IDENTIFICADA,90
SIN MARCA IDENTIFICADA-COG15,SIN MARCA IDENTIFICADA-COG15,COG15,COMPRESOR A GASOLINA 6.5 HP TANQUE 108 LTS.ARRANQUE,,SIN MARCA IDENTIFICADA,COMPRESORES,12499.00,true,Activo,SIN MARCA IDENTIFICADA,91
SIN MARCA IDENTIFICADA-COG13,SIN MARCA IDENTIFICADA-COG13,COG13,COMPPRESOR A GASOLINA 13 HP TANQUE 300 LTS. MARCHA ARRANQUE ELECTRICO,,SIN MARCA IDENTIFICADA,COMPRESORES,28652.00,true,Activo,SIN MARCA IDENTIFICADA,92
SIN MARCA IDENTIFICADA-COG14,SIN MARCA IDENTIFICADA-COG14,COG14,COMPRESORA GASOLINA 13 HP TANQUE 500 LTS MARCHA ARRAQUE ELECTRICO,,SIN MARCA IDENTIFICADA,COMPRESORES,30982.00,true,Activo,SIN MARCA IDENTIFICADA,93
SIN MARCA IDENTIFICADA-BAD1,SIN MARCA IDENTIFICADA-BAD1,BAD1,CABEZAL P/COMPRESOR 1HP LINEAL ( 1 PISTON),,SIN MARCA IDENTIFICADA,CABEZALES,1563.68,true,Activo,SIN MARCA IDENTIFICADA,100
SIN MARCA IDENTIFICADA-BAD2,SIN MARCA IDENTIFICADA-BAD2,BAD2,CABEZAL P/COMPRESOR 2 HP EN “v” ( 2 PISTONES),,SIN MARCA IDENTIFICADA,CABEZALES,1958.00,true,Activo,SIN MARCA IDENTIFICADA,101
SIN MARCA IDENTIFICADA-BAD3,SIN MARCA IDENTIFICADA-BAD3,BAD3,CABEZAL P/COMPRESOR 3 HP EN “V” ( 2 PISTONES),,SIN MARCA IDENTIFICADA,CABEZALES,2562.44,true,Activo,SIN MARCA IDENTIFICADA,102
SIN MARCA IDENTIFICADA-BAU3,SIN MARCA IDENTIFICADA-BAU3,BAU3,CABEZAL P/COMPRESOR 3 HP LINEAL ( 1 PISTON),,SIN MARCA IDENTIFICADA,CABEZALES,2186.60,true,Activo,SIN MARCA IDENTIFICADA,103
SIN MARCA IDENTIFICADA-BAD5,SIN MARCA IDENTIFICADA-BAD5,BAD5,CABEZAL P/COMPRESOR 5 HP EN “V” ( 2 PISTONES),,SIN MARCA IDENTIFICADA,CABEZALES,4782.68,true,Activo,SIN MARCA IDENTIFICADA,104
SIN MARCA IDENTIFICADA-BAU7,SIN MARCA IDENTIFICADA-BAU7,BAU7,CABEZAL P/COMPRESOR 5 a 7.5 HP LINEAL,,SIN MARCA IDENTIFICADA,CABEZALES,7400.80,true,Activo,SIN MARCA IDENTIFICADA,105
SIN MARCA IDENTIFICADA-BAD10,SIN MARCA IDENTIFICADA-BAD10,BAD10,CABEZAL P/COMPRESOR 10 HP EN V ( 2 PISTONES),,SIN MARCA IDENTIFICADA,CABEZALES,9100.20,true,Activo,SIN MARCA IDENTIFICADA,106
SIN MARCA IDENTIFICADA-MTC1,SIN MARCA IDENTIFICADA-MTC1,MTC1,MTC1 MOTOR 1 HP MONOFASICO PARA COMPRESOR 3600R.P.M.,,SIN MARCA IDENTIFICADA,MOTORES COMPRESORES,1852.52,true,Activo,SIN MARCA IDENTIFICADA,108
SIN MARCA IDENTIFICADA-MTC2,SIN MARCA IDENTIFICADA-MTC2,MTC2,"MTC2 MOTOR 2 HP MONOFASICO PARA COMPRESOR3,600 RPM",,SIN MARCA IDENTIFICADA,MOTORES COMPRESORES,2050.00,true,Activo,SIN MARCA IDENTIFICADA,109
SIN MARCA IDENTIFICADA-MTC3-1F,SIN MARCA IDENTIFICADA-MTC3-1F,MTC3-1F,MTC3 MOTOR 3HP 110V PARA COMPRESOR 3600RPM,,SIN MARCA IDENTIFICADA,MOTORES COMPRESORES,2400.00,true,Activo,SIN MARCA IDENTIFICADA,110
SIN MARCA IDENTIFICADA-MTC3-2F,SIN MARCA IDENTIFICADA-MTC3-2F,MTC3-2F,MTC3 MOTOR 3HP 220V PARA COMPRESOR 3600RPM,,SIN MARCA IDENTIFICADA,MOTORES COMPRESORES,2204.00,true,Activo,SIN MARCA IDENTIFICADA,111
SIN MARCA IDENTIFICADA-MTC5-3F,SIN MARCA IDENTIFICADA-MTC5-3F,MTC5-3F,MTC5 MOTOR 5HP TRIFASICO PARA COMPRESOR3600RPM,,SIN MARCA IDENTIFICADA,MOTORES COMPRESORES,3735.20,true,Activo,SIN MARCA IDENTIFICADA,112
SIN MARCA IDENTIFICADA-MTC5-2F,SIN MARCA IDENTIFICADA-MTC5-2F,MTC5-2F,MTC5 MOTOR 5 HP 220 V BIFASICO PARA COMPRESOR 3600 RPM,,SIN MARCA IDENTIFICADA,MOTORES COMPRESORES,5102.80,true,Activo,SIN MARCA IDENTIFICADA,113
SIN MARCA IDENTIFICADA-MTC7,SIN MARCA IDENTIFICADA-MTC7,MTC7,MTC7 MOTOR 7.5 220V COMPRESOR 3600 RPM,,SIN MARCA IDENTIFICADA,MOTORES COMPRESORES,6860.24,true,Activo,SIN MARCA IDENTIFICADA,114
SIN MARCA IDENTIFICADA-MTC10-3F,SIN MARCA IDENTIFICADA-MTC10-3F,MTC10-3F,MTC10 MOTOR 10HP TRIFASICO PARA COMPRESOR 3600 RPM,,SIN MARCA IDENTIFICADA,MOTORES COMPRESORES,7600.00,true,Activo,SIN MARCA IDENTIFICADA,115
SIN MARCA IDENTIFICADA-MTC6-G,SIN MARCA IDENTIFICADA-MTC6-G,MTC6-G,MTC6 MOTOR A GASOLINA 6.5HP,,SIN MARCA IDENTIFICADA,MOTORES COMPRESORES,2204.00,true,Activo,SIN MARCA IDENTIFICADA,116
SIN MARCA IDENTIFICADA-MTC6-GM,SIN MARCA IDENTIFICADA-MTC6-GM,MTC6-GM,MTC6 MOTOR A GASOLINA 6.5HP MARCHA,,SIN MARCA IDENTIFICADA,MOTORES COMPRESORES,2900.00,true,Activo,SIN MARCA IDENTIFICADA,117
SIN MARCA IDENTIFICADA-MTC13-G,SIN MARCA IDENTIFICADA-MTC13-G,MTC13-G,MTC13 MOTOR MARCHA GASOLINA 13HP,,SIN MARCA IDENTIFICADA,MOTORES COMPRESORES,6499.48,true,Activo,SIN MARCA IDENTIFICADA,118
SIN MARCA IDENTIFICADA-MTC10-2F,SIN MARCA IDENTIFICADA-MTC10-2F,MTC10-2F,MTC10 MOTOR 10HP PARA COMPRESOR 1800 RPM,,SIN MARCA IDENTIFICADA,MOTORES COMPRESORES,7800.00,true,Activo,SIN MARCA IDENTIFICADA,119
SIN MARCA IDENTIFICADA-PAC01,SIN MARCA IDENTIFICADA-PAC01,PAC01,AUTOMATICO TRIFASICO,,SIN MARCA IDENTIFICADA,AUTOMATICOS,385.80,true,Activo,SIN MARCA IDENTIFICADA,124
SIN MARCA IDENTIFICADA-PAC02,SIN MARCA IDENTIFICADA-PAC02,PAC02,AUTOMATICO P/COMPRESOR,,SIN MARCA IDENTIFICADA,AUTOMATICOS,248.05,true,Activo,SIN MARCA IDENTIFICADA,125
SIN MARCA IDENTIFICADA-PAC03,SIN MARCA IDENTIFICADA-PAC03,PAC03,AUTOMATICO P/COMPRESOR CON DESCARGA,,SIN MARCA IDENTIFICADA,AUTOMATICOS,190.00,true,Activo,SIN MARCA IDENTIFICADA,126
SIN MARCA IDENTIFICADA-PAC04,SIN MARCA IDENTIFICADA-PAC04,PAC04,AUTOMATICO P/COMPRESOR 3 VIAS,,SIN MARCA IDENTIFICADA,AUTOMATICOS,185.00,true,Activo,SIN MARCA IDENTIFICADA,127
SIN MARCA IDENTIFICADA-PAC05,SIN MARCA IDENTIFICADA-PAC05,PAC05,AUTOMATICO P/COMPRESOR 3 VIAS CON BOTON,,SIN MARCA IDENTIFICADA,AUTOMATICOS,150.00,true,Activo,SIN MARCA IDENTIFICADA,128
SIN MARCA IDENTIFICADA-SMC-4,SIN MARCA IDENTIFICADA-SMC-4,SMC-4,"SET MANIFOLD PARA COMPRESOR 108L/225L (MANOMETRO, VALVULA SEGURIDAD, AUTOMATICO, LLAVE DE PASO)",,SIN MARCA IDENTIFICADA,AUTOMATICOS,350.00,true,Activo,SIN MARCA IDENTIFICADA,129
SIN MARCA IDENTIFICADA-SMC-2,SIN MARCA IDENTIFICADA-SMC-2,SMC-2,"SET MANIFOLD PARA COMPRESOR 300L (MANOMETRO, VALVULA SEGURIDAD, AUTOMATICO, LLAVE DE PASO)",,SIN MARCA IDENTIFICADA,AUTOMATICOS,350.00,true,Activo,SIN MARCA IDENTIFICADA,130
SIN MARCA IDENTIFICADA-SMC-1,SIN MARCA IDENTIFICADA-SMC-1,SMC-1,"SET MANIFOLD PARA COMPRESOR 500L (MANOMETRO, VALVULA SEGURIDAD, AUTOMATICO, LLAVE DE PASO)",,SIN MARCA IDENTIFICADA,AUTOMATICOS,400.00,true,Activo,SIN MARCA IDENTIFICADA,131
SIN MARCA IDENTIFICADA-1006,SIN MARCA IDENTIFICADA-1006,1006,"VALVULA DE RETENCION 1006 3/4""",,SIN MARCA IDENTIFICADA,CONEXIONES PARA COMPRESOR,496.10,true,Activo,SIN MARCA IDENTIFICADA,133
SIN MARCA IDENTIFICADA-1008,SIN MARCA IDENTIFICADA-1008,1008,"VALVULA DE RETENCION 1008 1""",,SIN MARCA IDENTIFICADA,CONEXIONES PARA COMPRESOR,716.60,true,Activo,SIN MARCA IDENTIFICADA,134
SIN MARCA IDENTIFICADA-1004A,SIN MARCA IDENTIFICADA-1004A,1004A,VALVULA DE RETENCION 1004-A 1⁄2” RECTA,,SIN MARCA IDENTIFICADA,CONEXIONES PARA COMPRESOR,234.32,true,Activo,SIN MARCA IDENTIFICADA,135
SIN MARCA IDENTIFICADA-1004B,SIN MARCA IDENTIFICADA-1004B,1004B,"VALVULA DE RETENCION 1004-B 1/2""",,SIN MARCA IDENTIFICADA,CONEXIONES PARA COMPRESOR,254.85,true,Activo,SIN MARCA IDENTIFICADA,136
SIN MARCA IDENTIFICADA-1004BA,SIN MARCA IDENTIFICADA-1004BA,1004BA,VALVULA DE RETENCION 1004-BA,,SIN MARCA IDENTIFICADA,CONEXIONES PARA COMPRESOR,241.05,true,Activo,SIN MARCA IDENTIFICADA,137
SIN MARCA IDENTIFICADA-A03,SIN MARCA IDENTIFICADA-A03,A03,"VALVULA DE RETENCION A3 1/2"" X 3/4""",,SIN MARCA IDENTIFICADA,CONEXIONES PARA COMPRESOR,103.80,true,Activo,SIN MARCA IDENTIFICADA,138
SIN MARCA IDENTIFICADA-A04,SIN MARCA IDENTIFICADA-A04,A04,"VALVULA DE RETENCION A4 3/4"" X 3/4""",,SIN MARCA IDENTIFICADA,CONEXIONES PARA COMPRESOR,165.30,true,Activo,SIN MARCA IDENTIFICADA,139
SIN MARCA IDENTIFICADA-A10,SIN MARCA IDENTIFICADA-A10,A10,"VALVULA DE RETENCION A10 1 1/4""",,SIN MARCA IDENTIFICADA,CONEXIONES PARA COMPRESOR,716.53,true,Activo,SIN MARCA IDENTIFICADA,140
SIN MARCA IDENTIFICADA-A12,SIN MARCA IDENTIFICADA-A12,A12,VALVULA PILOTO REGULADORA DE FLUJO 9 A 12 BAR 1/2 NPT,,SIN MARCA IDENTIFICADA,CONEXIONES PARA COMPRESOR,775.00,true,Activo,SIN MARCA IDENTIFICADA,141
SIN MARCA IDENTIFICADA-A12-C,SIN MARCA IDENTIFICADA-A12-C,A12-C,CHICOTE PARA VALULA PILOTO,Nota de migracion: Precio faltante en origen,SIN MARCA IDENTIFICADA,CONEXIONES PARA COMPRESOR,0.00,false,Pendiente,SIN MARCA IDENTIFICADA,142
SIN MARCA IDENTIFICADA-A5,SIN MARCA IDENTIFICADA-A5,A5,"VALVULA DE RETENCION A5 3/4""",,SIN MARCA IDENTIFICADA,CONEXIONES PARA COMPRESOR,234.32,true,Activo,SIN MARCA IDENTIFICADA,143
SIN MARCA IDENTIFICADA-A9,SIN MARCA IDENTIFICADA-A9,A9,"VALVULA DE RETENCIÓN A9 1 1/4""",,SIN MARCA IDENTIFICADA,CONEXIONES PARA COMPRESOR,716.53,true,Activo,SIN MARCA IDENTIFICADA,144
SIN MARCA IDENTIFICADA-DRE01,SIN MARCA IDENTIFICADA-DRE01,DRE01,VALVULA DE DRENADO,,SIN MARCA IDENTIFICADA,CONEXIONES PARA COMPRESOR,55.10,true,Activo,SIN MARCA IDENTIFICADA,145
SIN MARCA IDENTIFICADA-VP2,SIN MARCA IDENTIFICADA-VP2,VP2,VALVULA DE PASO DE 1/2 HEMBRA,,SIN MARCA IDENTIFICADA,CONEXIONES PARA COMPRESOR,80.00,true,Activo,SIN MARCA IDENTIFICADA,146
SIN MARCA IDENTIFICADA-VP4,SIN MARCA IDENTIFICADA-VP4,VP4,VALVULA DE PASO DE 1/4 HEMBRA,,SIN MARCA IDENTIFICADA,CONEXIONES PARA COMPRESOR,30.00,true,Activo,SIN MARCA IDENTIFICADA,147
SIN MARCA IDENTIFICADA-VS150,SIN MARCA IDENTIFICADA-VS150,VS150,"VALVULA DE SEGURIDAD 150 LB, 200LB",,SIN MARCA IDENTIFICADA,CONEXIONES PARA COMPRESOR,60.00,true,Activo,SIN MARCA IDENTIFICADA,148
SIN MARCA IDENTIFICADA-VS200,SIN MARCA IDENTIFICADA-VS200,VS200,"VALVULA DE SEGURIDAD 150 LB, 200LB",,SIN MARCA IDENTIFICADA,CONEXIONES PARA COMPRESOR,70.00,true,Activo,SIN MARCA IDENTIFICADA,149
SIN MARCA IDENTIFICADA-VT14,SIN MARCA IDENTIFICADA-VT14,VT14,VALVULA DE TANQUE 1/4 Y 1/8,,SIN MARCA IDENTIFICADA,CONEXIONES PARA COMPRESOR,48.26,true,Activo,SIN MARCA IDENTIFICADA,150
SIN MARCA IDENTIFICADA-3030P,SIN MARCA IDENTIFICADA-3030P,3030P,EXTRACTOR DE FLUIDOS,,SIN MARCA IDENTIFICADA,EXTRACTORES DE FLUIDOS,1320.00,true,Activo,SIN MARCA IDENTIFICADA,152
SIN MARCA IDENTIFICADA-3030M,SIN MARCA IDENTIFICADA-3030M,3030M,EXTRACTOR DE FLUIDOS CON BOMBA,,SIN MARCA IDENTIFICADA,EXTRACTORES DE FLUIDOS,1540.00,true,Activo,SIN MARCA IDENTIFICADA,153
SIN MARCA IDENTIFICADA-3030,SIN MARCA IDENTIFICADA-3030,3030,EXTRACTOR DE FLUIDOS PARA FRENO,,SIN MARCA IDENTIFICADA,EXTRACTORES DE FLUIDOS,600.00,true,Activo,SIN MARCA IDENTIFICADA,154
SIN MARCA IDENTIFICADA-EN12,SIN MARCA IDENTIFICADA-EN12,EN12,ENGRASADORA NEUMATICA 12 KG,,SIN MARCA IDENTIFICADA,EXTRACTORES DE FLUIDOS,2694.00,true,Activo,SIN MARCA IDENTIFICADA,155
SIN MARCA IDENTIFICADA-EN30,SIN MARCA IDENTIFICADA-EN30,EN30,ENGRASADORA NEUMATICA 30KG,,SIN MARCA IDENTIFICADA,EXTRACTORES DE FLUIDOS,3600.00,true,Activo,SIN MARCA IDENTIFICADA,156
SIN MARCA IDENTIFICADA-EN12-R,SIN MARCA IDENTIFICADA-EN12-R,EN12-R,ENGRASADAORA NEUMATICA 12 KG ROJA,,SIN MARCA IDENTIFICADA,EXTRACTORES DE FLUIDOS,2694.00,true,Activo,SIN MARCA IDENTIFICADA,157
SIN MARCA IDENTIFICADA-EN30-R,SIN MARCA IDENTIFICADA-EN30-R,EN30-R,ENGRASADORA NEUMATICA 30KG ROJA,,SIN MARCA IDENTIFICADA,EXTRACTORES DE FLUIDOS,3290.00,true,Activo,SIN MARCA IDENTIFICADA,158
SIN MARCA IDENTIFICADA-IGM-400-8,SIN MARCA IDENTIFICADA-IGM-400-8,IGM-400-8,"IGM-400-8 INYECTORA DE GRASA MANUAL 400C 8,000 PSI",,SIN MARCA IDENTIFICADA,EXTRACTORES DE FLUIDOS,235.00,true,Activo,SIN MARCA IDENTIFICADA,159
SIN MARCA IDENTIFICADA-IGM-800-10,SIN MARCA IDENTIFICADA-IGM-800-10,IGM-800-10,"IGM-800-10 INYECTORA DE GRASA MANUAL 800C 10,000 PSI",,SIN MARCA IDENTIFICADA,EXTRACTORES DE FLUIDOS,495.00,true,Activo,SIN MARCA IDENTIFICADA,160
SIN MARCA IDENTIFICADA-IGM-800-14,SIN MARCA IDENTIFICADA-IGM-800-14,IGM-800-14,"IGM-800-14 ENGRASADORA MANUAL 800CC 14,000 PSI",,SIN MARCA IDENTIFICADA,EXTRACTORES DE FLUIDOS,458.00,true,Activo,SIN MARCA IDENTIFICADA,161
SIN MARCA IDENTIFICADA-EN20M,SIN MARCA IDENTIFICADA-EN20M,EN20M,EN20M ENGRASADORA MANUAL 20KG,,SIN MARCA IDENTIFICADA,EXTRACTORES DE FLUIDOS,1446.00,true,Activo,SIN MARCA IDENTIFICADA,162
SIN MARCA IDENTIFICADA-EN-025,SIN MARCA IDENTIFICADA-EN-025,EN-025,PISTOLA PARA ENGRASADORA,,SIN MARCA IDENTIFICADA,EXTRACTORES DE FLUIDOS,280.72,true,Activo,SIN MARCA IDENTIFICADA,163
SIN MARCA IDENTIFICADA-EN16M,SIN MARCA IDENTIFICADA-EN16M,EN16M,EN16M ENGRASADORA MANUAL 16KG,,SIN MARCA IDENTIFICADA,EXTRACTORES DE FLUIDOS,1128.00,true,Activo,SIN MARCA IDENTIFICADA,164
SIN MARCA IDENTIFICADA-EN-024,SIN MARCA IDENTIFICADA-EN-024,EN-024,EN-024 MANGUERA 4M PARA ENGRASADORA,,SIN MARCA IDENTIFICADA,EXTRACTORES DE FLUIDOS,310.00,true,Activo,SIN MARCA IDENTIFICADA,165
SIN MARCA IDENTIFICADA-GE180,SIN MARCA IDENTIFICADA-GE180,GE180,GE180 GRASERA ESTANDAR RECTA 1/8,,SIN MARCA IDENTIFICADA,EXTRACTORES DE FLUIDOS,4.50,true,Activo,SIN MARCA IDENTIFICADA,166
SIN MARCA IDENTIFICADA-GE45,SIN MARCA IDENTIFICADA-GE45,GE45,GE45 GRASERA ESTANDAR 45 GRADOS 1/8,,SIN MARCA IDENTIFICADA,EXTRACTORES DE FLUIDOS,4.50,true,Activo,SIN MARCA IDENTIFICADA,167
SIN MARCA IDENTIFICADA-GE90,SIN MARCA IDENTIFICADA-GE90,GE90,GE90 GRASERA ESTANDAR DOBLADA 90 GRADOS 1/8,,SIN MARCA IDENTIFICADA,EXTRACTORES DE FLUIDOS,4.50,true,Activo,SIN MARCA IDENTIFICADA,168
SIN MARCA IDENTIFICADA-EOTR-1825,SIN MARCA IDENTIFICADA-EOTR-1825,EOTR-1825,DESTALONADORA AGRICOLA (PORTA POWER) GIGANTE,,SIN MARCA IDENTIFICADA,DESTALONADORAS/ PORTAPOWER,3640.00,true,Activo,SIN MARCA IDENTIFICADA,172
SIN MARCA IDENTIFICADA-EBBH-10,SIN MARCA IDENTIFICADA-EBBH-10,EBBH-10,DESTALONADORA AGRICOLA (PORTA POWER) COMBI,,SIN MARCA IDENTIFICADA,DESTALONADORAS/ PORTAPOWER,3640.00,true,Activo,SIN MARCA IDENTIFICADA,173
SIN MARCA IDENTIFICADA-EHP-15,SIN MARCA IDENTIFICADA-EHP-15,EHP-15,BOMBA PARA PORTAPOWER,,SIN MARCA IDENTIFICADA,DESTALONADORAS/ PORTAPOWER,3880.00,true,Activo,SIN MARCA IDENTIFICADA,174
SIN MARCA IDENTIFICADA-EHP-20H,SIN MARCA IDENTIFICADA-EHP-20H,EHP-20H,MANGUERA PARA PORTAPOWER,,SIN MARCA IDENTIFICADA,DESTALONADORAS/ PORTAPOWER,800.00,true,Activo,SIN MARCA IDENTIFICADA,175
SIN MARCA IDENTIFICADA-DM70160,SIN MARCA IDENTIFICADA-DM70160,DM70160,DESTALONADOR MANUAL,,SIN MARCA IDENTIFICADA,DESTALONADORAS/ PORTAPOWER,1500.00,true,Activo,SIN MARCA IDENTIFICADA,176
SIN MARCA IDENTIFICADA-DM70160N,SIN MARCA IDENTIFICADA-DM70160N,DM70160N,DM70160N DESTALONADOR MANUAL NEGRO (CHICO),,SIN MARCA IDENTIFICADA,DESTALONADORAS/ PORTAPOWER,1400.00,true,Activo,SIN MARCA IDENTIFICADA,177
SIN MARCA IDENTIFICADA-PPH4,SIN MARCA IDENTIFICADA-PPH4,PPH4,PORTAPOWER 4 TON CON ESTUCHE,,SIN MARCA IDENTIFICADA,DESTALONADORAS/ PORTAPOWER,2408.16,true,Activo,SIN MARCA IDENTIFICADA,178
SIN MARCA IDENTIFICADA-PPH10,SIN MARCA IDENTIFICADA-PPH10,PPH10,PORTAPOWER 10 TON CON CESTUCHE,,SIN MARCA IDENTIFICADA,DESTALONADORAS/ PORTAPOWER,3300.20,true,Activo,SIN MARCA IDENTIFICADA,179
SIN MARCA IDENTIFICADA-CM1,SIN MARCA IDENTIFICADA-CM1,CM1,"CAMA PARA MECANICO ACOLCHONADA 36"" LARGA",,SIN MARCA IDENTIFICADA,DESTALONADORAS/ PORTAPOWER,696.00,true,Activo,SIN MARCA IDENTIFICADA,180
SIN MARCA IDENTIFICADA-CM2,SIN MARCA IDENTIFICADA-CM2,CM2,"CAMA BANCO ""Z"" 2 EN 1 36""",,SIN MARCA IDENTIFICADA,DESTALONADORAS/ PORTAPOWER,663.00,true,Activo,SIN MARCA IDENTIFICADA,181
SIN MARCA IDENTIFICADA-SPG063,SIN MARCA IDENTIFICADA-SPG063,SPG063,MANOMETRO CON GLICERINA,,SIN MARCA IDENTIFICADA,FITROS Y REGULADORES,293.48,true,Activo,SIN MARCA IDENTIFICADA,184
SIN MARCA IDENTIFICADA-PG20S,SIN MARCA IDENTIFICADA-PG20S,PG20S,MANOMETRO ECONOMICO (100LBS.200LBS),,SIN MARCA IDENTIFICADA,FITROS Y REGULADORES,80.85,true,Activo,SIN MARCA IDENTIFICADA,185
SIN MARCA IDENTIFICADA-PG30H,SIN MARCA IDENTIFICADA-PG30H,PG30H,MANOMETRO 300LBS,,SIN MARCA IDENTIFICADA,FITROS Y REGULADORES,81.00,true,Activo,SIN MARCA IDENTIFICADA,186
SIN MARCA IDENTIFICADA-BFC2000,SIN MARCA IDENTIFICADA-BFC2000,BFC2000,UNIDAD DE SERVICIO BFC-2000 (1/4) FILTRO Y REGULADOR,,SIN MARCA IDENTIFICADA,FITROS Y REGULADORES,545.00,true,Activo,SIN MARCA IDENTIFICADA,187
SIN MARCA IDENTIFICADA-BFC4000,SIN MARCA IDENTIFICADA-BFC4000,BFC4000,UNIDAD DE SERVICIO BFC-4000 (1/2) FILTRO Y REGULADOR,,SIN MARCA IDENTIFICADA,FITROS Y REGULADORES,545.00,true,Activo,SIN MARCA IDENTIFICADA,188
SIN MARCA IDENTIFICADA-DR4000-4,SIN MARCA IDENTIFICADA-DR4000-4,DR4000-4,REGULADOR DR-4000-4 (1/2),,SIN MARCA IDENTIFICADA,FITROS Y REGULADORES,350.32,true,Activo,SIN MARCA IDENTIFICADA,189
SIN MARCA IDENTIFICADA-DR2000-2,SIN MARCA IDENTIFICADA-DR2000-2,DR2000-2,REGULADOR DR-2000-2 (1/4),,SIN MARCA IDENTIFICADA,FITROS Y REGULADORES,346.50,true,Activo,SIN MARCA IDENTIFICADA,190
SIN MARCA IDENTIFICADA-DFC4000-2,SIN MARCA IDENTIFICADA-DFC4000-2,DFC4000-2,UNIDAD DE SERVICIO DFC-4000-2 (1/4) FILTRO Y REGULADOR,,SIN MARCA IDENTIFICADA,FITROS Y REGULADORES,1039.50,true,Activo,SIN MARCA IDENTIFICADA,191
SIN MARCA IDENTIFICADA-DFC4000-4,SIN MARCA IDENTIFICADA-DFC4000-4,DFC4000-4,UNIDAD DE SERVICIO DFC-4000-4 (1/2) FILTRO Y REGULADOR,,SIN MARCA IDENTIFICADA,FITROS Y REGULADORES,1039.50,true,Activo,SIN MARCA IDENTIFICADA,192
SIN MARCA IDENTIFICADA-DFC4000-6,SIN MARCA IDENTIFICADA-DFC4000-6,DFC4000-6,UNIDAD DE SERVICIO DFC-4000-6 (3/4) FILTRO Y REGULADOR,,SIN MARCA IDENTIFICADA,FITROS Y REGULADORES,1039.50,true,Activo,SIN MARCA IDENTIFICADA,193
SIN MARCA IDENTIFICADA-DFC2000-2,SIN MARCA IDENTIFICADA-DFC2000-2,DFC2000-2,UNIDAD DE SERVICIO DFC-2000-2 (1/4) FILTRO Y REGULADOR,,SIN MARCA IDENTIFICADA,FITROS Y REGULADORES,635.25,true,Activo,SIN MARCA IDENTIFICADA,194
SIN MARCA IDENTIFICADA-DFC6000-6,SIN MARCA IDENTIFICADA-DFC6000-6,DFC6000-6,UNIDAD DE SERVICIO DFC-6000-6 (3/4) FILTRO Y REGULADOR,,SIN MARCA IDENTIFICADA,FITROS Y REGULADORES,1392.00,true,Activo,SIN MARCA IDENTIFICADA,195
SIN MARCA IDENTIFICADA-32A,SIN MARCA IDENTIFICADA-32A,32A,MARCADOR DE LLANTA ELRICK,,SIN MARCA IDENTIFICADA,MARCADORES,12000.00,true,Activo,SIN MARCA IDENTIFICADA,197
SIN MARCA IDENTIFICADA-E32A,SIN MARCA IDENTIFICADA-E32A,E32A,MARCADOR CABEZA DE CEBOLLA,,SIN MARCA IDENTIFICADA,MARCADORES,3650.00,true,Activo,SIN MARCA IDENTIFICADA,198
SIN MARCA IDENTIFICADA-20E1,SIN MARCA IDENTIFICADA-20E1,20E1,MARCADOR DE LLANTA CON LETRAS 1”,,SIN MARCA IDENTIFICADA,MARCADORES,5684.00,true,Activo,SIN MARCA IDENTIFICADA,199
SIN MARCA IDENTIFICADA-20E2,SIN MARCA IDENTIFICADA-20E2,20E2,MARCADOR DE LLANTA CON LETRAS 1⁄2,,SIN MARCA IDENTIFICADA,MARCADORES,5433.44,true,Activo,SIN MARCA IDENTIFICADA,200
SIN MARCA IDENTIFICADA-NL-3,SIN MARCA IDENTIFICADA-NL-3,NL-3,LETRAS Y NUMEROS P MARCADOR (PIZA),,SIN MARCA IDENTIFICADA,MARCADORES,155.44,true,Activo,SIN MARCA IDENTIFICADA,201
SIN MARCA IDENTIFICADA-EEL45835,SIN MARCA IDENTIFICADA-EEL45835,EEL45835,RESISTENCIA PARA MARCADOR ELRICK 1”,,SIN MARCA IDENTIFICADA,MARCADORES,893.00,true,Activo,SIN MARCA IDENTIFICADA,202
SIN MARCA IDENTIFICADA-6794-2,SIN MARCA IDENTIFICADA-6794-2,6794-2,TORNILLO MINIEXTRUDER,,SIN MARCA IDENTIFICADA,MARCADORES,2877.00,true,Activo,SIN MARCA IDENTIFICADA,203
SIN MARCA IDENTIFICADA-6794-1,SIN MARCA IDENTIFICADA-6794-1,6794-1,RESISTENCIA P MINIESTRUDER,,SIN MARCA IDENTIFICADA,MARCADORES,1700.00,true,Activo,SIN MARCA IDENTIFICADA,204
SIN MARCA IDENTIFICADA-6794-3,SIN MARCA IDENTIFICADA-6794-3,6794-3,TERMOSTATO PARA MINIEXTRUDER,,SIN MARCA IDENTIFICADA,MARCADORES,1760.00,true,Activo,SIN MARCA IDENTIFICADA,205
SIN MARCA IDENTIFICADA-EEL45617,SIN MARCA IDENTIFICADA-EEL45617,EEL45617,RESISTENCIA PARA MARCADOR ELRICK 1” TIPO CARTUCHO,,SIN MARCA IDENTIFICADA,MARCADORES,825.00,true,Activo,SIN MARCA IDENTIFICADA,206
SIN MARCA IDENTIFICADA-ML-1,SIN MARCA IDENTIFICADA-ML-1,ML-1,MARCADOR DE LLANTAS LASER,,SIN MARCA IDENTIFICADA,MARCADORES,55000.00,true,Activo,SIN MARCA IDENTIFICADA,207
SIN MARCA IDENTIFICADA-ME6794,SIN MARCA IDENTIFICADA-ME6794,ME6794,MINI EXTRUDER CHICAGO,,SIN MARCA IDENTIFICADA,MARCADORES,32700.00,true,Activo,SIN MARCA IDENTIFICADA,208
SIN MARCA IDENTIFICADA-IHH1,SIN MARCA IDENTIFICADA-IHH1,IHH1,CABEZAS P/GURVIA #1 AL #5 12 PIEZAS,,SIN MARCA IDENTIFICADA,GURVIAS,257.75,true,Activo,SIN MARCA IDENTIFICADA,210
SIN MARCA IDENTIFICADA-IHH13,SIN MARCA IDENTIFICADA-IHH13,IHH13,CABEZA PARA GURBIA PROFESIONAL,,SIN MARCA IDENTIFICADA,GURVIAS,1345.60,true,Activo,SIN MARCA IDENTIFICADA,211
SIN MARCA IDENTIFICADA-IHH6,SIN MARCA IDENTIFICADA-IHH6,IHH6,CABEZAS P/GURVIA #6 AL #12,,SIN MARCA IDENTIFICADA,GURVIAS,336.17,true,Activo,SIN MARCA IDENTIFICADA,212
SIN MARCA IDENTIFICADA-SIN-CODIGO-0213,SIN MARCA IDENTIFICADA-SIN-CODIGO-0213,SIN-CODIGO-0213,CUCHILLAS PARA GURVIA DEL 1 al 5 (12PZ),Nota de migracion: Código faltante en origen,SIN MARCA IDENTIFICADA,GURVIAS,236.64,false,Pendiente,SIN MARCA IDENTIFICADA,213
SIN MARCA IDENTIFICADA-TD40RG,SIN MARCA IDENTIFICADA-TD40RG,TD40RG,GURVIA PROFESIONAL,,SIN MARCA IDENTIFICADA,GURVIAS,7484.30,true,Activo,SIN MARCA IDENTIFICADA,214
SIN MARCA IDENTIFICADA-PHH1,SIN MARCA IDENTIFICADA-PHH1,PHH1,CUCHILLAS P/GURVIA PROFESSIONAL,,SIN MARCA IDENTIFICADA,GURVIAS,320.00,true,Activo,SIN MARCA IDENTIFICADA,215
SIN MARCA IDENTIFICADA-IHK125,SIN MARCA IDENTIFICADA-IHK125,IHK125,GURBIA CHICA,,SIN MARCA IDENTIFICADA,GURVIAS,2610.00,true,Activo,SIN MARCA IDENTIFICADA,216
SIN MARCA IDENTIFICADA-111202,SIN MARCA IDENTIFICADA-111202,111202,"PIN 1/4"" 4"" LARGO PARA CUCHILLA 425",,SIN MARCA IDENTIFICADA,GURVIAS,84.68,true,Activo,SIN MARCA IDENTIFICADA,217
SIN MARCA IDENTIFICADA-111201,SIN MARCA IDENTIFICADA-111201,111201,"1/4"" PIN 3-3/4 LARGO PARA CUCHILLA BJ 425",,SIN MARCA IDENTIFICADA,GURVIAS,84.68,true,Activo,SIN MARCA IDENTIFICADA,218
SIN MARCA IDENTIFICADA-111310 R4,SIN MARCA IDENTIFICADA-111310 R4,111310 R4,ESPACEADORES,,SIN MARCA IDENTIFICADA,GURVIAS,179.80,true,Activo,SIN MARCA IDENTIFICADA,219
SIN MARCA IDENTIFICADA-W6,SIN MARCA IDENTIFICADA-W6,W6,CUCHILLAS #6 AL #12 (12 PZ),,SIN MARCA IDENTIFICADA,GURVIAS,361.80,true,Activo,SIN MARCA IDENTIFICADA,220
SIN MARCA IDENTIFICADA-GBH50,SIN MARCA IDENTIFICADA-GBH50,GBH50,GATO BOTELLA 50 TON,,SIN MARCA IDENTIFICADA,GATOS,2586.80,true,Activo,SIN MARCA IDENTIFICADA,222
SIN MARCA IDENTIFICADA-GBC35,SIN MARCA IDENTIFICADA-GBC35,GBC35,GATO DE BOTELLA CHAPARRO 35 TON,,SIN MARCA IDENTIFICADA,GATOS,1540.00,true,Activo,SIN MARCA IDENTIFICADA,223
SIN MARCA IDENTIFICADA-GBC50,SIN MARCA IDENTIFICADA-GBC50,GBC50,GATO DE BOTELLA CHAPARRO 50 TON,,SIN MARCA IDENTIFICADA,GATOS,2400.00,true,Activo,SIN MARCA IDENTIFICADA,224
SIN MARCA IDENTIFICADA-GBT20,SIN MARCA IDENTIFICADA-GBT20,GBT20,GBT12 GATO TAMMER 20 TON DE BOTELLA,,SIN MARCA IDENTIFICADA,GATOS,2168.00,true,Activo,SIN MARCA IDENTIFICADA,225
SIN MARCA IDENTIFICADA-GBT12,SIN MARCA IDENTIFICADA-GBT12,GBT12,GBT12 GATO TAMMER 12 TON DE BOTELLA,,SIN MARCA IDENTIFICADA,GATOS,1519.00,true,Activo,SIN MARCA IDENTIFICADA,226
SIN MARCA IDENTIFICADA-GBH32,SIN MARCA IDENTIFICADA-GBH32,GBH32,GATO BOTELLA 32 TN,,SIN MARCA IDENTIFICADA,GATOS,1340.40,true,Activo,SIN MARCA IDENTIFICADA,227
SIN MARCA IDENTIFICADA-GP01,SIN MARCA IDENTIFICADA-GP01,GP01,GATO PATIN 2 TON CON ESTUCHE,,SIN MARCA IDENTIFICADA,GATOS,1189.00,true,Activo,SIN MARCA IDENTIFICADA,228
SIN MARCA IDENTIFICADA-GP07,SIN MARCA IDENTIFICADA-GP07,GP07,GATO PATIN 2.5 TON 14KG,,SIN MARCA IDENTIFICADA,GATOS,1021.96,true,Activo,SIN MARCA IDENTIFICADA,229
SIN MARCA IDENTIFICADA-GP02,SIN MARCA IDENTIFICADA-GP02,GP02,GATO PATIN 3 ESTRELLA PERFIL NORMAL,,SIN MARCA IDENTIFICADA,GATOS,2473.12,true,Activo,SIN MARCA IDENTIFICADA,230
SIN MARCA IDENTIFICADA-GP03,SIN MARCA IDENTIFICADA-GP03,GP03,GATO PATIN 3 TON BAJO PERFIL PISTON SENCILLO,,SIN MARCA IDENTIFICADA,GATOS,2847.80,true,Activo,SIN MARCA IDENTIFICADA,231
SIN MARCA IDENTIFICADA-GP08,SIN MARCA IDENTIFICADA-GP08,GP08,GATO PATIN 3.5 TON PB,,SIN MARCA IDENTIFICADA,GATOS,3930.00,true,Activo,SIN MARCA IDENTIFICADA,232
SIN MARCA IDENTIFICADA-GP09,SIN MARCA IDENTIFICADA-GP09,GP09,GATO PATIN 3.5 T EXTRABAJO,,SIN MARCA IDENTIFICADA,GATOS,3930.00,true,Activo,SIN MARCA IDENTIFICADA,233
SIN MARCA IDENTIFICADA-GP04,SIN MARCA IDENTIFICADA-GP04,GP04,GATO ALUMINIO 3 TON BAJO PERFIL,,SIN MARCA IDENTIFICADA,GATOS,5497.20,true,Activo,SIN MARCA IDENTIFICADA,234
SIN MARCA IDENTIFICADA-GP05,SIN MARCA IDENTIFICADA-GP05,GP05,GATO PATIN 3 TON DOBLE PISTON,,SIN MARCA IDENTIFICADA,GATOS,2565.92,true,Activo,SIN MARCA IDENTIFICADA,235
SIN MARCA IDENTIFICADA-GP13,SIN MARCA IDENTIFICADA-GP13,GP13,GATO 3 TON DE BOLSA DE AIRE,,SIN MARCA IDENTIFICADA,GATOS,1050.00,true,Activo,SIN MARCA IDENTIFICADA,236
SIN MARCA IDENTIFICADA-GP13-PB,SIN MARCA IDENTIFICADA-GP13-PB,GP13-PB,GATO 3 TON DE BOLSA DE AIRE 2 BOLSAS,,SIN MARCA IDENTIFICADA,GATOS,1490.00,true,Activo,SIN MARCA IDENTIFICADA,237
SIN MARCA IDENTIFICADA-GP15,SIN MARCA IDENTIFICADA-GP15,GP15,GATO 5 TON DE BOLSA DE AIRE,,SIN MARCA IDENTIFICADA,GATOS,2640.00,true,Activo,SIN MARCA IDENTIFICADA,238
SIN MARCA IDENTIFICADA-GHB35,SIN MARCA IDENTIFICADA-GHB35,GHB35,GATO PATIN HIDRONEUMATICO 35 TON,,SIN MARCA IDENTIFICADA,GATOS,6160.00,true,Activo,SIN MARCA IDENTIFICADA,239
SIN MARCA IDENTIFICADA-GH35,SIN MARCA IDENTIFICADA-GH35,GH35,GATO HIDRONEUMATICO 35 TON BOTELLA,,SIN MARCA IDENTIFICADA,GATOS,3500.00,true,Activo,SIN MARCA IDENTIFICADA,240
SIN MARCA IDENTIFICADA-GH50,SIN MARCA IDENTIFICADA-GH50,GH50,GATO HIDRONEUMATICO 50 TON BOTELLA,,SIN MARCA IDENTIFICADA,GATOS,5800.00,true,Activo,SIN MARCA IDENTIFICADA,241
SIN MARCA IDENTIFICADA-GE20T,SIN MARCA IDENTIFICADA-GE20T,GE20T,GATO DE ESCALERA (MECANICO) 20T SIN MANERAL,,SIN MARCA IDENTIFICADA,GATOS,4390.00,true,Activo,SIN MARCA IDENTIFICADA,242
SIN MARCA IDENTIFICADA-GE10T,SIN MARCA IDENTIFICADA-GE10T,GE10T,GATO DE ESCALERA (MECANICO) 10T SIN MANERAL,,SIN MARCA IDENTIFICADA,GATOS,2930.00,true,Activo,SIN MARCA IDENTIFICADA,243
SIN MARCA IDENTIFICADA-GE5T,SIN MARCA IDENTIFICADA-GE5T,GE5T,GATO DE ESCALERA (MECANICO) 5T SIN MANERAL,,SIN MARCA IDENTIFICADA,GATOS,2090.00,true,Activo,SIN MARCA IDENTIFICADA,244
SIN MARCA IDENTIFICADA-GE20T-1,SIN MARCA IDENTIFICADA-GE20T-1,GE20T-1,MANERAL GATO 20T DE ESCALERA O MECANICO,,SIN MARCA IDENTIFICADA,GATOS,504.60,true,Activo,SIN MARCA IDENTIFICADA,245
SIN MARCA IDENTIFICADA-GE5T-1,SIN MARCA IDENTIFICADA-GE5T-1,GE5T-1,MANERAL GATO 5Y 10T DE ESCALERA O MECANICO,,SIN MARCA IDENTIFICADA,GATOS,406.00,true,Activo,SIN MARCA IDENTIFICADA,246
SIN MARCA IDENTIFICADA-PH2,SIN MARCA IDENTIFICADA-PH2,PH2,PLUMA HIDRAULICA 2 TONELADAS,,SIN MARCA IDENTIFICADA,GATOS,3400.00,true,Activo,SIN MARCA IDENTIFICADA,247
SIN MARCA IDENTIFICADA-GT11,SIN MARCA IDENTIFICADA-GT11,GT11,GATO DE TRANSMISION 0.5T,,SIN MARCA IDENTIFICADA,GATOS,3142.44,true,Activo,SIN MARCA IDENTIFICADA,248
SIN MARCA IDENTIFICADA-GT11-2,SIN MARCA IDENTIFICADA-GT11-2,GT11-2,GP11-2 GATO PATIN TRANSMISION 2 TON,,SIN MARCA IDENTIFICADA,GATOS,11560.00,true,Activo,SIN MARCA IDENTIFICADA,249
SIN MARCA IDENTIFICADA-PG-1,SIN MARCA IDENTIFICADA-PG-1,PG-1,PATIN 3 TON,,SIN MARCA IDENTIFICADA,GATOS,7499.40,true,Activo,SIN MARCA IDENTIFICADA,250
SIN MARCA IDENTIFICADA-TAC3,SIN MARCA IDENTIFICADA-TAC3,TAC3,TORRES 3 TON.(PAR),,SIN MARCA IDENTIFICADA,TORRES,372.00,true,Activo,SIN MARCA IDENTIFICADA,253
SIN MARCA IDENTIFICADA-TAC6,SIN MARCA IDENTIFICADA-TAC6,TAC6,TORRES 6 TON (PAR),,SIN MARCA IDENTIFICADA,TORRES,624.00,true,Activo,SIN MARCA IDENTIFICADA,254
SIN MARCA IDENTIFICADA-TAA3,SIN MARCA IDENTIFICADA-TAA3,TAA3,TORRES DE ALUMINIO PARA AUTOMOVIL 3 TON,,SIN MARCA IDENTIFICADA,TORRES,1061.40,true,Activo,SIN MARCA IDENTIFICADA,255
SIN MARCA IDENTIFICADA-SCC01,SIN MARCA IDENTIFICADA-SCC01,SCC01,TOPE DE HULE PARA CAMION (PIEZA),,SIN MARCA IDENTIFICADA,TORRES,140.00,true,Activo,SIN MARCA IDENTIFICADA,256
SIN MARCA IDENTIFICADA-TAC22,SIN MARCA IDENTIFICADA-TAC22,TAC22,TORRE 22 TONELADAS CAMION (PIEZA),,SIN MARCA IDENTIFICADA,TORRES,1480.00,true,Activo,SIN MARCA IDENTIFICADA,257
SIN MARCA IDENTIFICADA-RM1,SIN MARCA IDENTIFICADA-RM1,RM1,PLATAFORMA HIDRAULICA MOTOCICLETA 1000LBS,,SIN MARCA IDENTIFICADA,RAMPAS,10342.56,true,Activo,SIN MARCA IDENTIFICADA,259
SIN MARCA IDENTIFICADA-RM2,SIN MARCA IDENTIFICADA-RM2,RM2,PEDESTAL DE LEBVACION PARA MOTO 360LBS,,SIN MARCA IDENTIFICADA,RAMPAS,685.56,true,Activo,SIN MARCA IDENTIFICADA,260
SIN MARCA IDENTIFICADA-RM10,SIN MARCA IDENTIFICADA-RM10,RM10,SOPORTE UNIVERSAL PARA MOTO,,SIN MARCA IDENTIFICADA,RAMPAS,810.84,true,Activo,SIN MARCA IDENTIFICADA,261
SIN MARCA IDENTIFICADA-RM3,SIN MARCA IDENTIFICADA-RM3,RM3,GATO PARA MOTOCICLETA Y CUATRIMOTO 1500LBS,,SIN MARCA IDENTIFICADA,RAMPAS,2806.04,true,Activo,SIN MARCA IDENTIFICADA,262
SIN MARCA IDENTIFICADA-E67800,SIN MARCA IDENTIFICADA-E67800,E67800,"MULTIPLICADOR DE FUERZA DE CAMION 7,800 NEWTONS",,SIN MARCA IDENTIFICADA,MULTIPLICADOR DE FUERZA,1699.00,true,Activo,SIN MARCA IDENTIFICADA,265
SIN MARCA IDENTIFICADA-E67301,SIN MARCA IDENTIFICADA-E67301,E67301,MULTIPLICADOR DE FUERZA DE COCHE,,SIN MARCA IDENTIFICADA,MULTIPLICADOR DE FUERZA,1210.00,true,Activo,SIN MARCA IDENTIFICADA,266
SIN MARCA IDENTIFICADA-E24,SIN MARCA IDENTIFICADA-E24,E24,"LLAVE ELECTRICA C/TORQUIMETRO PARA CAMION 1""",,SIN MARCA IDENTIFICADA,MULTIPLICADOR DE FUERZA,13821.00,true,Activo,SIN MARCA IDENTIFICADA,267
SIN MARCA IDENTIFICADA-E65300K,SIN MARCA IDENTIFICADA-E65300K,E65300K,"MULTIPLICADOR CON 8 DADOS 21,24,27,30,32,33,38,41",,SIN MARCA IDENTIFICADA,MULTIPLICADOR DE FUERZA,1368.00,true,Activo,SIN MARCA IDENTIFICADA,268
SIN MARCA IDENTIFICADA-LIE3,SIN MARCA IDENTIFICADA-LIE3,LIE3,LLAVE ELECTRICA DE 1/2,,SIN MARCA IDENTIFICADA,PISTOLAS ELECTRICAS,2407.00,true,Activo,SIN MARCA IDENTIFICADA,271
SIN MARCA IDENTIFICADA-PE700,SIN MARCA IDENTIFICADA-PE700,PE700,PE700 PISTOLA ROJA ELECTRICA 1/2,,SIN MARCA IDENTIFICADA,PISTOLAS ELECTRICAS,3280.00,true,Activo,SIN MARCA IDENTIFICADA,272
SIN MARCA IDENTIFICADA-PE1600,SIN MARCA IDENTIFICADA-PE1600,PE1600,PISTOLA ROJA ELECTRICA 3/4,,SIN MARCA IDENTIFICADA,PISTOLAS ELECTRICAS,3800.00,true,Activo,SIN MARCA IDENTIFICADA,273
SIN MARCA IDENTIFICADA-CAG4,SIN MARCA IDENTIFICADA-CAG4,CAG4,CAH4 CAJA HERRAMIENTAS CON HERRAMIENTAS,,SIN MARCA IDENTIFICADA,CAJAS DE HERRAMINETAS,19600.00,true,Activo,SIN MARCA IDENTIFICADA,276
SIN MARCA IDENTIFICADA-CAH2,SIN MARCA IDENTIFICADA-CAH2,CAH2,CAH2 CAJA DE HERRAMIENTA GRANDE,,SIN MARCA IDENTIFICADA,CAJAS DE HERRAMINETAS,9280.00,true,Activo,SIN MARCA IDENTIFICADA,277
SIN MARCA IDENTIFICADA-CAH3,SIN MARCA IDENTIFICADA-CAH3,CAH3,CAJA DE HERRAMIENTAS,,SIN MARCA IDENTIFICADA,CAJAS DE HERRAMINETAS,3828.00,true,Activo,SIN MARCA IDENTIFICADA,278
SIN MARCA IDENTIFICADA-CAH1,SIN MARCA IDENTIFICADA-CAH1,CAH1,CAJA DE HERRAMIENTAS CHICA,,SIN MARCA IDENTIFICADA,CAJAS DE HERRAMINETAS,2734.00,true,Activo,SIN MARCA IDENTIFICADA,279
SIN MARCA IDENTIFICADA-TNT100,SIN MARCA IDENTIFICADA-TNT100,TNT100,BARRAS DESMONTADORAS(24.5) TNT,,SIN MARCA IDENTIFICADA,HERRAMIENTAS,2842.00,true,Activo,SIN MARCA IDENTIFICADA,281
SIN MARCA IDENTIFICADA-TNT100 AT,SIN MARCA IDENTIFICADA-TNT100 AT,TNT100 AT,TNT100 AT 3 PZ TNT BARRAS DESMONTADORAS(24.5),,SIN MARCA IDENTIFICADA,HERRAMIENTAS,1920.00,true,Activo,SIN MARCA IDENTIFICADA,282
SIN MARCA IDENTIFICADA-TNT12880,SIN MARCA IDENTIFICADA-TNT12880,TNT12880,BARRAS TNT TIPO GAITER,,SIN MARCA IDENTIFICADA,HERRAMIENTAS,3190.00,true,Activo,SIN MARCA IDENTIFICADA,283
SIN MARCA IDENTIFICADA-TNT1003,SIN MARCA IDENTIFICADA-TNT1003,TNT1003,RUEDAS PARA EL TNT,,SIN MARCA IDENTIFICADA,HERRAMIENTAS,150.00,true,Activo,SIN MARCA IDENTIFICADA,284
SIN MARCA IDENTIFICADA-ET26N,SIN MARCA IDENTIFICADA-ET26N,ET26N,BAZUKA NEUMATICA (DESTALONADORA DE GOLPE),,SIN MARCA IDENTIFICADA,HERRAMIENTAS,2000.00,true,Activo,SIN MARCA IDENTIFICADA,285
SIN MARCA IDENTIFICADA-70140,SIN MARCA IDENTIFICADA-70140,70140,SUJETA CEJAS,,SIN MARCA IDENTIFICADA,HERRAMIENTAS,280.49,true,Activo,SIN MARCA IDENTIFICADA,286
SIN MARCA IDENTIFICADA-ET26B,SIN MARCA IDENTIFICADA-ET26B,ET26B,BAZUKA (BARRA DE GOLPE),,SIN MARCA IDENTIFICADA,HERRAMIENTAS,920.00,true,Activo,SIN MARCA IDENTIFICADA,287
SIN MARCA IDENTIFICADA-ET26E,SIN MARCA IDENTIFICADA-ET26E,ET26E,ET26E BARRA DE GOLPE CORTA GRIS,,SIN MARCA IDENTIFICADA,HERRAMIENTAS,644.00,true,Activo,SIN MARCA IDENTIFICADA,288
SIN MARCA IDENTIFICADA-ET27,SIN MARCA IDENTIFICADA-ET27,ET27,PALANCA PARA ENDEREZAR RINES,,SIN MARCA IDENTIFICADA,HERRAMIENTAS,2958.00,true,Activo,SIN MARCA IDENTIFICADA,289
SIN MARCA IDENTIFICADA-TG11E,SIN MARCA IDENTIFICADA-TG11E,TG11E,MARRO TALACHERO MANGO FIBRA DE VIDRIO,,SIN MARCA IDENTIFICADA,HERRAMIENTAS,560.98,true,Activo,SIN MARCA IDENTIFICADA,290
SIN MARCA IDENTIFICADA-T11K,SIN MARCA IDENTIFICADA-T11K,T11K,MARRO TALACHERO MANGO ACERO,,SIN MARCA IDENTIFICADA,HERRAMIENTAS,617.11,true,Activo,SIN MARCA IDENTIFICADA,291
SIN MARCA IDENTIFICADA-T11ES,SIN MARCA IDENTIFICADA-T11ES,T11ES,MARRO TALACHERO MADERA,,SIN MARCA IDENTIFICADA,HERRAMIENTAS,487.00,true,Activo,SIN MARCA IDENTIFICADA,292
SIN MARCA IDENTIFICADA-T11ESHE,SIN MARCA IDENTIFICADA-T11ESHE,T11ESHE,MANGO MADERA MARRO TALACHERO,,SIN MARCA IDENTIFICADA,HERRAMIENTAS,116.00,true,Activo,SIN MARCA IDENTIFICADA,293
SIN MARCA IDENTIFICADA-TG11BHE,SIN MARCA IDENTIFICADA-TG11BHE,TG11BHE,MANGO FIBRA DE VIDRIO PARA MARRO TALACHERO,,SIN MARCA IDENTIFICADA,HERRAMIENTAS,220.40,true,Activo,SIN MARCA IDENTIFICADA,294
SIN MARCA IDENTIFICADA-MC250,SIN MARCA IDENTIFICADA-MC250,MC250,MAZO CABEL,,SIN MARCA IDENTIFICADA,HERRAMIENTAS,444.28,true,Activo,SIN MARCA IDENTIFICADA,295
SIN MARCA IDENTIFICADA-MTC250,SIN MARCA IDENTIFICADA-MTC250,MTC250,MAZO TIPO CABEL,,SIN MARCA IDENTIFICADA,HERRAMIENTAS,191.00,true,Activo,SIN MARCA IDENTIFICADA,296
SIN MARCA IDENTIFICADA-MCH0,SIN MARCA IDENTIFICADA-MCH0,MCH0,MAZO DE HULE,,SIN MARCA IDENTIFICADA,HERRAMIENTAS,82.50,true,Activo,SIN MARCA IDENTIFICADA,297
SIN MARCA IDENTIFICADA-MTC250~2,SIN MARCA IDENTIFICADA-MTC250,MTC250,REPUESTO MAZO TIPO CABEL 250,,SIN MARCA IDENTIFICADA,HERRAMIENTAS,30.16,true,Activo,SIN MARCA IDENTIFICADA,298
SIN MARCA IDENTIFICADA-CM250,SIN MARCA IDENTIFICADA-CM250,CM250,REPUESTO DE MAZO CABEL,,SIN MARCA IDENTIFICADA,HERRAMIENTAS,77.00,true,Activo,SIN MARCA IDENTIFICADA,299
SIN MARCA IDENTIFICADA-EM400,SIN MARCA IDENTIFICADA-EM400,EM400,ESPATULAS PARA MOTO (2 PIEZAS),,SIN MARCA IDENTIFICADA,HERRAMIENTAS,120.00,true,Activo,SIN MARCA IDENTIFICADA,300
SIN MARCA IDENTIFICADA-EM250,SIN MARCA IDENTIFICADA-EM250,EM250,ESPATULA PARA MOTO CROMADA 250 MM (PAR),,SIN MARCA IDENTIFICADA,HERRAMIENTAS,110.20,true,Activo,SIN MARCA IDENTIFICADA,301
SIN MARCA IDENTIFICADA-EM350,SIN MARCA IDENTIFICADA-EM350,EM350,ESPATULA PARA MOTO CROMADA 350 MM (PAR),,SIN MARCA IDENTIFICADA,HERRAMIENTAS,120.64,true,Activo,SIN MARCA IDENTIFICADA,302
SIN MARCA IDENTIFICADA-EMMAN,SIN MARCA IDENTIFICADA-EMMAN,EMMAN,ESPATULA PARA MOTO DE LUJO (2PZ),,SIN MARCA IDENTIFICADA,HERRAMIENTAS,287.00,true,Activo,SIN MARCA IDENTIFICADA,303
SIN MARCA IDENTIFICADA-E7600,SIN MARCA IDENTIFICADA-E7600,E7600,OPRESOR DE RESORTES DE PARED TIPO BARNICK,,SIN MARCA IDENTIFICADA,HERRAMIENTAS,5520.00,true,Activo,SIN MARCA IDENTIFICADA,304
SIN MARCA IDENTIFICADA-OPR-1,SIN MARCA IDENTIFICADA-OPR-1,OPR-1,OPRESOR DE RESORTES,,SIN MARCA IDENTIFICADA,HERRAMIENTAS,1700.00,true,Activo,SIN MARCA IDENTIFICADA,305
SIN MARCA IDENTIFICADA-OPR-2,SIN MARCA IDENTIFICADA-OPR-2,OPR-2,OPRESOR DE RESORTES,,SIN MARCA IDENTIFICADA,HERRAMIENTAS,1700.00,true,Activo,SIN MARCA IDENTIFICADA,306
SIN MARCA IDENTIFICADA-OPR-3,SIN MARCA IDENTIFICADA-OPR-3,OPR-3,OPRESOR DE RESORTES,,SIN MARCA IDENTIFICADA,HERRAMIENTAS,2610.00,true,Activo,SIN MARCA IDENTIFICADA,307
SIN MARCA IDENTIFICADA-VAC1,SIN MARCA IDENTIFICADA-VAC1,VAC1,ASPIRADORA NEUMATICA DE POLVO,,SIN MARCA IDENTIFICADA,HERRAMIENTAS,754.00,true,Activo,SIN MARCA IDENTIFICADA,308
SIN MARCA IDENTIFICADA-WLCH,SIN MARCA IDENTIFICADA-WLCH,WLCH,INDICADOR DE TORQUE,,SIN MARCA IDENTIFICADA,HERRAMIENTAS,8.00,true,Activo,SIN MARCA IDENTIFICADA,309
SIN MARCA IDENTIFICADA-PER4,SIN MARCA IDENTIFICADA-PER4,PER4,"PASADOR DE ALINEACION, HERRAMIENTA DE CAMBIO DE RUEDA",,SIN MARCA IDENTIFICADA,HERRAMIENTAS,330.00,true,Activo,SIN MARCA IDENTIFICADA,310
SIN MARCA IDENTIFICADA-CHH1,SIN MARCA IDENTIFICADA-CHH1,CHH1,"CARRITO PARA LLAVES DE IMPACTO DE 1""",,SIN MARCA IDENTIFICADA,HERRAMIENTAS,1470.00,true,Activo,SIN MARCA IDENTIFICADA,311
SIN MARCA IDENTIFICADA-JT110-4,SIN MARCA IDENTIFICADA-JT110-4,JT110-4,JAULA DE INFLADO 4 BARRAS,,SIN MARCA IDENTIFICADA,HERRAMIENTAS,13800.00,true,Activo,SIN MARCA IDENTIFICADA,312
SIN MARCA IDENTIFICADA-JT110-4~2,SIN MARCA IDENTIFICADA-JT110-4,JT110-4,JAULA DE INFLADO 5 BARRAS,,SIN MARCA IDENTIFICADA,HERRAMIENTAS,17600.00,true,Activo,SIN MARCA IDENTIFICADA,313
SIN MARCA IDENTIFICADA-CH-5,SIN MARCA IDENTIFICADA-CH-5,CH-5,TANQUE DE INFLADO CHAMPION (CHEETA) CON PALANCA,,SIN MARCA IDENTIFICADA,TANQUES DE INFLADO,1821.20,true,Activo,SIN MARCA IDENTIFICADA,315
SIN MARCA IDENTIFICADA-CH-7.5,SIN MARCA IDENTIFICADA-CH-7.5,CH-7.5,TANQUE DE INFLADO CHAMPION (CHEETA) CON PALANCA,,SIN MARCA IDENTIFICADA,TANQUES DE INFLADO,1821.00,true,Activo,SIN MARCA IDENTIFICADA,316
SIN MARCA IDENTIFICADA-BS-5,SIN MARCA IDENTIFICADA-BS-5,BS-5,TANQUE DE INFLADO CHAMPION (CHEETA) CON BOTON,,SIN MARCA IDENTIFICADA,TANQUES DE INFLADO,2273.60,true,Activo,SIN MARCA IDENTIFICADA,317
SIN MARCA IDENTIFICADA-BB12L,SIN MARCA IDENTIFICADA-BB12L,BB12L,TANQUE DE INFLADO (CHEETA) DE BAZOOKA,,SIN MARCA IDENTIFICADA,TANQUES DE INFLADO,2900.00,true,Activo,SIN MARCA IDENTIFICADA,318
SIN MARCA IDENTIFICADA-CH-10,SIN MARCA IDENTIFICADA-CH-10,CH-10,TANQUE DE INFLADO CHAMPION(CHEETA) 10 GALONES,,SIN MARCA IDENTIFICADA,TANQUES DE INFLADO,2850.12,true,Activo,SIN MARCA IDENTIFICADA,319
SIN MARCA IDENTIFICADA-VBS5,SIN MARCA IDENTIFICADA-VBS5,VBS5,VALVULA DE BOTON P/TANQUE CHEETA,,SIN MARCA IDENTIFICADA,TANQUES DE INFLADO,559.00,true,Activo,SIN MARCA IDENTIFICADA,320
SIN MARCA IDENTIFICADA-BCH5,SIN MARCA IDENTIFICADA-BCH5,BCH5,BOQUILLA DE CHEETA (RECTA),,SIN MARCA IDENTIFICADA,TANQUES DE INFLADO,232.00,true,Activo,SIN MARCA IDENTIFICADA,321
SIN MARCA IDENTIFICADA-BCH5-U,SIN MARCA IDENTIFICADA-BCH5-U,BCH5-U,"BCH5-U BOQUILLA EN ""U"" DE CHEETA EN",,SIN MARCA IDENTIFICADA,TANQUES DE INFLADO,457.00,true,Activo,SIN MARCA IDENTIFICADA,322
SIN MARCA IDENTIFICADA-CH-5 AT,SIN MARCA IDENTIFICADA-CH-5 AT,CH-5 AT,CHEETA ECONOMICO,,SIN MARCA IDENTIFICADA,TANQUES DE INFLADO,1300.00,true,Activo,SIN MARCA IDENTIFICADA,323
SIN MARCA IDENTIFICADA-CH-10 AT,SIN MARCA IDENTIFICADA-CH-10 AT,CH-10 AT,CHEETA ECONOMICO 10 GALONES,,SIN MARCA IDENTIFICADA,TANQUES DE INFLADO,1700.00,true,Activo,SIN MARCA IDENTIFICADA,324
SIN MARCA IDENTIFICADA-BB12L-B,SIN MARCA IDENTIFICADA-BB12L-B,BB12L-B,TANQUE DE INFLADO (CHEETA) DE BAZOOKA DE BOTON,,SIN MARCA IDENTIFICADA,TANQUES DE INFLADO,1470.00,true,Activo,SIN MARCA IDENTIFICADA,325
SIN MARCA IDENTIFICADA-5212,SIN MARCA IDENTIFICADA-5212,5212,PRENSA HIDRAULICA 12,,SIN MARCA IDENTIFICADA,PRENSA HIDRAULICA,2425.00,true,Activo,SIN MARCA IDENTIFICADA,327
SIN MARCA IDENTIFICADA-5220,SIN MARCA IDENTIFICADA-5220,5220,PRENSA HIDRAULICA 20,,SIN MARCA IDENTIFICADA,PRENSA HIDRAULICA,4199.00,true,Activo,SIN MARCA IDENTIFICADA,328
SIN MARCA IDENTIFICADA-5230,SIN MARCA IDENTIFICADA-5230,5230,PRENSA HIDRAULICA 30,,SIN MARCA IDENTIFICADA,PRENSA HIDRAULICA,5880.00,true,Activo,SIN MARCA IDENTIFICADA,329
SIN MARCA IDENTIFICADA-5250,SIN MARCA IDENTIFICADA-5250,5250,PRENSA HIDRAULICA 50T,,SIN MARCA IDENTIFICADA,PRENSA HIDRAULICA,20861.00,true,Activo,SIN MARCA IDENTIFICADA,330
SIN MARCA IDENTIFICADA-AAC01,SIN MARCA IDENTIFICADA-AAC01,AAC01,NIVEL ALINEACION CAMBER MAGNETICO,,SIN MARCA IDENTIFICADA,ALINEACION,825.00,true,Activo,SIN MARCA IDENTIFICADA,333
SIN MARCA IDENTIFICADA-AAC02,SIN MARCA IDENTIFICADA-AAC02,AAC02,PLATO P/ ALINEADORA,,SIN MARCA IDENTIFICADA,ALINEACION,5080.80,true,Activo,SIN MARCA IDENTIFICADA,334
SIN MARCA IDENTIFICADA-AAC03,SIN MARCA IDENTIFICADA-AAC03,AAC03,SUJETADOR DE VOLANTE Y FRENO,,SIN MARCA IDENTIFICADA,ALINEACION,1100.00,true,Activo,SIN MARCA IDENTIFICADA,335
SIN MARCA IDENTIFICADA-ACC07,SIN MARCA IDENTIFICADA-ACC07,ACC07,PLATOS CAMION DE ALINEACION,,SIN MARCA IDENTIFICADA,ALINEACION,8700.00,true,Activo,SIN MARCA IDENTIFICADA,336
SIN MARCA IDENTIFICADA-TS01,SIN MARCA IDENTIFICADA-TS01,TS01,ABRIDOR DE LLANTAS NEUMATICO DE MESA,,SIN MARCA IDENTIFICADA,ABRIDORES,7700.00,true,Activo,SIN MARCA IDENTIFICADA,338
SIN MARCA IDENTIFICADA-TS06,SIN MARCA IDENTIFICADA-TS06,TS06,ABRIDOR DE LLANTAS NEUMATICO VERTICAL,,SIN MARCA IDENTIFICADA,ABRIDORES,6638.00,true,Activo,SIN MARCA IDENTIFICADA,339
SIN MARCA IDENTIFICADA-TS02,SIN MARCA IDENTIFICADA-TS02,TS02,ABRIDOR PROFESIONAL (LAMPARA INTEGRADA),,SIN MARCA IDENTIFICADA,ABRIDORES,5119.00,true,Activo,SIN MARCA IDENTIFICADA,340
SIN MARCA IDENTIFICADA-TS03,SIN MARCA IDENTIFICADA-TS03,TS03,ABRIDOR MANUAL DE TIJERA,,SIN MARCA IDENTIFICADA,ABRIDORES,647.00,true,Activo,SIN MARCA IDENTIFICADA,341
SIN MARCA IDENTIFICADA-TS04,SIN MARCA IDENTIFICADA-TS04,TS04,ABRIDOR MANUAL DE PALANCA,,SIN MARCA IDENTIFICADA,ABRIDORES,775.00,true,Activo,SIN MARCA IDENTIFICADA,342
SIN MARCA IDENTIFICADA-TS05,SIN MARCA IDENTIFICADA-TS05,TS05,ABRIDOR P/SECCIONADOR GIRATORIO,,SIN MARCA IDENTIFICADA,ABRIDORES,1900.00,true,Activo,SIN MARCA IDENTIFICADA,343
SIN MARCA IDENTIFICADA-TS07,SIN MARCA IDENTIFICADA-TS07,TS07,ABRIDOR MANUAL MECANICO REFORZADO,,SIN MARCA IDENTIFICADA,ABRIDORES,255.20,true,Activo,SIN MARCA IDENTIFICADA,344
SIN MARCA IDENTIFICADA-DES01,SIN MARCA IDENTIFICADA-DES01,DES01,DESMONTADOR NEUMATICO PLATO GRANDE,,SIN MARCA IDENTIFICADA,ABRIDORES,10839.00,true,Activo,SIN MARCA IDENTIFICADA,349
SIN MARCA IDENTIFICADA-DES11,SIN MARCA IDENTIFICADA-DES11,DES11,"DESMONTADOR MANUAL CHICO MOTO, CUATRI, AUTO, CAMIONETA",,SIN MARCA IDENTIFICADA,ABRIDORES,768.00,true,Activo,SIN MARCA IDENTIFICADA,350
SIN MARCA IDENTIFICADA-DES12,SIN MARCA IDENTIFICADA-DES12,DES12,"DESMONTADOR MANUAL GRANDE MOTO, CUATRI, AUTO, CAMIONETA",,SIN MARCA IDENTIFICADA,ABRIDORES,1439.00,true,Activo,SIN MARCA IDENTIFICADA,351
SIN MARCA IDENTIFICADA-DES16,SIN MARCA IDENTIFICADA-DES16,DES16,DESPEGADOR PARA LLANTA MOTO Y COCHE CHICA,,SIN MARCA IDENTIFICADA,ABRIDORES,780.00,true,Activo,SIN MARCA IDENTIFICADA,352
SIN MARCA IDENTIFICADA-DES20,SIN MARCA IDENTIFICADA-DES20,DES20,DESPEGADOR MANUAL CON ABRIDOR DE LLANTAS,,SIN MARCA IDENTIFICADA,ABRIDORES,1200.00,true,Activo,SIN MARCA IDENTIFICADA,353
SIN MARCA IDENTIFICADA-DES02,SIN MARCA IDENTIFICADA-DES02,DES02,DESMONTADOR RECTO PLATO CHICO,,SIN MARCA IDENTIFICADA,ABRIDORES,3839.00,true,Activo,SIN MARCA IDENTIFICADA,354
SIN MARCA IDENTIFICADA-DES03,SIN MARCA IDENTIFICADA-DES03,DES03,PALANCA ARTICULADA PARA DESMONTADOR PLATO GDE,,SIN MARCA IDENTIFICADA,ABRIDORES,1700.00,true,Activo,SIN MARCA IDENTIFICADA,355
SIN MARCA IDENTIFICADA-DES04,SIN MARCA IDENTIFICADA-DES04,DES04,PEDAL P/DESMONTADOR,,SIN MARCA IDENTIFICADA,ABRIDORES,1207.00,true,Activo,SIN MARCA IDENTIFICADA,356
SIN MARCA IDENTIFICADA-DES05,SIN MARCA IDENTIFICADA-DES05,DES05,PISTON PARA ABRIDOR Ó DESMONTADOR,,SIN MARCA IDENTIFICADA,ABRIDORES,2603.00,true,Activo,SIN MARCA IDENTIFICADA,357
SIN MARCA IDENTIFICADA-DES06,SIN MARCA IDENTIFICADA-DES06,DES06,BARRA PARA DESMONTADOR,,SIN MARCA IDENTIFICADA,ABRIDORES,639.00,true,Activo,SIN MARCA IDENTIFICADA,358
SIN MARCA IDENTIFICADA-DES07,SIN MARCA IDENTIFICADA-DES07,DES07,EMPAQUE PARA PISTON (O-RING),,SIN MARCA IDENTIFICADA,ABRIDORES,79.30,true,Activo,SIN MARCA IDENTIFICADA,359
SIN MARCA IDENTIFICADA-DES08,SIN MARCA IDENTIFICADA-DES08,DES08,EMPAQUE PARA PISTON (CAZUELA),,SIN MARCA IDENTIFICADA,ABRIDORES,180.00,true,Activo,SIN MARCA IDENTIFICADA,360
SIN MARCA IDENTIFICADA-DES09,SIN MARCA IDENTIFICADA-DES09,DES09,DONA PARA DESMONTADOR,,SIN MARCA IDENTIFICADA,ABRIDORES,350.00,true,Activo,SIN MARCA IDENTIFICADA,361
SIN MARCA IDENTIFICADA-DES10,SIN MARCA IDENTIFICADA-DES10,DES10,CONO PARA DESMONTADOR,,SIN MARCA IDENTIFICADA,ABRIDORES,700.00,true,Activo,SIN MARCA IDENTIFICADA,362
SIN MARCA IDENTIFICADA-DES17,SIN MARCA IDENTIFICADA-DES17,DES17,DESPEGADOR NEUMATICO CAMION,,SIN MARCA IDENTIFICADA,ABRIDORES,2960.00,true,Activo,SIN MARCA IDENTIFICADA,363
SIN MARCA IDENTIFICADA-DES18,SIN MARCA IDENTIFICADA-DES18,DES18,DESMONTADORA MOTO,,SIN MARCA IDENTIFICADA,ABRIDORES,6200.20,true,Activo,SIN MARCA IDENTIFICADA,364
SIN MARCA IDENTIFICADA-DES19,SIN MARCA IDENTIFICADA-DES19,DES19,DESMONTADORA DE CAMION,,SIN MARCA IDENTIFICADA,ABRIDORES,15500.00,true,Activo,SIN MARCA IDENTIFICADA,365
SIN MARCA IDENTIFICADA-DES30,SIN MARCA IDENTIFICADA-DES30,DES30,BALANCEADORA GOTA COCHE Y CAMIONETA,,SIN MARCA IDENTIFICADA,ABRIDORES,2499.80,true,Activo,SIN MARCA IDENTIFICADA,366
SIN MARCA IDENTIFICADA-APS20,SIN MARCA IDENTIFICADA-APS20,APS20,BOLSA DE AIRE SECCIONADORA CAMION,,SIN MARCA IDENTIFICADA,ABRIDORES,1900.00,true,Activo,SIN MARCA IDENTIFICADA,369
SIN MARCA IDENTIFICADA-APS21,SIN MARCA IDENTIFICADA-APS21,APS21,BOLSA DE AIRE SECCIONADORA COCHE,,SIN MARCA IDENTIFICADA,ABRIDORES,770.00,true,Activo,SIN MARCA IDENTIFICADA,370
SIN MARCA IDENTIFICADA-APS09,SIN MARCA IDENTIFICADA-APS09,APS09,"COMAL P/PLANCHA, OVALADA, REDONDA Y DE CAMARA",,SIN MARCA IDENTIFICADA,ABRIDORES,899.00,true,Activo,SIN MARCA IDENTIFICADA,371
SIN MARCA IDENTIFICADA-APS26,SIN MARCA IDENTIFICADA-APS26,APS26,COMAL PARA PLANCHA DE SECCIONAR,,SIN MARCA IDENTIFICADA,ABRIDORES,1169.00,true,Activo,SIN MARCA IDENTIFICADA,372
SIN MARCA IDENTIFICADA-APS19,SIN MARCA IDENTIFICADA-APS19,APS19,COMAL PARA SECCIONADORA DE COCHE,,SIN MARCA IDENTIFICADA,ABRIDORES,2160.00,true,Activo,SIN MARCA IDENTIFICADA,373
SIN MARCA IDENTIFICADA-APS18,SIN MARCA IDENTIFICADA-APS18,APS18,COMAL SECCIONADORA CAMION,,SIN MARCA IDENTIFICADA,ABRIDORES,3600.00,true,Activo,SIN MARCA IDENTIFICADA,374
SIN MARCA IDENTIFICADA-APS24,SIN MARCA IDENTIFICADA-APS24,APS24,HULE PARA SECCIONADORA DE COCHE,,SIN MARCA IDENTIFICADA,ABRIDORES,150.00,true,Activo,SIN MARCA IDENTIFICADA,375
SIN MARCA IDENTIFICADA-APS25,SIN MARCA IDENTIFICADA-APS25,APS25,HULE SECCIONADORA DE CAMION,,SIN MARCA IDENTIFICADA,ABRIDORES,200.00,true,Activo,SIN MARCA IDENTIFICADA,376
SIN MARCA IDENTIFICADA-APS04,SIN MARCA IDENTIFICADA-APS04,APS04,PLANCHA DE CAMION DE PISO,,SIN MARCA IDENTIFICADA,ABRIDORES,2879.00,true,Activo,SIN MARCA IDENTIFICADA,377
SIN MARCA IDENTIFICADA-APS01,SIN MARCA IDENTIFICADA-APS01,APS01,PLANCHA DOBLE CALOR,,SIN MARCA IDENTIFICADA,ABRIDORES,2303.00,true,Activo,SIN MARCA IDENTIFICADA,378
SIN MARCA IDENTIFICADA-APS07,SIN MARCA IDENTIFICADA-APS07,APS07,PLANCHA OVALADA Y REDONDA PARA LLANTA,,SIN MARCA IDENTIFICADA,ABRIDORES,1498.00,true,Activo,SIN MARCA IDENTIFICADA,379
SIN MARCA IDENTIFICADA-APS02,SIN MARCA IDENTIFICADA-APS02,APS02,PLANCHA PARA CAMARA,,SIN MARCA IDENTIFICADA,ABRIDORES,1437.00,true,Activo,SIN MARCA IDENTIFICADA,380
SIN MARCA IDENTIFICADA-APS05,SIN MARCA IDENTIFICADA-APS05,APS05,PLANCHA PARA CAMION DE COSTADO,,SIN MARCA IDENTIFICADA,ABRIDORES,3359.00,true,Activo,SIN MARCA IDENTIFICADA,381
SIN MARCA IDENTIFICADA-APS06,SIN MARCA IDENTIFICADA-APS06,APS06,PLANCHA PARA CAMION DE COSTADO C/ACCESORIOS,,SIN MARCA IDENTIFICADA,ABRIDORES,4000.00,true,Activo,SIN MARCA IDENTIFICADA,382
SIN MARCA IDENTIFICADA-APS03,SIN MARCA IDENTIFICADA-APS03,APS03,PLANCHA PARA SECCIONAR,,SIN MARCA IDENTIFICADA,ABRIDORES,2664.00,true,Activo,SIN MARCA IDENTIFICADA,383
SIN MARCA IDENTIFICADA-APS22,SIN MARCA IDENTIFICADA-APS22,APS22,RESISTENCIA DE SECCIONADORA DE CAMION,,SIN MARCA IDENTIFICADA,ABRIDORES,2100.00,true,Activo,SIN MARCA IDENTIFICADA,384
SIN MARCA IDENTIFICADA-APS12,SIN MARCA IDENTIFICADA-APS12,APS12,"RESISTENCIA PARA COMAL ""U""",,SIN MARCA IDENTIFICADA,ABRIDORES,129.92,true,Activo,SIN MARCA IDENTIFICADA,385
SIN MARCA IDENTIFICADA-APS11,SIN MARCA IDENTIFICADA-APS11,APS11,RESISTENCIA PARA COMAL REDONDA,,SIN MARCA IDENTIFICADA,ABRIDORES,129.92,true,Activo,SIN MARCA IDENTIFICADA,386
SIN MARCA IDENTIFICADA-APS23,SIN MARCA IDENTIFICADA-APS23,APS23,RESISTENCIA SECCIONADORA COCHE,,SIN MARCA IDENTIFICADA,ABRIDORES,700.00,true,Activo,SIN MARCA IDENTIFICADA,387
SIN MARCA IDENTIFICADA-APS44,SIN MARCA IDENTIFICADA-APS44,APS44,RESISTENCIA DE SILICON COCHE SECCIONADORA,,SIN MARCA IDENTIFICADA,ABRIDORES,700.00,true,Activo,SIN MARCA IDENTIFICADA,388
SIN MARCA IDENTIFICADA-APS15,SIN MARCA IDENTIFICADA-APS15,APS15,SECCIONADORA DE CAMION,,SIN MARCA IDENTIFICADA,ABRIDORES,15000.00,true,Activo,SIN MARCA IDENTIFICADA,389
SIN MARCA IDENTIFICADA-APS43,SIN MARCA IDENTIFICADA-APS43,APS43,SECCIONADORA DE CAMION DE CINCHOS,,SIN MARCA IDENTIFICADA,ABRIDORES,11000.00,true,Activo,SIN MARCA IDENTIFICADA,390
SIN MARCA IDENTIFICADA-APS14,SIN MARCA IDENTIFICADA-APS14,APS14,SECCIONADORA DE COCHE,,SIN MARCA IDENTIFICADA,ABRIDORES,10440.00,true,Activo,SIN MARCA IDENTIFICADA,391
SIN MARCA IDENTIFICADA-APS17,SIN MARCA IDENTIFICADA-APS17,APS17,SECCIONADORA OTR,,SIN MARCA IDENTIFICADA,ABRIDORES,45481.00,true,Activo,SIN MARCA IDENTIFICADA,392
SIN MARCA IDENTIFICADA-APS41,SIN MARCA IDENTIFICADA-APS41,APS41,"PLANCHA CAMION PISO, COSTADO Y HOMBRO 110V 500W",,SIN MARCA IDENTIFICADA,ABRIDORES,5417.00,true,Activo,SIN MARCA IDENTIFICADA,393
SIN MARCA IDENTIFICADA-APS42,SIN MARCA IDENTIFICADA-APS42,APS42,"PLANCHA REDONDO COCHE COSTADO, PISO Y HOMBRO",,SIN MARCA IDENTIFICADA,ABRIDORES,2680.00,true,Activo,SIN MARCA IDENTIFICADA,394
SIN MARCA IDENTIFICADA-APS13,SIN MARCA IDENTIFICADA-APS13,APS13,TAPA DE COMAL,,SIN MARCA IDENTIFICADA,ABRIDORES,179.00,true,Activo,SIN MARCA IDENTIFICADA,395
SIN MARCA IDENTIFICADA-APS10,SIN MARCA IDENTIFICADA-APS10,APS10,TERMOSTATO,,SIN MARCA IDENTIFICADA,ABRIDORES,70.00,true,Activo,SIN MARCA IDENTIFICADA,396
SIN MARCA IDENTIFICADA-ES320K,SIN MARCA IDENTIFICADA-ES320K,ES320K,KIT DE CONEXIONES DE AIRE,,SIN MARCA IDENTIFICADA,KITS,358.00,true,Activo,SIN MARCA IDENTIFICADA,403
SIN MARCA IDENTIFICADA-E-148-5,SIN MARCA IDENTIFICADA-E-148-5,E-148-5,KIT PISTOLA SOPLETEAR 5 PIEZAS,,SIN MARCA IDENTIFICADA,KITS,80.00,true,Activo,SIN MARCA IDENTIFICADA,404
SIN MARCA IDENTIFICADA-E-148-7,SIN MARCA IDENTIFICADA-E-148-7,E-148-7,KIT PISTOLA SOPLETEAR 7 PIEZAS,,SIN MARCA IDENTIFICADA,KITS,80.00,true,Activo,SIN MARCA IDENTIFICADA,405
SIN MARCA IDENTIFICADA-E-148-14,SIN MARCA IDENTIFICADA-E-148-14,E-148-14,KIT PISTOLA SOPLETEAR 14 PIEZAS,,SIN MARCA IDENTIFICADA,KITS,150.00,true,Activo,SIN MARCA IDENTIFICADA,406
SIN MARCA IDENTIFICADA-E-148-17,SIN MARCA IDENTIFICADA-E-148-17,E-148-17,KIT PISTOLA SOPLETEAR 17 PIEZAS,,SIN MARCA IDENTIFICADA,KITS,150.00,true,Activo,SIN MARCA IDENTIFICADA,407
SIN MARCA IDENTIFICADA-AB-1,SIN MARCA IDENTIFICADA-AB-1,AB-1,BOQUILLA/AGUJA INFLAR BALON,,SIN MARCA IDENTIFICADA,KITS,3.00,true,Activo,SIN MARCA IDENTIFICADA,408
SIN MARCA IDENTIFICADA-E148,SIN MARCA IDENTIFICADA-E148,E148,PISTOLA PARA SOPLETEAR,,SIN MARCA IDENTIFICADA,KITS,60.32,true,Activo,SIN MARCA IDENTIFICADA,409
SIN MARCA IDENTIFICADA-E727,SIN MARCA IDENTIFICADA-E727,E727,MACHO 1/4 - PLUG 1/4,,SIN MARCA IDENTIFICADA,CONEXIONES,13.34,true,Activo,SIN MARCA IDENTIFICADA,411
SIN MARCA IDENTIFICADA-E727 A,SIN MARCA IDENTIFICADA-E727 A,E727 A,MACHO 1/2-PLUG 1/2 GIRATORIO,,SIN MARCA IDENTIFICADA,CONEXIONES,72.61,true,Activo,SIN MARCA IDENTIFICADA,412
SIN MARCA IDENTIFICADA-E728,SIN MARCA IDENTIFICADA-E728,E728,HEMBRA 1/4 - PLUG 1/4,,SIN MARCA IDENTIFICADA,CONEXIONES,13.30,true,Activo,SIN MARCA IDENTIFICADA,413
SIN MARCA IDENTIFICADA-E783,SIN MARCA IDENTIFICADA-E783,E783,"MACHO 1/4- PLUG TIPO ""TRU-FLATE"" 1/4",,SIN MARCA IDENTIFICADA,CONEXIONES,13.30,true,Activo,SIN MARCA IDENTIFICADA,414
SIN MARCA IDENTIFICADA-E784,SIN MARCA IDENTIFICADA-E784,E784,"HEMBRA 1/4- PLUG TIPO ""TRU-FLATE"" 1/4",,SIN MARCA IDENTIFICADA,CONEXIONES,18.10,true,Activo,SIN MARCA IDENTIFICADA,415
SIN MARCA IDENTIFICADA-E1700,SIN MARCA IDENTIFICADA-E1700,E1700,MACHO 1/4 - MANGUERA 1/4,,SIN MARCA IDENTIFICADA,CONEXIONES,19.37,true,Activo,SIN MARCA IDENTIFICADA,416
SIN MARCA IDENTIFICADA-E1702-4,SIN MARCA IDENTIFICADA-E1702-4,E1702-4,MACHO 1/4 - MANGUERA 3/8,,SIN MARCA IDENTIFICADA,CONEXIONES,21.77,true,Activo,SIN MARCA IDENTIFICADA,417
SIN MARCA IDENTIFICADA-E1704-8,SIN MARCA IDENTIFICADA-E1704-8,E1704-8,CONEXIÓN MACHO 1/2 MANGUERA 1/2,,SIN MARCA IDENTIFICADA,CONEXIONES,43.00,true,Activo,SIN MARCA IDENTIFICADA,418
SIN MARCA IDENTIFICADA-E1705-4,SIN MARCA IDENTIFICADA-E1705-4,E1705-4,HEMBRA 1/4- MANGUERA 1/4,,SIN MARCA IDENTIFICADA,CONEXIONES,18.15,true,Activo,SIN MARCA IDENTIFICADA,419
SIN MARCA IDENTIFICADA-E1705-6,SIN MARCA IDENTIFICADA-E1705-6,E1705-6,CONEXIÓN HEMBRA 3/8 - MANGUERA 3/8,,SIN MARCA IDENTIFICADA,CONEXIONES,19.37,true,Activo,SIN MARCA IDENTIFICADA,420
SIN MARCA IDENTIFICADA-E736,SIN MARCA IDENTIFICADA-E736,E736,PLUG 1/4 - MANGUERA 1/4,,SIN MARCA IDENTIFICADA,CONEXIONES,19.37,true,Activo,SIN MARCA IDENTIFICADA,421
SIN MARCA IDENTIFICADA-E736-6,SIN MARCA IDENTIFICADA-E736-6,E736-6,MANGUERA 3/8 - PLUG 1/4,,SIN MARCA IDENTIFICADA,CONEXIONES,21.80,true,Activo,SIN MARCA IDENTIFICADA,422
SIN MARCA IDENTIFICADA-E1837-6,SIN MARCA IDENTIFICADA-E1837-6,E1837-6,PLUG 3/8 - MANGUERA 3/8,,SIN MARCA IDENTIFICADA,CONEXIONES,31.46,true,Activo,SIN MARCA IDENTIFICADA,423
SIN MARCA IDENTIFICADA-E1857,SIN MARCA IDENTIFICADA-E1857,E1857,MACHO 1/2 - PLUG 1/2,,SIN MARCA IDENTIFICADA,CONEXIONES,33.87,true,Activo,SIN MARCA IDENTIFICADA,424
SIN MARCA IDENTIFICADA-E1858,SIN MARCA IDENTIFICADA-E1858,E1858,HEMBRA 1/2 PLUG 1/2,,SIN MARCA IDENTIFICADA,CONEXIONES,33.87,true,Activo,SIN MARCA IDENTIFICADA,425
SIN MARCA IDENTIFICADA-E1859,SIN MARCA IDENTIFICADA-E1859,E1859,MACHO 3/8- PLUG 1/2,,SIN MARCA IDENTIFICADA,CONEXIONES,30.27,true,Activo,SIN MARCA IDENTIFICADA,426
SIN MARCA IDENTIFICADA-E1838,SIN MARCA IDENTIFICADA-E1838,E1838,CONEXIÓN HEMBRA 3/8 PLUG 3/8,,SIN MARCA IDENTIFICADA,CONEXIONES,20.07,true,Activo,SIN MARCA IDENTIFICADA,427
SIN MARCA IDENTIFICADA-E732,SIN MARCA IDENTIFICADA-E732,E732,CONEXIÓN HEMBRA 3/8 A PLUG 1/4,,SIN MARCA IDENTIFICADA,CONEXIONES,20.07,true,Activo,SIN MARCA IDENTIFICADA,428
SIN MARCA IDENTIFICADA-E733,SIN MARCA IDENTIFICADA-E733,E733,CONEXIÓN MACHO 3/8 A PLUG 1/4,,SIN MARCA IDENTIFICADA,CONEXIONES,20.07,true,Activo,SIN MARCA IDENTIFICADA,429
SIN MARCA IDENTIFICADA-E1865,SIN MARCA IDENTIFICADA-E1865,E1865,MANGUERA 1/2 - PLUG 1/2,,SIN MARCA IDENTIFICADA,CONEXIONES,30.27,true,Activo,SIN MARCA IDENTIFICADA,430
SIN MARCA IDENTIFICADA-E1627,SIN MARCA IDENTIFICADA-E1627,E1627,ENGARGOLADORA,,SIN MARCA IDENTIFICADA,CONEXIONES,1300.00,true,Activo,SIN MARCA IDENTIFICADA,431
SIN MARCA IDENTIFICADA-E651,SIN MARCA IDENTIFICADA-E651,E651,MACHO 1/2-HEMBRA 1/4 NIPPLE,,SIN MARCA IDENTIFICADA,UNIONES,17.60,true,Activo,SIN MARCA IDENTIFICADA,433
SIN MARCA IDENTIFICADA-E655,SIN MARCA IDENTIFICADA-E655,E655,"CONEXIÓN ""T"" 1/4",,SIN MARCA IDENTIFICADA,UNIONES,60.32,true,Activo,SIN MARCA IDENTIFICADA,434
SIN MARCA IDENTIFICADA-E656,SIN MARCA IDENTIFICADA-E656,E656,"CONEXIÓN ""X"" 1/4",,SIN MARCA IDENTIFICADA,UNIONES,60.50,true,Activo,SIN MARCA IDENTIFICADA,435
SIN MARCA IDENTIFICADA-E656-1,SIN MARCA IDENTIFICADA-E656-1,E656-1,SIN DESCRIPCIÓN,Nota de migracion: Descripción faltante en origen,SIN MARCA IDENTIFICADA,UNIONES,60.32,false,Pendiente,SIN MARCA IDENTIFICADA,436
SIN MARCA IDENTIFICADA-E646,SIN MARCA IDENTIFICADA-E646,E646,MACHO 1/4 - MACHO 1/4,,SIN MARCA IDENTIFICADA,UNIONES,16.94,true,Activo,SIN MARCA IDENTIFICADA,437
SIN MARCA IDENTIFICADA-E643,SIN MARCA IDENTIFICADA-E643,E643,HEMBRA 1/4 - HEMBRA 1/4,,SIN MARCA IDENTIFICADA,UNIONES,20.07,true,Activo,SIN MARCA IDENTIFICADA,438
SIN MARCA IDENTIFICADA-E646-1,SIN MARCA IDENTIFICADA-E646-1,E646-1,MACHO 1/4 - MACHO 3/8,,SIN MARCA IDENTIFICADA,UNIONES,16.94,true,Activo,SIN MARCA IDENTIFICADA,439
SIN MARCA IDENTIFICADA-E647,SIN MARCA IDENTIFICADA-E647,E647,MACHO 3/8 - MACHO 3/8,,SIN MARCA IDENTIFICADA,UNIONES,16.94,true,Activo,SIN MARCA IDENTIFICADA,440
SIN MARCA IDENTIFICADA-E647-1,SIN MARCA IDENTIFICADA-E647-1,E647-1,NIPPLE MACHO- MACHO 3/8-1/2,,SIN MARCA IDENTIFICADA,UNIONES,20.07,true,Activo,SIN MARCA IDENTIFICADA,441
SIN MARCA IDENTIFICADA-E647-2,SIN MARCA IDENTIFICADA-E647-2,E647-2,NIPPLE MACHO-MACHO 1/2-1/2,,SIN MARCA IDENTIFICADA,UNIONES,21.80,true,Activo,SIN MARCA IDENTIFICADA,442
SIN MARCA IDENTIFICADA-E643-1,SIN MARCA IDENTIFICADA-E643-1,E643-1,NIPPLE HEMBRA 3/8 X 1/4,,SIN MARCA IDENTIFICADA,UNIONES,20.07,true,Activo,SIN MARCA IDENTIFICADA,443
SIN MARCA IDENTIFICADA-E643-3,SIN MARCA IDENTIFICADA-E643-3,E643-3,HEMBRA 3/8 - HEMBRA 3/8,,SIN MARCA IDENTIFICADA,UNIONES,31.43,true,Activo,SIN MARCA IDENTIFICADA,444
SIN MARCA IDENTIFICADA-E651-1,SIN MARCA IDENTIFICADA-E651-1,E651-1,NIPPLE MACHO 1/2-HEMBRA 1/4,,SIN MARCA IDENTIFICADA,UNIONES,21.80,true,Activo,SIN MARCA IDENTIFICADA,445
SIN MARCA IDENTIFICADA-E652,SIN MARCA IDENTIFICADA-E652,E652,NIPPLE 1/2 MACHO-3/8 HEMBRA,,SIN MARCA IDENTIFICADA,UNIONES,20.07,true,Activo,SIN MARCA IDENTIFICADA,446
SIN MARCA IDENTIFICADA-E653-2,SIN MARCA IDENTIFICADA-E653-2,E653-2,NIPPLE MACHO 1/4-HEMBRA 3/8,,SIN MARCA IDENTIFICADA,UNIONES,21.92,true,Activo,SIN MARCA IDENTIFICADA,447
SIN MARCA IDENTIFICADA-E653-4,SIN MARCA IDENTIFICADA-E653-4,E653-4,NIPPLE HEMBRA 1/2-MACHO 3/8,,SIN MARCA IDENTIFICADA,UNIONES,37.47,true,Activo,SIN MARCA IDENTIFICADA,448
SIN MARCA IDENTIFICADA-E1740-4,SIN MARCA IDENTIFICADA-E1740-4,E1740-4,UNION MANGUERA 1/4 MANGUERA 1/4,,SIN MARCA IDENTIFICADA,UNIONES,18.20,true,Activo,SIN MARCA IDENTIFICADA,449
SIN MARCA IDENTIFICADA-E1742-6,SIN MARCA IDENTIFICADA-E1742-6,E1742-6,UNION MANGUERA 3/8-MANGUERA,,SIN MARCA IDENTIFICADA,UNIONES,21.78,true,Activo,SIN MARCA IDENTIFICADA,450
SIN MARCA IDENTIFICADA-E714C,SIN MARCA IDENTIFICADA-E714C,E714C,COPLE 1/4 MACHO 6 BALINES,,SIN MARCA IDENTIFICADA,COPLES,60.40,true,Activo,SIN MARCA IDENTIFICADA,452
SIN MARCA IDENTIFICADA-E713C,SIN MARCA IDENTIFICADA-E713C,E713C,COPLE 1/4 HEMBRA 6 BALINES,,SIN MARCA IDENTIFICADA,COPLES,60.40,true,Activo,SIN MARCA IDENTIFICADA,453
SIN MARCA IDENTIFICADA-E786,SIN MARCA IDENTIFICADA-E786,E786,"COPLE MACHO 1/4 TIPO ""TRU-FLATE""",,SIN MARCA IDENTIFICADA,COPLES,66.40,true,Activo,SIN MARCA IDENTIFICADA,454
SIN MARCA IDENTIFICADA-E785,SIN MARCA IDENTIFICADA-E785,E785,"COPLE HEMBRA 1/4 TIPO ""TRU-FLATE""",,SIN MARCA IDENTIFICADA,COPLES,66.40,true,Activo,SIN MARCA IDENTIFICADA,455
SIN MARCA IDENTIFICADA-E1835,SIN MARCA IDENTIFICADA-E1835,E1835,"COPLE HEMBRA 3/8""",,SIN MARCA IDENTIFICADA,COPLES,118.32,true,Activo,SIN MARCA IDENTIFICADA,456
SIN MARCA IDENTIFICADA-E1836,SIN MARCA IDENTIFICADA-E1836,E1836,"COPLE MACHO 3/8""",,SIN MARCA IDENTIFICADA,COPLES,118.32,true,Activo,SIN MARCA IDENTIFICADA,457
SIN MARCA IDENTIFICADA-E1815,SIN MARCA IDENTIFICADA-E1815,E1815,COPLE HEMBRA 1/2,,SIN MARCA IDENTIFICADA,COPLES,169.36,true,Activo,SIN MARCA IDENTIFICADA,458
SIN MARCA IDENTIFICADA-E1816,SIN MARCA IDENTIFICADA-E1816,E1816,COPLE MACHO 1/2,,SIN MARCA IDENTIFICADA,COPLES,169.36,true,Activo,SIN MARCA IDENTIFICADA,459
SIN MARCA IDENTIFICADA-E717,SIN MARCA IDENTIFICADA-E717,E717,COPLE MANGUERA 1/4,,SIN MARCA IDENTIFICADA,COPLES,78.64,true,Activo,SIN MARCA IDENTIFICADA,460
SIN MARCA IDENTIFICADA-E731,SIN MARCA IDENTIFICADA-E731,E731,E731,Atributo C: ESPIGA DIRECTA,SIN MARCA IDENTIFICADA,ESPIGAS DIRECTAS,15.42,true,Activo,SIN MARCA IDENTIFICADA,466
SIN MARCA IDENTIFICADA-E731D,SIN MARCA IDENTIFICADA-E731D,E731D,E731D,Atributo C: ESPIGA DIRECTA MACHO (DOBLE ROSCA),SIN MARCA IDENTIFICADA,ESPIGAS DIRECTAS,17.00,true,Activo,SIN MARCA IDENTIFICADA,467
SIN MARCA IDENTIFICADA-E731L,SIN MARCA IDENTIFICADA-E731L,E731L,E731L,Atributo C: ESPIGA DIRECTA LARGA,SIN MARCA IDENTIFICADA,ESPIGAS DIRECTAS,38.00,true,Activo,SIN MARCA IDENTIFICADA,468
SIN MARCA IDENTIFICADA-GE105,SIN MARCA IDENTIFICADA-GE105,GE105,MEDIDOR LAPICERO,,SIN MARCA IDENTIFICADA,MEDIDORES (CALIBRADORES),38.28,true,Activo,SIN MARCA IDENTIFICADA,471
SIN MARCA IDENTIFICADA-GE105DIS,SIN MARCA IDENTIFICADA-GE105DIS,GE105DIS,ESTUCHE CON 10 PZAS. MEDIDOR LAPICERO,,SIN MARCA IDENTIFICADA,MEDIDORES (CALIBRADORES),363.00,true,Activo,SIN MARCA IDENTIFICADA,472
SIN MARCA IDENTIFICADA-GE289,SIN MARCA IDENTIFICADA-GE289,GE289,MEDIDOR MANOMETRO MOTO,,SIN MARCA IDENTIFICADA,MEDIDORES (CALIBRADORES),80.00,true,Activo,SIN MARCA IDENTIFICADA,473
SIN MARCA IDENTIFICADA-AG02,SIN MARCA IDENTIFICADA-AG02,AG02,MEDIDOR AG02 120LBS,,SIN MARCA IDENTIFICADA,MEDIDORES (CALIBRADORES),84.70,true,Activo,SIN MARCA IDENTIFICADA,474
SIN MARCA IDENTIFICADA-HAM135,SIN MARCA IDENTIFICADA-HAM135,HAM135,MEDIDOR 160LBS IMPORTADO HAMILTON,,SIN MARCA IDENTIFICADA,MEDIDORES (CALIBRADORES),99.22,true,Activo,SIN MARCA IDENTIFICADA,475
SIN MARCA IDENTIFICADA-GE3187,SIN MARCA IDENTIFICADA-GE3187,GE3187,MEDIDOR CON CARATULA,,SIN MARCA IDENTIFICADA,MEDIDORES (CALIBRADORES),308.55,true,Activo,SIN MARCA IDENTIFICADA,476
SIN MARCA IDENTIFICADA-GE3316B,SIN MARCA IDENTIFICADA-GE3316B,GE3316B,MEDIDOR INFLADOR 120LBS,,SIN MARCA IDENTIFICADA,MEDIDORES (CALIBRADORES),319.00,true,Activo,SIN MARCA IDENTIFICADA,477
SIN MARCA IDENTIFICADA-GE5200,SIN MARCA IDENTIFICADA-GE5200,GE5200,MEDIDOR DIGITAL AUTO,,SIN MARCA IDENTIFICADA,MEDIDORES (CALIBRADORES),145.20,true,Activo,SIN MARCA IDENTIFICADA,478
SIN MARCA IDENTIFICADA-GE515,SIN MARCA IDENTIFICADA-GE515,GE515,MEDIDOR INFLADOR CON CARATULA 250 PSI,,SIN MARCA IDENTIFICADA,MEDIDORES (CALIBRADORES),390.00,true,Activo,SIN MARCA IDENTIFICADA,479
SIN MARCA IDENTIFICADA-GTE150,SIN MARCA IDENTIFICADA-GTE150,GTE150,MEDIDOR CON CARATULA 255 PSI TIPO MASTER,,SIN MARCA IDENTIFICADA,MEDIDORES (CALIBRADORES),649.60,true,Activo,SIN MARCA IDENTIFICADA,480
SIN MARCA IDENTIFICADA-GE4228,SIN MARCA IDENTIFICADA-GE4228,GE4228,MEDIDOR 180LBS DIGITAL CAMION,,SIN MARCA IDENTIFICADA,MEDIDORES (CALIBRADORES),377.00,true,Activo,SIN MARCA IDENTIFICADA,481
SIN MARCA IDENTIFICADA-GE1055,SIN MARCA IDENTIFICADA-GE1055,GE1055,MEDIDOR DE CARATULA 170LB,,SIN MARCA IDENTIFICADA,MEDIDORES (CALIBRADORES),282.33,true,Activo,SIN MARCA IDENTIFICADA,482
SIN MARCA IDENTIFICADA-GE850,SIN MARCA IDENTIFICADA-GE850,GE850,MEDIDOR DE CARATULA DIGITAL 300 PSI,,SIN MARCA IDENTIFICADA,MEDIDORES (CALIBRADORES),282.70,true,Activo,SIN MARCA IDENTIFICADA,483
SIN MARCA IDENTIFICADA-GE250S,SIN MARCA IDENTIFICADA-GE250S,GE250S,MEDIDOR JUMBO RECTO 250S,,SIN MARCA IDENTIFICADA,MEDIDORES (CALIBRADORES),190.00,true,Activo,SIN MARCA IDENTIFICADA,484
SIN MARCA IDENTIFICADA-GA255S,SIN MARCA IDENTIFICADA-GA255S,GA255S,MEDIDOR JUMBO GIRATORIO 255S,,SIN MARCA IDENTIFICADA,MEDIDORES (CALIBRADORES),254.10,true,Activo,SIN MARCA IDENTIFICADA,485
SIN MARCA IDENTIFICADA-CA-350-LO,SIN MARCA IDENTIFICADA-CA-350-LO,CA-350-LO,"INFLADOR 6"" AUTOFIJANTE NEGRO CARTER AIR",,SIN MARCA IDENTIFICADA,MEDIDORES (CALIBRADORES),75.00,true,Activo,SIN MARCA IDENTIFICADA,487
SIN MARCA IDENTIFICADA-CA-330-LO,SIN MARCA IDENTIFICADA-CA-330-LO,CA-330-LO,"INFLADOR 6"" AUTOFIJANTE CROMADO CARTER AIR",,SIN MARCA IDENTIFICADA,MEDIDORES (CALIBRADORES),60.00,true,Activo,SIN MARCA IDENTIFICADA,488
SIN MARCA IDENTIFICADA-CA-335-LO,SIN MARCA IDENTIFICADA-CA-335-LO,CA-335-LO,"INFLADOR 6"" CROMADO CARTER AIR",,SIN MARCA IDENTIFICADA,MEDIDORES (CALIBRADORES),50.00,true,Activo,SIN MARCA IDENTIFICADA,489
SIN MARCA IDENTIFICADA-CA-140,SIN MARCA IDENTIFICADA-CA-140,CA-140,MEDIDOR 160 LBS NEGRO/CROMADO CARTER AIR,,SIN MARCA IDENTIFICADA,MEDIDORES (CALIBRADORES),155.00,true,Activo,SIN MARCA IDENTIFICADA,490
SIN MARCA IDENTIFICADA-CA-165S,SIN MARCA IDENTIFICADA-CA-165S,CA-165S,MEDIDOR DUAL NEGRO 160 LBS CARTER AIR,,SIN MARCA IDENTIFICADA,MEDIDORES (CALIBRADORES),160.00,true,Activo,SIN MARCA IDENTIFICADA,491
SIN MARCA IDENTIFICADA-CA-135S,SIN MARCA IDENTIFICADA-CA-135S,CA-135S,MEDIDOR 160 LBS ANGULAR CROMADO CARTER AIR,,SIN MARCA IDENTIFICADA,MEDIDORES (CALIBRADORES),120.00,true,Activo,SIN MARCA IDENTIFICADA,492
SIN MARCA IDENTIFICADA-CA-155S,SIN MARCA IDENTIFICADA-CA-155S,CA-155S,MEDIDOR 160 LBS RECTO CROMADO CARTER AIR,,SIN MARCA IDENTIFICADA,MEDIDORES (CALIBRADORES),130.00,true,Activo,SIN MARCA IDENTIFICADA,493
SIN MARCA IDENTIFICADA-CA333,SIN MARCA IDENTIFICADA-CA333,CA333,MANDRIL LARGO,,SIN MARCA IDENTIFICADA,MEDIDORES (CALIBRADORES),174.00,true,Activo,SIN MARCA IDENTIFICADA,494
SIN MARCA IDENTIFICADA-CE377,SIN MARCA IDENTIFICADA-CE377,CE377,MANDRIL JUMBO,,SIN MARCA IDENTIFICADA,MEDIDORES (CALIBRADORES),348.00,true,Activo,SIN MARCA IDENTIFICADA,495
SIN MARCA IDENTIFICADA-CA-322,SIN MARCA IDENTIFICADA-CA-322,CA-322,INFADOR JUMBO DOBLE BOCA 30° Y 210°,,SIN MARCA IDENTIFICADA,MEDIDORES (CALIBRADORES),171.68,true,Activo,SIN MARCA IDENTIFICADA,496
SIN MARCA IDENTIFICADA-CA-324,SIN MARCA IDENTIFICADA-CA-324,CA-324,INFLADOR JUMBO ANGULO DE 90°,,SIN MARCA IDENTIFICADA,MEDIDORES (CALIBRADORES),171.68,true,Activo,SIN MARCA IDENTIFICADA,497
SIN MARCA IDENTIFICADA-E1091,SIN MARCA IDENTIFICADA-E1091,E1091,ADAPTADOR AIRE AGUA,,SIN MARCA IDENTIFICADA,ACCESORIOS,150.80,true,Activo,SIN MARCA IDENTIFICADA,500
SIN MARCA IDENTIFICADA-CE 340,SIN MARCA IDENTIFICADA-CE 340,CE 340,BARRILITO,,SIN MARCA IDENTIFICADA,BARRILITOS,60.50,true,Activo,SIN MARCA IDENTIFICADA,504
SIN MARCA IDENTIFICADA-E 4660B,SIN MARCA IDENTIFICADA-E 4660B,E 4660B,BARRILITO C/CLIP,,SIN MARCA IDENTIFICADA,BARRILITOS,96.80,true,Activo,SIN MARCA IDENTIFICADA,505
SIN MARCA IDENTIFICADA-E 5265,SIN MARCA IDENTIFICADA-E 5265,E 5265,BARRILITO C/CLIP JUMBO,,SIN MARCA IDENTIFICADA,BARRILITOS,145.20,true,Activo,SIN MARCA IDENTIFICADA,506
SIN MARCA IDENTIFICADA-CE 315,SIN MARCA IDENTIFICADA-CE 315,CE 315,INFLADOR CLIP BOLA HEMBRA,,SIN MARCA IDENTIFICADA,INFLADORES,78.10,true,Activo,SIN MARCA IDENTIFICADA,509
SIN MARCA IDENTIFICADA-CE 318,SIN MARCA IDENTIFICADA-CE 318,CE 318,INFLADOR CLIP BOLA MANGUERA,,SIN MARCA IDENTIFICADA,INFLADORES,78.10,true,Activo,SIN MARCA IDENTIFICADA,510
SIN MARCA IDENTIFICADA-CE 320,SIN MARCA IDENTIFICADA-CE 320,CE 320,INFLADOR CLIP MANGUERA PASO ABIERTO O CERRADO,,SIN MARCA IDENTIFICADA,INFLADORES,78.10,true,Activo,SIN MARCA IDENTIFICADA,511
SIN MARCA IDENTIFICADA-CE 360,SIN MARCA IDENTIFICADA-CE 360,CE 360,INFLADOR HEMBRA CLIP PASO ABIERTO O CERRADO (EUROCLIP),,SIN MARCA IDENTIFICADA,INFLADORES,84.70,true,Activo,SIN MARCA IDENTIFICADA,512
SIN MARCA IDENTIFICADA-E695,SIN MARCA IDENTIFICADA-E695,E695,E695 NFLADOR BOLA MANGUERA,,SIN MARCA IDENTIFICADA,INFLADORES,30.00,true,Activo,SIN MARCA IDENTIFICADA,513
SIN MARCA IDENTIFICADA-E699,SIN MARCA IDENTIFICADA-E699,E699,E699 INFLADOR BOLA HEMBRA,,SIN MARCA IDENTIFICADA,INFLADORES,30.00,true,Activo,SIN MARCA IDENTIFICADA,514
SIN MARCA IDENTIFICADA-3-716R,SIN MARCA IDENTIFICADA-3-716R,3-716R,3-716R CONECTOR RAPIDO 3 VIAS 1/4 BASE 1/4 H REDONDA,,SIN MARCA IDENTIFICADA,INFLADORES,200.00,true,Activo,SIN MARCA IDENTIFICADA,515
SIN MARCA IDENTIFICADA-SIN-CODIGO-0680,SIN MARCA IDENTIFICADA-SIN-CODIGO-0680,SIN-CODIGO-0680,PROGRAMADOR PARA SENSORES TPMS,Nota de migracion: Código faltante en origen,SIN MARCA IDENTIFICADA,SENSORES,12550.00,false,Pendiente,SIN MARCA IDENTIFICADA,680
SIN MARCA IDENTIFICADA-VT46-AUTEL,SIN MARCA IDENTIFICADA-VT46-AUTEL,VT46-AUTEL,VT46-AUTEL SENSOR UNIVERSAL FRECUENCIA 315 Y 433 MHz,,SIN MARCA IDENTIFICADA,SENSORES,400.00,true,Activo,SIN MARCA IDENTIFICADA,681
SIN MARCA IDENTIFICADA-VT46-ATEQ,SIN MARCA IDENTIFICADA-VT46-ATEQ,VT46-ATEQ,VT46-ATEQ SENSOR UNIVERSAL FRECUENCIA 315 Y 433 MHz,,SIN MARCA IDENTIFICADA,SENSORES,660.00,true,Activo,SIN MARCA IDENTIFICADA,682
SIN MARCA IDENTIFICADA-KIT463,SIN MARCA IDENTIFICADA-KIT463,KIT463,KIT PARA COLOCAR TPMS,,SIN MARCA IDENTIFICADA,SENSORES,1650.00,true,Activo,SIN MARCA IDENTIFICADA,683
SIN MARCA IDENTIFICADA-KIT47S,SIN MARCA IDENTIFICADA-KIT47S,KIT47S,KIT PARA 4 SENSOR Y PANTALLA TPMS,,SIN MARCA IDENTIFICADA,SENSORES,2310.00,true,Activo,SIN MARCA IDENTIFICADA,684
SIN MARCA IDENTIFICADA-1520-2,SIN MARCA IDENTIFICADA-1520-2,1520-2,VALVULA PARA SENSOR DE PLASTICO (TPMS-1520-2),,SIN MARCA IDENTIFICADA,VALVULAS PARA SENSOR,35.96,true,Activo,SIN MARCA IDENTIFICADA,688
SIN MARCA IDENTIFICADA-1520,SIN MARCA IDENTIFICADA-1520,1520,VALVULA PARA SENSOR DE PLASTICO (TPMS-1520),,SIN MARCA IDENTIFICADA,VALVULAS PARA SENSOR,30.16,true,Activo,SIN MARCA IDENTIFICADA,689
SIN MARCA IDENTIFICADA-1520-AC,SIN MARCA IDENTIFICADA-1520-AC,1520-AC,VALVULA PARA SENSOR DE PLASTICO (TPMS-1520AC),,SIN MARCA IDENTIFICADA,VALVULAS PARA SENSOR,40.00,true,Activo,SIN MARCA IDENTIFICADA,690
SIN MARCA IDENTIFICADA-TPMS-01,SIN MARCA IDENTIFICADA-TPMS-01,TPMS-01,"VALVULA METALICA PARA SENSOR (TPMS01,02,03,04,05,06,07,08,09)",,SIN MARCA IDENTIFICADA,VALVULAS PARA SENSOR,60.32,true,Activo,SIN MARCA IDENTIFICADA,691
SIN MARCA IDENTIFICADA-TPMS10,SIN MARCA IDENTIFICADA-TPMS10,TPMS10,VALVULA METALICA PARA SENSOR SCHRADER,,SIN MARCA IDENTIFICADA,VALVULAS PARA SENSOR,240.12,true,Activo,SIN MARCA IDENTIFICADA,692
SIN MARCA IDENTIFICADA-TR412,SIN MARCA IDENTIFICADA-TR412,TR412,TR412 VALVULA SELLOMATICA PARA MOTO,,SIN MARCA IDENTIFICADA,SELLOMATICAS,3.48,true,Activo,SIN MARCA IDENTIFICADA,694
SIN MARCA IDENTIFICADA-TR412AC,SIN MARCA IDENTIFICADA-TR412AC,TR412AC,TR412C VALVULA MOTO CON CASQUILLO,,SIN MARCA IDENTIFICADA,SELLOMATICAS,6.73,true,Activo,SIN MARCA IDENTIFICADA,695
SIN MARCA IDENTIFICADA-TR413,SIN MARCA IDENTIFICADA-TR413,TR413,TR413 VALVULA SELLOMATICA,,SIN MARCA IDENTIFICADA,SELLOMATICAS,1.70,true,Activo,SIN MARCA IDENTIFICADA,696
SIN MARCA IDENTIFICADA-TR413AC,SIN MARCA IDENTIFICADA-TR413AC,TR413AC,TR413C C/CASQUILLO,,SIN MARCA IDENTIFICADA,SELLOMATICAS,6.50,true,Activo,SIN MARCA IDENTIFICADA,697
SIN MARCA IDENTIFICADA-TR414,SIN MARCA IDENTIFICADA-TR414,TR414,TR414 VALVULA MEDIANA,,SIN MARCA IDENTIFICADA,SELLOMATICAS,6.61,true,Activo,SIN MARCA IDENTIFICADA,698
SIN MARCA IDENTIFICADA-TR415,SIN MARCA IDENTIFICADA-TR415,TR415,TR415 VALVULA GORDA,,SIN MARCA IDENTIFICADA,SELLOMATICAS,5.45,true,Activo,SIN MARCA IDENTIFICADA,699
SIN MARCA IDENTIFICADA-TR418,SIN MARCA IDENTIFICADA-TR418,TR418,TR418 VALVULA PARA COCHE LARGA,,SIN MARCA IDENTIFICADA,SELLOMATICAS,6.61,true,Activo,SIN MARCA IDENTIFICADA,700
SIN MARCA IDENTIFICADA-TR425,SIN MARCA IDENTIFICADA-TR425,TR425,TR425 VALVULA GORDA LARGA,,SIN MARCA IDENTIFICADA,SELLOMATICAS,7.19,true,Activo,SIN MARCA IDENTIFICADA,701
SIN MARCA IDENTIFICADA-TR416B,SIN MARCA IDENTIFICADA-TR416B,TR416B,TR416B ENKEY,,SIN MARCA IDENTIFICADA,ENKEY,24.13,true,Activo,SIN MARCA IDENTIFICADA,703
SIN MARCA IDENTIFICADA-TR416,SIN MARCA IDENTIFICADA-TR416,TR416,TR 416 ENKEY,,SIN MARCA IDENTIFICADA,ENKEY,24.13,true,Activo,SIN MARCA IDENTIFICADA,704
SIN MARCA IDENTIFICADA-TR416L,SIN MARCA IDENTIFICADA-TR416L,TR416L,TR416L ENKEY,,SIN MARCA IDENTIFICADA,ENKEY,26.62,true,Activo,SIN MARCA IDENTIFICADA,705
SIN MARCA IDENTIFICADA-VS8,SIN MARCA IDENTIFICADA-VS8,VS8,VS8 ENKEY,,SIN MARCA IDENTIFICADA,ENKEY,24.13,true,Activo,SIN MARCA IDENTIFICADA,706
SIN MARCA IDENTIFICADA-VS8L,SIN MARCA IDENTIFICADA-VS8L,VS8L,VS8L ENKEY,,SIN MARCA IDENTIFICADA,ENKEY,24.13,true,Activo,SIN MARCA IDENTIFICADA,707
SIN MARCA IDENTIFICADA-VS845,SIN MARCA IDENTIFICADA-VS845,VS845,VS8 45 ENKEY,,SIN MARCA IDENTIFICADA,ENKEY,24.13,true,Activo,SIN MARCA IDENTIFICADA,708
SIN MARCA IDENTIFICADA-VS890,SIN MARCA IDENTIFICADA-VS890,VS890,VS8 90 ENKEY,,SIN MARCA IDENTIFICADA,ENKEY,24.13,true,Activo,SIN MARCA IDENTIFICADA,709
SIN MARCA IDENTIFICADA-TR600HP,SIN MARCA IDENTIFICADA-TR600HP,TR600HP,TR600HP ALTA VELOCIDAD,,SIN MARCA IDENTIFICADA,DE ALTA VELOCIDAD,15.66,true,Activo,SIN MARCA IDENTIFICADA,711
SIN MARCA IDENTIFICADA-TR602HP,SIN MARCA IDENTIFICADA-TR602HP,TR602HP,TR602HP ALTA VELOCIDAD,,SIN MARCA IDENTIFICADA,DE ALTA VELOCIDAD,15.66,true,Activo,SIN MARCA IDENTIFICADA,712
SIN MARCA IDENTIFICADA-TR802,SIN MARCA IDENTIFICADA-TR802,TR802,TR802 HP ALTA VELOCIDAD,,SIN MARCA IDENTIFICADA,DE ALTA VELOCIDAD,20.53,true,Activo,SIN MARCA IDENTIFICADA,713
SIN MARCA IDENTIFICADA-AW007,SIN MARCA IDENTIFICADA-AW007,AW007,KIT VALVULA INVISIBLE,,SIN MARCA IDENTIFICADA,DE ALTA VELOCIDAD,174.00,true,Activo,SIN MARCA IDENTIFICADA,714
SIN MARCA IDENTIFICADA-PVR70,SIN MARCA IDENTIFICADA-PVR70,PVR70,PVR70 O TR401 VALVULA SELLOMATICA MOTO ANGULO 90°,,SIN MARCA IDENTIFICADA,PARA MOTO,24.13,true,Activo,SIN MARCA IDENTIFICADA,716
SIN MARCA IDENTIFICADA-PVR50,SIN MARCA IDENTIFICADA-PVR50,PVR50,PVR50 VALVULA DELGADA SELLOMATICA MOTO ANGULO 90°,,SIN MARCA IDENTIFICADA,PARA MOTO,24.13,true,Activo,SIN MARCA IDENTIFICADA,717
SIN MARCA IDENTIFICADA-PVR30,SIN MARCA IDENTIFICADA-PVR30,PVR30,PVR 30 VALVULA METALICA DOBLADA PARA MOTO,,SIN MARCA IDENTIFICADA,PARA MOTO,38.74,true,Activo,SIN MARCA IDENTIFICADA,718
SIN MARCA IDENTIFICADA-PVR32,SIN MARCA IDENTIFICADA-PVR32,PVR32,PVR 32 VALVULA METALICA DOBLADA PARA MOTO,,SIN MARCA IDENTIFICADA,PARA MOTO,38.74,true,Activo,SIN MARCA IDENTIFICADA,719
SIN MARCA IDENTIFICADA-TR618A,SIN MARCA IDENTIFICADA-TR618A,TR618A,TR618A METALICA,,SIN MARCA IDENTIFICADA,AGRICOLA/MOVETIERRA,58.00,true,Activo,SIN MARCA IDENTIFICADA,721
SIN MARCA IDENTIFICADA-TR618,SIN MARCA IDENTIFICADA-TR618,TR618,TR618 HULE,,SIN MARCA IDENTIFICADA,AGRICOLA/MOVETIERRA,52.43,true,Activo,SIN MARCA IDENTIFICADA,722
SIN MARCA IDENTIFICADA-TR6503,SIN MARCA IDENTIFICADA-TR6503,TR6503,TRJ650-03 P/LLANTA GIGANTE,,SIN MARCA IDENTIFICADA,AGRICOLA/MOVETIERRA,181.54,true,Activo,SIN MARCA IDENTIFICADA,723
SIN MARCA IDENTIFICADA-TR6523,SIN MARCA IDENTIFICADA-TR6523,TR6523,TRJ 652-03,,SIN MARCA IDENTIFICADA,AGRICOLA/MOVETIERRA,181.54,true,Activo,SIN MARCA IDENTIFICADA,724
SIN MARCA IDENTIFICADA-TR6532,SIN MARCA IDENTIFICADA-TR6532,TR6532,TRJ 653-02,,SIN MARCA IDENTIFICADA,AGRICOLA/MOVETIERRA,181.54,true,Activo,SIN MARCA IDENTIFICADA,725
SIN MARCA IDENTIFICADA-TR670,SIN MARCA IDENTIFICADA-TR670,TR670,TRJ670-03 P/LLANTA GIGANTE,,SIN MARCA IDENTIFICADA,AGRICOLA/MOVETIERRA,181.54,true,Activo,SIN MARCA IDENTIFICADA,726
SIN MARCA IDENTIFICADA-TR621A,SIN MARCA IDENTIFICADA-TR621A,TR621A,TR621A,,SIN MARCA IDENTIFICADA,AGRICOLA/MOVETIERRA,120.64,true,Activo,SIN MARCA IDENTIFICADA,727
SIN MARCA IDENTIFICADA-TR622A,SIN MARCA IDENTIFICADA-TR622A,TR622A,TR622A,,SIN MARCA IDENTIFICADA,AGRICOLA/MOVETIERRA,120.64,true,Activo,SIN MARCA IDENTIFICADA,728
SIN MARCA IDENTIFICADA-TR623A,SIN MARCA IDENTIFICADA-TR623A,TR623A,TR623A,,SIN MARCA IDENTIFICADA,AGRICOLA/MOVETIERRA,120.64,true,Activo,SIN MARCA IDENTIFICADA,729
SIN MARCA IDENTIFICADA-TR543,SIN MARCA IDENTIFICADA-TR543,TR543,TR543,,SIN MARCA IDENTIFICADA,PARA CAMION,47.21,true,Activo,SIN MARCA IDENTIFICADA,732
SIN MARCA IDENTIFICADA-TR543D,SIN MARCA IDENTIFICADA-TR543D,TR543D,TR543D,,SIN MARCA IDENTIFICADA,PARA CAMION,47.21,true,Activo,SIN MARCA IDENTIFICADA,733
SIN MARCA IDENTIFICADA-TR543E,SIN MARCA IDENTIFICADA-TR543E,TR543E,TR543E,,SIN MARCA IDENTIFICADA,PARA CAMION,47.21,true,Activo,SIN MARCA IDENTIFICADA,734
SIN MARCA IDENTIFICADA-TR544,SIN MARCA IDENTIFICADA-TR544,TR544,TR544,,SIN MARCA IDENTIFICADA,PARA CAMION,47.21,true,Activo,SIN MARCA IDENTIFICADA,735
SIN MARCA IDENTIFICADA-TR544D,SIN MARCA IDENTIFICADA-TR544D,TR544D,TR544D,,SIN MARCA IDENTIFICADA,PARA CAMION,47.21,true,Activo,SIN MARCA IDENTIFICADA,736
SIN MARCA IDENTIFICADA-TR545,SIN MARCA IDENTIFICADA-TR545,TR545,TR545,,SIN MARCA IDENTIFICADA,PARA CAMION,47.21,true,Activo,SIN MARCA IDENTIFICADA,737
SIN MARCA IDENTIFICADA-TR545D,SIN MARCA IDENTIFICADA-TR545D,TR545D,TR545D,,SIN MARCA IDENTIFICADA,PARA CAMION,47.21,true,Activo,SIN MARCA IDENTIFICADA,738
SIN MARCA IDENTIFICADA-TR552,SIN MARCA IDENTIFICADA-TR552,TR552,TR552,,SIN MARCA IDENTIFICADA,PARA CAMION,75.63,true,Activo,SIN MARCA IDENTIFICADA,739
SIN MARCA IDENTIFICADA-TR555D,SIN MARCA IDENTIFICADA-TR555D,TR555D,TR555D,,SIN MARCA IDENTIFICADA,PARA CAMION,60.44,true,Activo,SIN MARCA IDENTIFICADA,740
SIN MARCA IDENTIFICADA-TR1175 A,SIN MARCA IDENTIFICADA-TR1175 A,TR1175 A,TR1175 A,,SIN MARCA IDENTIFICADA,PARA CAMION,252.07,true,Activo,SIN MARCA IDENTIFICADA,741
SIN MARCA IDENTIFICADA-TR1175 C,SIN MARCA IDENTIFICADA-TR1175 C,TR1175 C,TR1175 C,,SIN MARCA IDENTIFICADA,PARA CAMION,252.07,true,Activo,SIN MARCA IDENTIFICADA,742
SIN MARCA IDENTIFICADA-TR1075 A,SIN MARCA IDENTIFICADA-TR1075 A,TR1075 A,TR1075 A,,SIN MARCA IDENTIFICADA,PARA CAMION,252.07,true,Activo,SIN MARCA IDENTIFICADA,743
SIN MARCA IDENTIFICADA-TR509,SIN MARCA IDENTIFICADA-TR509,TR509,TR509 P/RIN DE ALUMINIO,,SIN MARCA IDENTIFICADA,PARA CAMION,51.97,true,Activo,SIN MARCA IDENTIFICADA,744
SIN MARCA IDENTIFICADA-TR510,SIN MARCA IDENTIFICADA-TR510,TR510,TR510 P/RIN DE ALUMINIO,,SIN MARCA IDENTIFICADA,PARA CAMION,51.97,true,Activo,SIN MARCA IDENTIFICADA,745
SIN MARCA IDENTIFICADA-TRMS 60,SIN MARCA IDENTIFICADA-TRMS 60,TRMS 60,TRMS 60,,SIN MARCA IDENTIFICADA,PARA CAMION,80.62,true,Activo,SIN MARCA IDENTIFICADA,746
SIN MARCA IDENTIFICADA-TRMS 70-7,SIN MARCA IDENTIFICADA-TRMS 70-7,TRMS 70-7,TRMS 70-7,,SIN MARCA IDENTIFICADA,PARA CAMION,48.37,true,Activo,SIN MARCA IDENTIFICADA,747
SIN MARCA IDENTIFICADA-V3.12.1,SIN MARCA IDENTIFICADA-V3.12.1,V3.12.1,TR V3.12.1,,SIN MARCA IDENTIFICADA,PARA CAMION,60.44,true,Activo,SIN MARCA IDENTIFICADA,748
SIN MARCA IDENTIFICADA-V3.12.2,SIN MARCA IDENTIFICADA-V3.12.2,V3.12.2,TR V3.12.2,,SIN MARCA IDENTIFICADA,PARA CAMION,60.44,true,Activo,SIN MARCA IDENTIFICADA,749
SIN MARCA IDENTIFICADA-V3.14.1,SIN MARCA IDENTIFICADA-V3.14.1,V3.14.1,TR V3.14.1,,SIN MARCA IDENTIFICADA,PARA CAMION,60.44,true,Activo,SIN MARCA IDENTIFICADA,750
SIN MARCA IDENTIFICADA-V3.14.3,SIN MARCA IDENTIFICADA-V3.14.3,V3.14.3,TR V3.14.3,,SIN MARCA IDENTIFICADA,PARA CAMION,60.44,true,Activo,SIN MARCA IDENTIFICADA,751
SIN MARCA IDENTIFICADA-V3.16.1,SIN MARCA IDENTIFICADA-V3.16.1,V3.16.1,V3.16.1,,SIN MARCA IDENTIFICADA,PARA CAMION,60.44,true,Activo,SIN MARCA IDENTIFICADA,752
SIN MARCA IDENTIFICADA-V3.16.2,SIN MARCA IDENTIFICADA-V3.16.2,V3.16.2,V3.16.2,,SIN MARCA IDENTIFICADA,PARA CAMION,60.44,true,Activo,SIN MARCA IDENTIFICADA,753
SIN MARCA IDENTIFICADA-V3.22.1,SIN MARCA IDENTIFICADA-V3.22.1,V3.22.1,TRV3.22.1,,SIN MARCA IDENTIFICADA,PARA CAMION,55.56,true,Activo,SIN MARCA IDENTIFICADA,754
SIN MARCA IDENTIFICADA-V3.20.4,SIN MARCA IDENTIFICADA-V3.20.4,V3.20.4,TR V3.20.4 MERCEDES,,SIN MARCA IDENTIFICADA,PARA CAMION,55.56,true,Activo,SIN MARCA IDENTIFICADA,755
SIN MARCA IDENTIFICADA-V3.20.5,SIN MARCA IDENTIFICADA-V3.20.5,V3.20.5,V3.20.5,,SIN MARCA IDENTIFICADA,PARA CAMION,55.56,true,Activo,SIN MARCA IDENTIFICADA,756
SIN MARCA IDENTIFICADA-TR573,SIN MARCA IDENTIFICADA-TR573,TR573,TR573,,SIN MARCA IDENTIFICADA,PARA CAMION,20.97,true,Activo,SIN MARCA IDENTIFICADA,757
SIN MARCA IDENTIFICADA-TR573S,SIN MARCA IDENTIFICADA-TR573S,TR573S,TR573SCHRADER,,SIN MARCA IDENTIFICADA,PARA CAMION,41.00,true,Activo,SIN MARCA IDENTIFICADA,758
SIN MARCA IDENTIFICADA-TR500,SIN MARCA IDENTIFICADA-TR500,TR500,TR500,,SIN MARCA IDENTIFICADA,PARA CAMION,32.60,true,Activo,SIN MARCA IDENTIFICADA,759
SIN MARCA IDENTIFICADA-TR501,SIN MARCA IDENTIFICADA-TR501,TR501,TR501,,SIN MARCA IDENTIFICADA,PARA CAMION,32.60,true,Activo,SIN MARCA IDENTIFICADA,760
SIN MARCA IDENTIFICADA-TR515,SIN MARCA IDENTIFICADA-TR515,TR515,TR515,,SIN MARCA IDENTIFICADA,PARA CAMION,150.80,true,Activo,SIN MARCA IDENTIFICADA,761
SIN MARCA IDENTIFICADA-TR572,SIN MARCA IDENTIFICADA-TR572,TR572,TR572,,SIN MARCA IDENTIFICADA,PARA CAMION,30.24,true,Activo,SIN MARCA IDENTIFICADA,762
SIN MARCA IDENTIFICADA-TR501 OV,SIN MARCA IDENTIFICADA-TR501 OV,TR501 OV,TR501 OV,,SIN MARCA IDENTIFICADA,PARA CAMION,60.44,true,Activo,SIN MARCA IDENTIFICADA,763
SIN MARCA IDENTIFICADA-CASC,SIN MARCA IDENTIFICADA-CASC,CASC,"CASQUILLO CROMADO (ROJO, AZUL, VERDE, AMARILLO, CROMADO)",,SIN MARCA IDENTIFICADA,ACCESORIOS PARA VALVULAS,2.20,true,Activo,SIN MARCA IDENTIFICADA,766
SIN MARCA IDENTIFICADA-CASBC,SIN MARCA IDENTIFICADA-CASBC,CASBC,"CASQUILLO Y TAPON CON BLISTER (ROJO, AZUL, VERDE, AMARILLO, CROMADO, MORADO, NARANJA, NEGRO)",,SIN MARCA IDENTIFICADA,ACCESORIOS PARA VALVULAS,34.80,true,Activo,SIN MARCA IDENTIFICADA,767
SIN MARCA IDENTIFICADA-CAS,SIN MARCA IDENTIFICADA-CAS,CAS,"CASQUILLO Y TAPON DE COLOR (ROJO, AZUL, VERDE, AMARILLO, CROMADO)",,SIN MARCA IDENTIFICADA,ACCESORIOS PARA VALVULAS,4.18,true,Activo,SIN MARCA IDENTIFICADA,768
SIN MARCA IDENTIFICADA-CAS1520,SIN MARCA IDENTIFICADA-CAS1520,CAS1520,CASQUILLO CROMADO LARGO PARA TPMS 1520,Nota de migracion: Precio faltante en origen,SIN MARCA IDENTIFICADA,ACCESORIOS PARA VALVULAS,0.00,false,Pendiente,SIN MARCA IDENTIFICADA,769
SIN MARCA IDENTIFICADA-TAPC,SIN MARCA IDENTIFICADA-TAPC,TAPC,"TAPON CROMADO (ROJO, AZUL, VERDE, AMARILLO, CROMADO)",,SIN MARCA IDENTIFICADA,ACCESORIOS PARA VALVULAS,2.20,true,Activo,SIN MARCA IDENTIFICADA,770
SIN MARCA IDENTIFICADA-TN2,SIN MARCA IDENTIFICADA-TN2,TN2,TAPON CROMADO N2,,SIN MARCA IDENTIFICADA,ACCESORIOS PARA VALVULAS,2.61,true,Activo,SIN MARCA IDENTIFICADA,771
SIN MARCA IDENTIFICADA-TTAR,SIN MARCA IDENTIFICADA-TTAR,TTAR,TAPON TARRAJA,,SIN MARCA IDENTIFICADA,ACCESORIOS PARA VALVULAS,4.00,true,Activo,SIN MARCA IDENTIFICADA,772
SIN MARCA IDENTIFICADA-T573,SIN MARCA IDENTIFICADA-T573,T573,TAPON PARA VALVULA 573,,SIN MARCA IDENTIFICADA,ACCESORIOS PARA VALVULAS,2.41,true,Activo,SIN MARCA IDENTIFICADA,773
SIN MARCA IDENTIFICADA-TJUM,SIN MARCA IDENTIFICADA-TJUM,TJUM,TAPON TARRAJA P/VALVULA JUMBO,,SIN MARCA IDENTIFICADA,ACCESORIOS PARA VALVULAS,18.10,true,Activo,SIN MARCA IDENTIFICADA,774
SIN MARCA IDENTIFICADA-BTPN,SIN MARCA IDENTIFICADA-BTPN,BTPN,"BOLSA DE TAPON DE PLASTICO ROJO, AMARILO, GRIS, V ,N",,SIN MARCA IDENTIFICADA,ACCESORIOS PARA VALVULAS,120.99,true,Activo,SIN MARCA IDENTIFICADA,775
SIN MARCA IDENTIFICADA-ADJH,SIN MARCA IDENTIFICADA-ADJH,ADJH,ADAPTADOR JUMBO HEMBRA O MACHO,,SIN MARCA IDENTIFICADA,ACCESORIOS PARA VALVULAS,26.56,true,Activo,SIN MARCA IDENTIFICADA,776
SIN MARCA IDENTIFICADA-A100,SIN MARCA IDENTIFICADA-A100,A100,PIVOTE CORTO Y LARGO,,SIN MARCA IDENTIFICADA,PIVOTES,1.21,true,Activo,SIN MARCA IDENTIFICADA,779
SIN MARCA IDENTIFICADA-A145,SIN MARCA IDENTIFICADA-A145,A145,PIVOTE JUMBO CORTO,,SIN MARCA IDENTIFICADA,PIVOTES,24.20,true,Activo,SIN MARCA IDENTIFICADA,780
SIN MARCA IDENTIFICADA-EM13,SIN MARCA IDENTIFICADA-EM13,EM13,EXTENSION METALICA 13mm (TAPON DOBLE SELLO),,SIN MARCA IDENTIFICADA,EXTENSIONES,15.66,true,Activo,SIN MARCA IDENTIFICADA,782
SIN MARCA IDENTIFICADA-EM19,SIN MARCA IDENTIFICADA-EM19,EM19,EXTENSION METALICA 19y32mm,,SIN MARCA IDENTIFICADA,EXTENSIONES,15.66,true,Activo,SIN MARCA IDENTIFICADA,783
SIN MARCA IDENTIFICADA-EM54,SIN MARCA IDENTIFICADA-EM54,EM54,EXTENSION METALICA 54y78mm,,SIN MARCA IDENTIFICADA,EXTENSIONES,36.31,true,Activo,SIN MARCA IDENTIFICADA,784
SIN MARCA IDENTIFICADA-EM110,SIN MARCA IDENTIFICADA-EM110,EM110,EXTENSION METALICA 110y127mm,,SIN MARCA IDENTIFICADA,EXTENSIONES,42.34,true,Activo,SIN MARCA IDENTIFICADA,785
SIN MARCA IDENTIFICADA-EM142,SIN MARCA IDENTIFICADA-EM142,EM142,EXTENSION METALICA 142mm,,SIN MARCA IDENTIFICADA,EXTENSIONES,49.53,true,Activo,SIN MARCA IDENTIFICADA,786
SIN MARCA IDENTIFICADA-EM152,SIN MARCA IDENTIFICADA-EM152,EM152,EXTENSION METALICA 152mm,,SIN MARCA IDENTIFICADA,EXTENSIONES,53.24,true,Activo,SIN MARCA IDENTIFICADA,787
SIN MARCA IDENTIFICADA-EP13,SIN MARCA IDENTIFICADA-EP13,EP13,"EXTENSION PLASTICO 13,19,32y38mm",,SIN MARCA IDENTIFICADA,EXTENSIONES,3.63,true,Activo,SIN MARCA IDENTIFICADA,788
SIN MARCA IDENTIFICADA-ED1,SIN MARCA IDENTIFICADA-ED1,ED1,EXTENSION METALICA DOBLADA 45°,,SIN MARCA IDENTIFICADA,EXTENSIONES,36.31,true,Activo,SIN MARCA IDENTIFICADA,789
SIN MARCA IDENTIFICADA-ED2,SIN MARCA IDENTIFICADA-ED2,ED2,EXTENSION METALICA DOBLADA 90°,,SIN MARCA IDENTIFICADA,EXTENSIONES,36.31,true,Activo,SIN MARCA IDENTIFICADA,790
SIN MARCA IDENTIFICADA-ED3,SIN MARCA IDENTIFICADA-ED3,ED3,EXTENSION METALICA DOBLADA 130°,,SIN MARCA IDENTIFICADA,EXTENSIONES,36.31,true,Activo,SIN MARCA IDENTIFICADA,791
SIN MARCA IDENTIFICADA-EFH180,SIN MARCA IDENTIFICADA-EFH180,EFH180,EXTENSION MANGUERA ( NEGRA FLEXIBLE 180 MM),,SIN MARCA IDENTIFICADA,EXTENSIONES,54.40,true,Activo,SIN MARCA IDENTIFICADA,792
SIN MARCA IDENTIFICADA-EFH210,SIN MARCA IDENTIFICADA-EFH210,EFH210,EXTENSION MANGUERA ( NEGRA FLEXIBLE 210 MM),,SIN MARCA IDENTIFICADA,EXTENSIONES,58.08,true,Activo,SIN MARCA IDENTIFICADA,793
SIN MARCA IDENTIFICADA-EFM210,SIN MARCA IDENTIFICADA-EFM210,EFM210,EXTENSION MANGUERA METALICA 210MM,,SIN MARCA IDENTIFICADA,EXTENSIONES,78.65,true,Activo,SIN MARCA IDENTIFICADA,794
SIN MARCA IDENTIFICADA-EJM152,SIN MARCA IDENTIFICADA-EJM152,EJM152,EXTENSION JUMBO METALICA 152 MM,,SIN MARCA IDENTIFICADA,EXTENSIONES,356.93,true,Activo,SIN MARCA IDENTIFICADA,795
SIN MARCA IDENTIFICADA-753S18,SIN MARCA IDENTIFICADA-753S18,753S18,EXTENSION MANGUERA JUMBO 18 * HALTEC,,SIN MARCA IDENTIFICADA,EXTENSIONES,737.76,true,Activo,SIN MARCA IDENTIFICADA,796
SIN MARCA IDENTIFICADA-EJF225,SIN MARCA IDENTIFICADA-EJF225,EJF225,EXTENSION MANGUERA JUMBO FLEXIBLE 225 MM,,SIN MARCA IDENTIFICADA,EXTENSIONES,169.36,true,Activo,SIN MARCA IDENTIFICADA,797
SIN MARCA IDENTIFICADA-EJF400,SIN MARCA IDENTIFICADA-EJF400,EJF400,EXTENSION MANGUERA JUMBO FLEXIBLE 400 MM,,SIN MARCA IDENTIFICADA,EXTENSIONES,217.73,true,Activo,SIN MARCA IDENTIFICADA,798
SIN MARCA IDENTIFICADA-EJF350,SIN MARCA IDENTIFICADA-EJF350,EJF350,EXTENSION MANGUERA JUMBO FLEXIBLE 350 MM,,SIN MARCA IDENTIFICADA,EXTENSIONES,169.36,true,Activo,SIN MARCA IDENTIFICADA,799
SIN MARCA IDENTIFICADA-CEM01,SIN MARCA IDENTIFICADA-CEM01,CEM01,"CLIPS PARA EXTENSION MANGUERA (001, 002, 003)",,SIN MARCA IDENTIFICADA,EXTENSIONES,36.31,true,Activo,SIN MARCA IDENTIFICADA,800
SIN MARCA IDENTIFICADA-E670,SIN MARCA IDENTIFICADA-E670,E670,EMPAQUE SERIES 670,,SIN MARCA IDENTIFICADA,EMPAQUES,9.28,true,Activo,SIN MARCA IDENTIFICADA,803
SIN MARCA IDENTIFICADA-E573,SIN MARCA IDENTIFICADA-E573,E573,EMPAQUE 573 NEGRO,,SIN MARCA IDENTIFICADA,EMPAQUES,2.41,true,Activo,SIN MARCA IDENTIFICADA,804
SIN MARCA IDENTIFICADA-E573R,SIN MARCA IDENTIFICADA-E573R,E573R,EMPAQUE 573 ROJO,,SIN MARCA IDENTIFICADA,EMPAQUES,2.41,true,Activo,SIN MARCA IDENTIFICADA,805
SIN MARCA IDENTIFICADA-E573V,SIN MARCA IDENTIFICADA-E573V,E573V,EMPAQUE 573 SILICON VERDE,,SIN MARCA IDENTIFICADA,EMPAQUES,3.60,true,Activo,SIN MARCA IDENTIFICADA,806
SIN MARCA IDENTIFICADA-E573VV,SIN MARCA IDENTIFICADA-E573VV,E573VV,EMPAQUE E573 VERDE ALTA TEMPERATURA,,SIN MARCA IDENTIFICADA,EMPAQUES,15.60,true,Activo,SIN MARCA IDENTIFICADA,807
SIN MARCA IDENTIFICADA-EBOQ,SIN MARCA IDENTIFICADA-EBOQ,EBOQ,EMPAQUE PARA BOQUILLA,,SIN MARCA IDENTIFICADA,EMPAQUES,1.21,true,Activo,SIN MARCA IDENTIFICADA,808
SIN MARCA IDENTIFICADA-EMAN,SIN MARCA IDENTIFICADA-EMAN,EMAN,EMPAQUE PARA MANDRIL,,SIN MARCA IDENTIFICADA,EMPAQUES,1.21,true,Activo,SIN MARCA IDENTIFICADA,809
SIN MARCA IDENTIFICADA-E555,SIN MARCA IDENTIFICADA-E555,E555,EMPAQUE VALVULA 555,,SIN MARCA IDENTIFICADA,EMPAQUES,12.06,true,Activo,SIN MARCA IDENTIFICADA,810
SIN MARCA IDENTIFICADA-E545,SIN MARCA IDENTIFICADA-E545,E545,EMPAQUE ROJO P VALVULA 545D (ORING),,SIN MARCA IDENTIFICADA,EMPAQUES,6.03,true,Activo,SIN MARCA IDENTIFICADA,811
SIN MARCA IDENTIFICADA-E509,SIN MARCA IDENTIFICADA-E509,E509,EMPAQUE VALVULA 509,,SIN MARCA IDENTIFICADA,EMPAQUES,9.28,true,Activo,SIN MARCA IDENTIFICADA,812
SIN MARCA IDENTIFICADA-E320,SIN MARCA IDENTIFICADA-E320,E320,EMPAQUE VALVULA SERIES 3.20.4,,SIN MARCA IDENTIFICADA,EMPAQUES,6.03,true,Activo,SIN MARCA IDENTIFICADA,813
SIN MARCA IDENTIFICADA-E650,SIN MARCA IDENTIFICADA-E650,E650,EMPAQUE SERIE 670/650,,SIN MARCA IDENTIFICADA,EMPAQUES,9.28,true,Activo,SIN MARCA IDENTIFICADA,814
SIN MARCA IDENTIFICADA-E618,SIN MARCA IDENTIFICADA-E618,E618,EMPAQUE VALVULA 618 A,,SIN MARCA IDENTIFICADA,EMPAQUES,9.28,true,Activo,SIN MARCA IDENTIFICADA,815
SIN MARCA IDENTIFICADA-SAC 01,SIN MARCA IDENTIFICADA-SAC 01,SAC 01,SACAPIVOTE ANARANJADO CORTO,,SIN MARCA IDENTIFICADA,SACAPIVOTES,12.06,true,Activo,SIN MARCA IDENTIFICADA,817
SIN MARCA IDENTIFICADA-SAC 02,SIN MARCA IDENTIFICADA-SAC 02,SAC 02,SACAPIVOTE JUMBO DOS USOS,,SIN MARCA IDENTIFICADA,SACAPIVOTES,16.94,true,Activo,SIN MARCA IDENTIFICADA,818
SIN MARCA IDENTIFICADA-SAC 03,SIN MARCA IDENTIFICADA-SAC 03,SAC 03,SACAPIVOTE LARGO,,SIN MARCA IDENTIFICADA,SACAPIVOTES,16.94,true,Activo,SIN MARCA IDENTIFICADA,819
SIN MARCA IDENTIFICADA-SAC 04,SIN MARCA IDENTIFICADA-SAC 04,SAC 04,SACAPIVOTE METAL CORTO LLAVER,,SIN MARCA IDENTIFICADA,SACAPIVOTES,12.06,true,Activo,SIN MARCA IDENTIFICADA,820
SIN MARCA IDENTIFICADA-SAC 05,SIN MARCA IDENTIFICADA-SAC 05,SAC 05,SACAPIVOTE AZUL,,SIN MARCA IDENTIFICADA,SACAPIVOTES,10.90,true,Activo,SIN MARCA IDENTIFICADA,821
SIN MARCA IDENTIFICADA-SAC 06,SIN MARCA IDENTIFICADA-SAC 06,SAC 06,SACAPIVOTE METAL LARGO LLAVERO,,SIN MARCA IDENTIFICADA,SACAPIVOTES,16.80,true,Activo,SIN MARCA IDENTIFICADA,822
SIN MARCA IDENTIFICADA-SAC 07,SIN MARCA IDENTIFICADA-SAC 07,SAC 07,SACAPIVOTE ROJO NEGRO 5.5 CM,,SIN MARCA IDENTIFICADA,SACAPIVOTES,12.06,true,Activo,SIN MARCA IDENTIFICADA,823
SIN MARCA IDENTIFICADA-SAC 08,SIN MARCA IDENTIFICADA-SAC 08,SAC 08,SACAPIVOTE USA,,SIN MARCA IDENTIFICADA,SACAPIVOTES,71.00,true,Activo,SIN MARCA IDENTIFICADA,824
SIN MARCA IDENTIFICADA-SAC 09,SIN MARCA IDENTIFICADA-SAC 09,SAC 09,SACAPIVOTE OCULTO,,SIN MARCA IDENTIFICADA,SACAPIVOTES,10.79,true,Activo,SIN MARCA IDENTIFICADA,825
SIN MARCA IDENTIFICADA-SAC 10,SIN MARCA IDENTIFICADA-SAC 10,SAC 10,TARRAJA 4 USOS CROMADA,,SIN MARCA IDENTIFICADA,SACAPIVOTES,13.22,true,Activo,SIN MARCA IDENTIFICADA,826
SIN MARCA IDENTIFICADA-SAC 11,SIN MARCA IDENTIFICADA-SAC 11,SAC 11,TARRAJA 4 USOS JUMBO NEGRA,,SIN MARCA IDENTIFICADA,SACAPIVOTES,39.90,true,Activo,SIN MARCA IDENTIFICADA,827
SIN MARCA IDENTIFICADA-SAC 12,SIN MARCA IDENTIFICADA-SAC 12,SAC 12,TARRAJA 4 USOS NEGRA,,SIN MARCA IDENTIFICADA,SACAPIVOTES,13.22,true,Activo,SIN MARCA IDENTIFICADA,828
SIN MARCA IDENTIFICADA-SAC 13,SIN MARCA IDENTIFICADA-SAC 13,SAC 13,TARRAJA DOS USOS,,SIN MARCA IDENTIFICADA,SACAPIVOTES,10.88,true,Activo,SIN MARCA IDENTIFICADA,829
SIN MARCA IDENTIFICADA-SAC 14,SIN MARCA IDENTIFICADA-SAC 14,SAC 14,TARRAJA JUMBO REDONDA 4 USOS,,SIN MARCA IDENTIFICADA,SACAPIVOTES,48.37,true,Activo,SIN MARCA IDENTIFICADA,830
SIN MARCA IDENTIFICADA-SAC15,SIN MARCA IDENTIFICADA-SAC15,SAC15,SACAPIVOTE AGUAYO,,SIN MARCA IDENTIFICADA,SACAPIVOTES,20.00,true,Activo,SIN MARCA IDENTIFICADA,831
SIN MARCA IDENTIFICADA-SAC16,SIN MARCA IDENTIFICADA-SAC16,SAC16,SACAPIVOTE AGUAYO LARGO,,SIN MARCA IDENTIFICADA,SACAPIVOTES,24.00,true,Activo,SIN MARCA IDENTIFICADA,832
SIN MARCA IDENTIFICADA-SAC17,SIN MARCA IDENTIFICADA-SAC17,SAC17,SACAPIVOTE EXTRA LARGO,,SIN MARCA IDENTIFICADA,SACAPIVOTES,25.00,true,Activo,SIN MARCA IDENTIFICADA,833
SIN MARCA IDENTIFICADA-PAV1,SIN MARCA IDENTIFICADA-PAV1,PAV1,DESARMADOR PARA TUERCA TR573,,SIN MARCA IDENTIFICADA,ACCESORIOS,84.68,true,Activo,SIN MARCA IDENTIFICADA,835
SIN MARCA IDENTIFICADA-PAV2,SIN MARCA IDENTIFICADA-PAV2,PAV2,TUERCA 218,,SIN MARCA IDENTIFICADA,ACCESORIOS,9.63,true,Activo,SIN MARCA IDENTIFICADA,836
SIN MARCA IDENTIFICADA-EVCH3,SIN MARCA IDENTIFICADA-EVCH3,EVCH3,CENTRO DE VALVULA DE TRACTOR (218),,SIN MARCA IDENTIFICADA,ACCESORIOS,26.56,true,Activo,SIN MARCA IDENTIFICADA,837
SIN MARCA IDENTIFICADA-EH42,SIN MARCA IDENTIFICADA-EH42,EH42,CUERPO VALVULA TRJ670-03,,SIN MARCA IDENTIFICADA,ACCESORIOS,96.74,true,Activo,SIN MARCA IDENTIFICADA,838
SIN MARCA IDENTIFICADA-EH41,SIN MARCA IDENTIFICADA-EH41,EH41,BASE VALVULA TRJ670-03 O TRJ650-03,,SIN MARCA IDENTIFICADA,ACCESORIOS,96.74,true,Activo,SIN MARCA IDENTIFICADA,839
SIN MARCA IDENTIFICADA-MON 01,SIN MARCA IDENTIFICADA-MON 01,MON 01,MONTAVALVULA METALICO DE PALANCA,,SIN MARCA IDENTIFICADA,MONTAVALVULAS,72.50,true,Activo,SIN MARCA IDENTIFICADA,841
SIN MARCA IDENTIFICADA-MON 02,SIN MARCA IDENTIFICADA-MON 02,MON 02,MONTAVALVULA DE PLASTICO,,SIN MARCA IDENTIFICADA,MONTAVALVULAS,78.65,true,Activo,SIN MARCA IDENTIFICADA,842
SIN MARCA IDENTIFICADA-MON 03,SIN MARCA IDENTIFICADA-MON 03,MON 03,MONTAVALVULA FLEXIBLE,,SIN MARCA IDENTIFICADA,MONTAVALVULAS,66.58,true,Activo,SIN MARCA IDENTIFICADA,843
SIN MARCA IDENTIFICADA-MON 04,SIN MARCA IDENTIFICADA-MON 04,MON 04,MONTAVALVULA CON PROTECCIÓN PLASTICA PARA TPMS,,SIN MARCA IDENTIFICADA,MONTAVALVULAS,96.74,true,Activo,SIN MARCA IDENTIFICADA,844
SIN MARCA IDENTIFICADA-MON 05,SIN MARCA IDENTIFICADA-MON 05,MON 05,DESMONTAVALVULA METALICO,,SIN MARCA IDENTIFICADA,MONTAVALVULAS,302.41,true,Activo,SIN MARCA IDENTIFICADA,845
SIN MARCA IDENTIFICADA-MON 06,SIN MARCA IDENTIFICADA-MON 06,MON 06,DOBLA VALVULA,,SIN MARCA IDENTIFICADA,MONTAVALVULAS,156.00,true,Activo,SIN MARCA IDENTIFICADA,846
SIN MARCA IDENTIFICADA-PLI14,SIN MARCA IDENTIFICADA-PLI14,PLI14,MANGUERA 1/4 ROJA PLIOVIC (229MTS/ROLLO) 250 PSI,,SIN MARCA IDENTIFICADA,MANGUERA,52.00,true,Activo,SIN MARCA IDENTIFICADA,848
SIN MARCA IDENTIFICADA-PLI38,SIN MARCA IDENTIFICADA-PLI38,PLI38,MANGUERA 3/8 ROJA PLIOVIC (229MTS/ROLLO) 250 PSI,,SIN MARCA IDENTIFICADA,MANGUERA,71.00,true,Activo,SIN MARCA IDENTIFICADA,849
SIN MARCA IDENTIFICADA-SER14,SIN MARCA IDENTIFICADA-SER14,SER14,MANGUERA ROJA CONTINENTAL FRONTIER 1⁄4 (152.4MTS/ROLLO) 250 PSI,,SIN MARCA IDENTIFICADA,MANGUERA,60.00,true,Activo,SIN MARCA IDENTIFICADA,850
SIN MARCA IDENTIFICADA-SER38,SIN MARCA IDENTIFICADA-SER38,SER38,MANGUERA ROJA CONTINENTAL FRONTEIR 3/8 (152.4MTS/ROLLO) 250 PSI,,SIN MARCA IDENTIFICADA,MANGUERA,74.00,true,Activo,SIN MARCA IDENTIFICADA,851
SIN MARCA IDENTIFICADA-SER34K,SIN MARCA IDENTIFICADA-SER34K,SER34K,MANGUERA 3/4 ROJA CONTINENTAL C/CONEXIONES (15 MTROS) 200 PSI,,SIN MARCA IDENTIFICADA,MANGUERA,2224.00,true,Activo,SIN MARCA IDENTIFICADA,852
SIN MARCA IDENTIFICADA-SER34,SIN MARCA IDENTIFICADA-SER34,SER34,MANGUERA 3/4 ROJA CONTINENTAL C/CONEXIONES 200 PSI,,SIN MARCA IDENTIFICADA,MANGUERA,134.00,true,Activo,SIN MARCA IDENTIFICADA,853
SIN MARCA IDENTIFICADA-SER12,SIN MARCA IDENTIFICADA-SER12,SER12,MANGUERA ROJA FRONTIER 1⁄2 (152.4 MTS/ROLLO) 200 PSI,,SIN MARCA IDENTIFICADA,MANGUERA,96.00,true,Activo,SIN MARCA IDENTIFICADA,854
SIN MARCA IDENTIFICADA-GOR12,SIN MARCA IDENTIFICADA-GOR12,GOR12,MANGUERA GORILLA 1⁄2 500 PSI CONTINENTAL,,SIN MARCA IDENTIFICADA,MANGUERA,243.00,true,Activo,SIN MARCA IDENTIFICADA,855
SIN MARCA IDENTIFICADA-GOR38,SIN MARCA IDENTIFICADA-GOR38,GOR38,MANGUERA GORILA 3/8 500 PSI CONTINENTAL,,SIN MARCA IDENTIFICADA,MANGUERA,230.00,true,Activo,SIN MARCA IDENTIFICADA,856
SIN MARCA IDENTIFICADA-GOR14,SIN MARCA IDENTIFICADA-GOR14,GOR14,MANGUERA GORILA 1/4 500 PSI CONTINENTAL,,SIN MARCA IDENTIFICADA,MANGUERA,155.00,true,Activo,SIN MARCA IDENTIFICADA,857
SIN MARCA IDENTIFICADA-MRR15-1,SIN MARCA IDENTIFICADA-MRR15-1,MRR15-1,"MANGUERA RETRACTIL 1/4"" 15M 300 PSI REFORZADA",,SIN MARCA IDENTIFICADA,MANGUERA,2347.84,true,Activo,SIN MARCA IDENTIFICADA,858
SIN MARCA IDENTIFICADA-MMR15-3,SIN MARCA IDENTIFICADA-MMR15-3,MMR15-3,"MANGUERA RETRACTIL 1/2"" 15M 300PSI REFORZADA",,SIN MARCA IDENTIFICADA,MANGUERA,2800.24,true,Activo,SIN MARCA IDENTIFICADA,859
SIN MARCA IDENTIFICADA-MMR20-2,SIN MARCA IDENTIFICADA-MMR20-2,MMR20-2,"MANGUERA RETRACTIL 3/8"" 20M 300 PSI REFORZADA",,SIN MARCA IDENTIFICADA,MANGUERA,2700.48,true,Activo,SIN MARCA IDENTIFICADA,860
SIN MARCA IDENTIFICADA-MRR15-2,SIN MARCA IDENTIFICADA-MRR15-2,MRR15-2,"MANGUERA RETRACTIL 3/8"" 15M 300 PSI REFORZADA",,SIN MARCA IDENTIFICADA,MANGUERA,2499.80,true,Activo,SIN MARCA IDENTIFICADA,861
SIN MARCA IDENTIFICADA-MHR127,SIN MARCA IDENTIFICADA-MHR127,MHR127,MANGUERA DE HULE ROJA 1/4 300 PSI,,SIN MARCA IDENTIFICADA,MANGUERA,31.32,true,Activo,SIN MARCA IDENTIFICADA,862
SIN MARCA IDENTIFICADA-MHR635,SIN MARCA IDENTIFICADA-MHR635,MHR635,MANGUERA DE HULE ROJA 3/8 300 PSI,,SIN MARCA IDENTIFICADA,MANGUERA,38.63,true,Activo,SIN MARCA IDENTIFICADA,863
SIN MARCA IDENTIFICADA-MHR953,SIN MARCA IDENTIFICADA-MHR953,MHR953,MANGUERA DE HULE ROJA 1/2 300 PSI,,SIN MARCA IDENTIFICADA,MANGUERA,45.00,true,Activo,SIN MARCA IDENTIFICADA,864
SIN MARCA IDENTIFICADA-MRH350,SIN MARCA IDENTIFICADA-MRH350,MRH350,MANGUERA HIBRIDA 15 MTS 3/8 300LBS SALIDA 1/4,,SIN MARCA IDENTIFICADA,MANGUERA,315.00,true,Activo,SIN MARCA IDENTIFICADA,865
SIN MARCA IDENTIFICADA-MR15,SIN MARCA IDENTIFICADA-MR15,MR15,ROLLO MANGUERA 15 MTS 3/8 300LBS NEGRA SALIDA 1/4,,SIN MARCA IDENTIFICADA,MANGUERA,470.00,true,Activo,SIN MARCA IDENTIFICADA,866
SIN MARCA IDENTIFICADA-MPL 01,SIN MARCA IDENTIFICADA-MPL 01,MPL 01,MEDIDOR DE PROFUNDIDAD AGRICOLA METALICO,,SIN MARCA IDENTIFICADA,MEDIDORES DE PROFUNDIDAD,278.40,true,Activo,SIN MARCA IDENTIFICADA,871
SIN MARCA IDENTIFICADA-MPL 02,SIN MARCA IDENTIFICADA-MPL 02,MPL 02,MEDIDOR DE PROFUNDIDAD DIGITAL,,SIN MARCA IDENTIFICADA,MEDIDORES DE PROFUNDIDAD,229.68,true,Activo,SIN MARCA IDENTIFICADA,872
SIN MARCA IDENTIFICADA-MPL 03,SIN MARCA IDENTIFICADA-MPL 03,MPL 03,MEDIDOR DE PROFUNDIDAD METALICO,,SIN MARCA IDENTIFICADA,MEDIDORES DE PROFUNDIDAD,133.05,true,Activo,SIN MARCA IDENTIFICADA,873
SIN MARCA IDENTIFICADA-MPL 05,SIN MARCA IDENTIFICADA-MPL 05,MPL 05,MEDIDOR DE PROFUNDIDAD SEMAFORO,,SIN MARCA IDENTIFICADA,MEDIDORES DE PROFUNDIDAD,39.44,true,Activo,SIN MARCA IDENTIFICADA,874
SIN MARCA IDENTIFICADA-MPL 06,SIN MARCA IDENTIFICADA-MPL 06,MPL 06,MEDIDOR DE BARRENACION,,SIN MARCA IDENTIFICADA,MEDIDORES DE PROFUNDIDAD,301.60,true,Activo,SIN MARCA IDENTIFICADA,875
SIN MARCA IDENTIFICADA-MPL 07,SIN MARCA IDENTIFICADA-MPL 07,MPL 07,MEDIDOR LAPICERO DE PROFUNDIDAD AGRICOLA METALICO,,SIN MARCA IDENTIFICADA,MEDIDORES DE PROFUNDIDAD,120.64,true,Activo,SIN MARCA IDENTIFICADA,876
SIN MARCA IDENTIFICADA-CAR1,SIN MARCA IDENTIFICADA-CAR1,CAR1,"CARRETILLA DE MADERA 1 1⁄2 (1/16, 1/8, 1/4)",,SIN MARCA IDENTIFICADA,CARRETILLAS,66.55,true,Activo,SIN MARCA IDENTIFICADA,878
SIN MARCA IDENTIFICADA-CAR4,SIN MARCA IDENTIFICADA-CAR4,CAR4,CARRETILLA DE MADERA 2”,,SIN MARCA IDENTIFICADA,CARRETILLAS,72.50,true,Activo,SIN MARCA IDENTIFICADA,879
SIN MARCA IDENTIFICADA-CAR5,SIN MARCA IDENTIFICADA-CAR5,CAR5,CARRETILLA DE PLASTICO,,SIN MARCA IDENTIFICADA,CARRETILLAS,46.40,true,Activo,SIN MARCA IDENTIFICADA,880
SIN MARCA IDENTIFICADA-CAR6,SIN MARCA IDENTIFICADA-CAR6,CAR6,CARRETILLA RODILLO PLASTICO,,SIN MARCA IDENTIFICADA,CARRETILLAS,102.78,true,Activo,SIN MARCA IDENTIFICADA,881
SIN MARCA IDENTIFICADA-CAR7,SIN MARCA IDENTIFICADA-CAR7,CAR7,CARRETILLA-RASPADOR,,SIN MARCA IDENTIFICADA,CARRETILLAS,31.32,true,Activo,SIN MARCA IDENTIFICADA,882
SIN MARCA IDENTIFICADA-CAR8,SIN MARCA IDENTIFICADA-CAR8,CAR8,CARRETILLA RODILLO METALICO,,SIN MARCA IDENTIFICADA,CARRETILLAS,302.41,true,Activo,SIN MARCA IDENTIFICADA,883
SIN MARCA IDENTIFICADA-CAR9,SIN MARCA IDENTIFICADA-CAR9,CAR9,RASPADOR SEGUETA,,SIN MARCA IDENTIFICADA,CARRETILLAS,54.52,true,Activo,SIN MARCA IDENTIFICADA,884
SIN MARCA IDENTIFICADA-CAR10,SIN MARCA IDENTIFICADA-CAR10,CAR10,RASPADOR MANUAL DE AZADA,,SIN MARCA IDENTIFICADA,CARRETILLAS,66.47,true,Activo,SIN MARCA IDENTIFICADA,885
SIN MARCA IDENTIFICADA-INY6,SIN MARCA IDENTIFICADA-INY6,INY6,LEZNA DE MANGO DE PLASTICO O LIMA DE PLASTICO,,SIN MARCA IDENTIFICADA,LEZNAS Y LIMAS,50.81,true,Activo,SIN MARCA IDENTIFICADA,887
SIN MARCA IDENTIFICADA-INY7,SIN MARCA IDENTIFICADA-INY7,INY7,LEZNA O LIMA METALICA,,SIN MARCA IDENTIFICADA,LEZNAS Y LIMAS,78.65,true,Activo,SIN MARCA IDENTIFICADA,888
SIN MARCA IDENTIFICADA-INY8,SIN MARCA IDENTIFICADA-INY8,INY8,ESCAREAODOR METALICO 9MM,,SIN MARCA IDENTIFICADA,LEZNAS Y LIMAS,90.48,true,Activo,SIN MARCA IDENTIFICADA,889
SIN MARCA IDENTIFICADA-INY9,SIN MARCA IDENTIFICADA-INY9,INY9,KIT DE REPARACION LEZNA,,SIN MARCA IDENTIFICADA,LEZNAS Y LIMAS,82.24,true,Activo,SIN MARCA IDENTIFICADA,890
SIN MARCA IDENTIFICADA-INY10,SIN MARCA IDENTIFICADA-INY10,INY10,KIT DE AGUJAS LEZNAS,,SIN MARCA IDENTIFICADA,LEZNAS Y LIMAS,72.50,true,Activo,SIN MARCA IDENTIFICADA,891
SIN MARCA IDENTIFICADA-INY11,SIN MARCA IDENTIFICADA-INY11,INY11,PICAHIELO,,SIN MARCA IDENTIFICADA,LEZNAS Y LIMAS,52.43,true,Activo,SIN MARCA IDENTIFICADA,892
SIN MARCA IDENTIFICADA-INY12,SIN MARCA IDENTIFICADA-INY12,INY12,PARCHE STRING MADE IN USA,,SIN MARCA IDENTIFICADA,LEZNAS Y LIMAS,160.00,true,Activo,SIN MARCA IDENTIFICADA,893
SIN MARCA IDENTIFICADA-INY13,SIN MARCA IDENTIFICADA-INY13,INY13,PARCHE STRING RUBBER SEAL 4” ó 8”,,SIN MARCA IDENTIFICADA,LEZNAS Y LIMAS,81.66,true,Activo,SIN MARCA IDENTIFICADA,894
SIN MARCA IDENTIFICADA-KHM-001,SIN MARCA IDENTIFICADA-KHM-001,KHM-001,KIT DE HERRAMIENTA PARA BICICLETA,,SIN MARCA IDENTIFICADA,LEZNAS Y LIMAS,1049.80,true,Activo,SIN MARCA IDENTIFICADA,895
SIN MARCA IDENTIFICADA-KHM-002,SIN MARCA IDENTIFICADA-KHM-002,KHM-002,KIT DE REPARACION LEZNA CON CARTUCHO,,SIN MARCA IDENTIFICADA,LEZNAS Y LIMAS,330.00,true,Activo,SIN MARCA IDENTIFICADA,896
SIN MARCA IDENTIFICADA-KHM-003,SIN MARCA IDENTIFICADA-KHM-003,KHM-003,14 PCS KIT DE REPARACION CON CARTUCHO DE CO2,,SIN MARCA IDENTIFICADA,LEZNAS Y LIMAS,150.00,true,Activo,SIN MARCA IDENTIFICADA,897
SIN MARCA IDENTIFICADA-KHM-004,SIN MARCA IDENTIFICADA-KHM-004,KHM-004,KIT DE REPARACION LEZNA CON PINZAS,,SIN MARCA IDENTIFICADA,LEZNAS Y LIMAS,420.00,true,Activo,SIN MARCA IDENTIFICADA,898
SIN MARCA IDENTIFICADA-KHM-006,SIN MARCA IDENTIFICADA-KHM-006,KHM-006,BICIKIT EN BLISTER 12 PIEZAS,,SIN MARCA IDENTIFICADA,LEZNAS Y LIMAS,40.00,true,Activo,SIN MARCA IDENTIFICADA,899
SIN MARCA IDENTIFICADA-KHM-007,SIN MARCA IDENTIFICADA-KHM-007,KHM-007,BICI KIT CON ESPATULAS 10 PIEZAS,,SIN MARCA IDENTIFICADA,LEZNAS Y LIMAS,50.00,true,Activo,SIN MARCA IDENTIFICADA,900
SIN MARCA IDENTIFICADA-KHM-008,SIN MARCA IDENTIFICADA-KHM-008,KHM-008,ESTUCHE LEZNA METALICA,,SIN MARCA IDENTIFICADA,LEZNAS Y LIMAS,150.00,true,Activo,SIN MARCA IDENTIFICADA,901
SIN MARCA IDENTIFICADA-INY18,SIN MARCA IDENTIFICADA-INY18,INY18,KIT DE REPARACION PISTOLA,,SIN MARCA IDENTIFICADA,JERINGAS,550.00,true,Activo,SIN MARCA IDENTIFICADA,903
SIN MARCA IDENTIFICADA-INY2,SIN MARCA IDENTIFICADA-INY2,INY2,JERINGA METALICA,,SIN MARCA IDENTIFICADA,JERINGAS,81.20,true,Activo,SIN MARCA IDENTIFICADA,904
SIN MARCA IDENTIFICADA-INY3,SIN MARCA IDENTIFICADA-INY3,INY3,KIT DE REPARACION JERINGA,,SIN MARCA IDENTIFICADA,JERINGAS,130.00,true,Activo,SIN MARCA IDENTIFICADA,905
SIN MARCA IDENTIFICADA-INY4,SIN MARCA IDENTIFICADA-INY4,INY4,BOLSA DE TAPON AGUAYO,,SIN MARCA IDENTIFICADA,JERINGAS,29.50,true,Activo,SIN MARCA IDENTIFICADA,906
SIN MARCA IDENTIFICADA-INY5,SIN MARCA IDENTIFICADA-INY5,INY5,BOLSA DE TAPON VIC,,SIN MARCA IDENTIFICADA,JERINGAS,23.20,true,Activo,SIN MARCA IDENTIFICADA,907
SIN MARCA IDENTIFICADA-TTBH1,SIN MARCA IDENTIFICADA-TTBH1,TTBH1,CORTADOR DE SERIES,,SIN MARCA IDENTIFICADA,CARDAS Y CUCHILLOS,580.00,true,Activo,SIN MARCA IDENTIFICADA,910
SIN MARCA IDENTIFICADA-OXR,SIN MARCA IDENTIFICADA-OXR,OXR,CARDA DE TACHUELA,,SIN MARCA IDENTIFICADA,CARDAS Y CUCHILLOS,180.96,true,Activo,SIN MARCA IDENTIFICADA,911
SIN MARCA IDENTIFICADA-OXEH,SIN MARCA IDENTIFICADA-OXEH,OXEH,BASE PARA CARDA,,SIN MARCA IDENTIFICADA,CARDAS Y CUCHILLOS,130.00,true,Activo,SIN MARCA IDENTIFICADA,912
SIN MARCA IDENTIFICADA-R-4,SIN MARCA IDENTIFICADA-R-4,R-4,SEPARADORES PARA CUCHILLAS R425,,SIN MARCA IDENTIFICADA,CARDAS Y CUCHILLOS,180.00,true,Activo,SIN MARCA IDENTIFICADA,913
SIN MARCA IDENTIFICADA-425BJ,SIN MARCA IDENTIFICADA-425BJ,425BJ,"CUCHILLAS B&J (425, 115)",,SIN MARCA IDENTIFICADA,CARDAS Y CUCHILLOS,232.00,true,Activo,SIN MARCA IDENTIFICADA,914
SIN MARCA IDENTIFICADA-CCS1,SIN MARCA IDENTIFICADA-CCS1,CCS1,CUCHILLO CURVO ZERASU,,SIN MARCA IDENTIFICADA,CARDAS Y CUCHILLOS,87.00,true,Activo,SIN MARCA IDENTIFICADA,915
SIN MARCA IDENTIFICADA-CUE1,SIN MARCA IDENTIFICADA-CUE1,CUE1,CUCHILLO RECTO Y CURVO,,SIN MARCA IDENTIFICADA,CARDAS Y CUCHILLOS,64.96,true,Activo,SIN MARCA IDENTIFICADA,916
SIN MARCA IDENTIFICADA-R5,SIN MARCA IDENTIFICADA-R5,R5,CUCHILLA R-5 DE ESTRELLA,,SIN MARCA IDENTIFICADA,CARDAS Y CUCHILLOS,169.36,true,Activo,SIN MARCA IDENTIFICADA,917
SIN MARCA IDENTIFICADA-R6,SIN MARCA IDENTIFICADA-R6,R6,CUCHILLA R-6 DE ESTRELLA,,SIN MARCA IDENTIFICADA,CARDAS Y CUCHILLOS,258.00,true,Activo,SIN MARCA IDENTIFICADA,918
SIN MARCA IDENTIFICADA-101,SIN MARCA IDENTIFICADA-101,101,CARDAS DE ALAMBRE 101,,SIN MARCA IDENTIFICADA,DE ALAMBRE,254.04,true,Activo,SIN MARCA IDENTIFICADA,920
SIN MARCA IDENTIFICADA-102,SIN MARCA IDENTIFICADA-102,102,CARDAS DE ALAMBRE 102,,SIN MARCA IDENTIFICADA,DE ALAMBRE,287.30,true,Activo,SIN MARCA IDENTIFICADA,921
SIN MARCA IDENTIFICADA-103,SIN MARCA IDENTIFICADA-103,103,CARDAS DE ALAMBRE 103,,SIN MARCA IDENTIFICADA,DE ALAMBRE,365.98,true,Activo,SIN MARCA IDENTIFICADA,922
SIN MARCA IDENTIFICADA-42013,SIN MARCA IDENTIFICADA-42013,42013,CARDAS DE ALAMBRE AHULADA 103,,SIN MARCA IDENTIFICADA,DE ALAMBRE,453.56,true,Activo,SIN MARCA IDENTIFICADA,923
SIN MARCA IDENTIFICADA-42028,SIN MARCA IDENTIFICADA-42028,42028,CARDA CIRCULAR DE ALAMBRE C/VASTAGO,,SIN MARCA IDENTIFICADA,DE ALAMBRE,12.76,true,Activo,SIN MARCA IDENTIFICADA,924
SIN MARCA IDENTIFICADA-42009,SIN MARCA IDENTIFICADA-42009,42009,CARDA TRENZADA,,SIN MARCA IDENTIFICADA,DE ALAMBRE,588.00,true,Activo,SIN MARCA IDENTIFICADA,925
SIN MARCA IDENTIFICADA-810604,SIN MARCA IDENTIFICADA-810604,810604,CORTADOR ROTATIVO HUECO 1 1/4 3 PIEZAS,,SIN MARCA IDENTIFICADA,DE ALAMBRE,1597.32,true,Activo,SIN MARCA IDENTIFICADA,926
SIN MARCA IDENTIFICADA-810607,SIN MARCA IDENTIFICADA-810607,810607,CORTADOR ROTATIVO HUECO 3/4 3 PIZAS,,SIN MARCA IDENTIFICADA,DE ALAMBRE,1748.12,true,Activo,SIN MARCA IDENTIFICADA,927
SIN MARCA IDENTIFICADA-840610,SIN MARCA IDENTIFICADA-840610,840610,CORTADOR 2 ROTATIVO HUECO 2 PIEZAS,,SIN MARCA IDENTIFICADA,DE ALAMBRE,1996.36,true,Activo,SIN MARCA IDENTIFICADA,928
SIN MARCA IDENTIFICADA-42015,SIN MARCA IDENTIFICADA-42015,42015,CEPILLO ALAMBRE 3” Y 2”,,SIN MARCA IDENTIFICADA,DE ALAMBRE,169.36,true,Activo,SIN MARCA IDENTIFICADA,929
SIN MARCA IDENTIFICADA-42108,SIN MARCA IDENTIFICADA-42108,42108,COPA DE ALAMBRE ECONOMICA,,SIN MARCA IDENTIFICADA,DE ALAMBRE,15.08,true,Activo,SIN MARCA IDENTIFICADA,930
SIN MARCA IDENTIFICADA-42017,SIN MARCA IDENTIFICADA-42017,42017,CEPILLO ENCAPSULADO 3” Y 2”,,SIN MARCA IDENTIFICADA,DE ALAMBRE,235.48,true,Activo,SIN MARCA IDENTIFICADA,931
SIN MARCA IDENTIFICADA-RH129,SIN MARCA IDENTIFICADA-RH129,RH129,"SSG 390 COPA DE RUBBERHOG 129 4"" X 1 1/2",,SIN MARCA IDENTIFICADA,CORTADOR DE CAUCHO,1917.48,true,Activo,SIN MARCA IDENTIFICADA,934
SIN MARCA IDENTIFICADA-RH107,SIN MARCA IDENTIFICADA-RH107,RH107,SSG 170 COPA DE RUBBERHOG 107 2 1/2,,SIN MARCA IDENTIFICADA,CORTADOR DE CAUCHO,623.62,true,Activo,SIN MARCA IDENTIFICADA,935
SIN MARCA IDENTIFICADA-RH109,SIN MARCA IDENTIFICADA-RH109,RH109,SSG 230 COPA DE RUBBERHOG 109 2 1/2,,SIN MARCA IDENTIFICADA,CORTADOR DE CAUCHO,623.62,true,Activo,SIN MARCA IDENTIFICADA,936
SIN MARCA IDENTIFICADA-RH603,SIN MARCA IDENTIFICADA-RH603,RH603,PIEDRA CARBURO TIPO ESFERA 7/8 X 1/4,,SIN MARCA IDENTIFICADA,CORTADOR DE CAUCHO,412.96,true,Activo,SIN MARCA IDENTIFICADA,937
SIN MARCA IDENTIFICADA-RH601,SIN MARCA IDENTIFICADA-RH601,RH601,PIEDRA CARBURO TIPO ESFERA 5/8 X 1/4,,SIN MARCA IDENTIFICADA,CORTADOR DE CAUCHO,343.13,true,Activo,SIN MARCA IDENTIFICADA,938
SIN MARCA IDENTIFICADA-RH613,SIN MARCA IDENTIFICADA-RH613,RH613,CONO RUBBERHOG DIA 7/8′′ (22.2mm) X BASTAGO 1/4,,SIN MARCA IDENTIFICADA,CORTADOR DE CAUCHO,394.40,true,Activo,SIN MARCA IDENTIFICADA,939
SIN MARCA IDENTIFICADA-RH611,SIN MARCA IDENTIFICADA-RH611,RH611,CONO RUBBERHOG DIA 5/8′′ (15.8mm) X BASTAGO 1/4,,SIN MARCA IDENTIFICADA,CORTADOR DE CAUCHO,439.64,true,Activo,SIN MARCA IDENTIFICADA,940
SIN MARCA IDENTIFICADA-6454,SIN MARCA IDENTIFICADA-6454,6454,"CORTADOR DE CARBURO 6454 TIPO FRESA 1/4 X2 1/2"" (PUNTA PLANA)",,SIN MARCA IDENTIFICADA,CORTADOR DE CAUCHO,462.84,true,Activo,SIN MARCA IDENTIFICADA,941
SIN MARCA IDENTIFICADA-CC6,SIN MARCA IDENTIFICADA-CC6,CC6,"CORTADOR DE CARBURO CC-6 TIPO LAPIZ 1/4 X 3"" (PUNTA)",,SIN MARCA IDENTIFICADA,CORTADOR DE CAUCHO,609.00,true,Activo,SIN MARCA IDENTIFICADA,942
SIN MARCA IDENTIFICADA-CC3,SIN MARCA IDENTIFICADA-CC3,CC3,"CORTADOR DE CARBURO CC-3 TIPO LAPIZ 1/8 X 3""",,SIN MARCA IDENTIFICADA,CORTADOR DE CAUCHO,310.88,true,Activo,SIN MARCA IDENTIFICADA,943
SIN MARCA IDENTIFICADA-CC4.5,SIN MARCA IDENTIFICADA-CC4.5,CC4.5,"CORTADOR DE CARBURO CC-4.5 TIPO LAPIZ 3/16 X 3""",,SIN MARCA IDENTIFICADA,CORTADOR DE CAUCHO,727.32,true,Activo,SIN MARCA IDENTIFICADA,944
SIN MARCA IDENTIFICADA-CC10,SIN MARCA IDENTIFICADA-CC10,CC10,"CORTADOR DE CARBURO CC-10 TIPO LAPIZ 3/8 X 4""",,SIN MARCA IDENTIFICADA,CORTADOR DE CAUCHO,1302.68,true,Activo,SIN MARCA IDENTIFICADA,945
SIN MARCA IDENTIFICADA-CC12L,SIN MARCA IDENTIFICADA-CC12L,CC12L,"CORTADOR DE CARBURO CC-12L TIPO LAPIZ 1/2 X 5""",,SIN MARCA IDENTIFICADA,CORTADOR DE CAUCHO,1764.36,true,Activo,SIN MARCA IDENTIFICADA,946
SIN MARCA IDENTIFICADA-69186,SIN MARCA IDENTIFICADA-69186,69186,BURIL PARA RECTIFICADOR DE FRENOS POSITIVO,,SIN MARCA IDENTIFICADA,CORTADOR DE CAUCHO,1694.00,true,Activo,SIN MARCA IDENTIFICADA,947
SIN MARCA IDENTIFICADA-6414-40,SIN MARCA IDENTIFICADA-6414-40,6414-40,BURIL PARA RECTIFICADOR DE FRENOS NEGATIVO,,SIN MARCA IDENTIFICADA,CORTADOR DE CAUCHO,1256.00,true,Activo,SIN MARCA IDENTIFICADA,948
SIN MARCA IDENTIFICADA-BC1,SIN MARCA IDENTIFICADA-BC1,BC1,TUGSTENO COPA BC1,,SIN MARCA IDENTIFICADA,TUNGSTENO,140.00,true,Activo,SIN MARCA IDENTIFICADA,950
SIN MARCA IDENTIFICADA-2213,SIN MARCA IDENTIFICADA-2213,2213,TUNGSTENO CONO LARGO GRANO FINO GRANO 36,,SIN MARCA IDENTIFICADA,TUNGSTENO,348.00,true,Activo,SIN MARCA IDENTIFICADA,951
SIN MARCA IDENTIFICADA-2214,SIN MARCA IDENTIFICADA-2214,2214,TUNGSTENO CONO LARGO GRANO GRUESO GRANO 16,,SIN MARCA IDENTIFICADA,TUNGSTENO,366.56,true,Activo,SIN MARCA IDENTIFICADA,952
SIN MARCA IDENTIFICADA-2211,SIN MARCA IDENTIFICADA-2211,2211,TUNGSTENO CONO CORTO GRANO FINO GRANO 36,,SIN MARCA IDENTIFICADA,TUNGSTENO,303.92,true,Activo,SIN MARCA IDENTIFICADA,953
SIN MARCA IDENTIFICADA-2212,SIN MARCA IDENTIFICADA-2212,2212,TUNGSTENO CONO CORTO GRANO GRUESO GRANO 16,,SIN MARCA IDENTIFICADA,TUNGSTENO,310.88,true,Activo,SIN MARCA IDENTIFICADA,954
SIN MARCA IDENTIFICADA-2103T16,SIN MARCA IDENTIFICADA-2103T16,2103T16,TUNGSTENO COPA 2” GRANO 16,,SIN MARCA IDENTIFICADA,TUNGSTENO,395.56,true,Activo,SIN MARCA IDENTIFICADA,955
SIN MARCA IDENTIFICADA-2103T36,SIN MARCA IDENTIFICADA-2103T36,2103T36,TUNGSTENO COPA 2” GRANO 36,,SIN MARCA IDENTIFICADA,TUNGSTENO,361.92,true,Activo,SIN MARCA IDENTIFICADA,956
SIN MARCA IDENTIFICADA-3102516,SIN MARCA IDENTIFICADA-3102516,3102516,TUNGSTENO COPA 3” GRANO 16 1 X 3/8,,SIN MARCA IDENTIFICADA,TUNGSTENO,609.00,true,Activo,SIN MARCA IDENTIFICADA,957
SIN MARCA IDENTIFICADA-3102536,SIN MARCA IDENTIFICADA-3102536,3102536,TUNGSTENO COPA 3” GRANO 36 1 X 3/8,,SIN MARCA IDENTIFICADA,TUNGSTENO,542.88,true,Activo,SIN MARCA IDENTIFICADA,958
SIN MARCA IDENTIFICADA-3102560,SIN MARCA IDENTIFICADA-3102560,3102560,TUNGSTENO COPA 3” GRANO 60 1 X 3/8,,SIN MARCA IDENTIFICADA,TUNGSTENO,542.88,true,Activo,SIN MARCA IDENTIFICADA,959
SIN MARCA IDENTIFICADA-3153816,SIN MARCA IDENTIFICADA-3153816,3153816,"TUNGSTENO COPA 3"" GRUESO GRANO 16 ANCHO (1-1/2) 38MM ENTRADA 3/8",,SIN MARCA IDENTIFICADA,TUNGSTENO,651.92,true,Activo,SIN MARCA IDENTIFICADA,960
SIN MARCA IDENTIFICADA-3153836,SIN MARCA IDENTIFICADA-3153836,3153836,TUNGSTENO COPA 3” GRANO 36 1-1/2 X 3/8,,SIN MARCA IDENTIFICADA,TUNGSTENO,651.92,true,Activo,SIN MARCA IDENTIFICADA,961
SIN MARCA IDENTIFICADA-3153860,SIN MARCA IDENTIFICADA-3153860,3153860,TUNGSTENO COPA 3” GRANO 60 1-1/2 X 3/8,,SIN MARCA IDENTIFICADA,TUNGSTENO,651.92,true,Activo,SIN MARCA IDENTIFICADA,962
SIN MARCA IDENTIFICADA-2218,SIN MARCA IDENTIFICADA-2218,2218,TUNGSTENO LAPIZ DIAM 1⁄4 GRANO 16,,SIN MARCA IDENTIFICADA,TUNGSTENO,133.40,true,Activo,SIN MARCA IDENTIFICADA,963
SIN MARCA IDENTIFICADA-2220,SIN MARCA IDENTIFICADA-2220,2220,TUNGSTENO LAPIZ DIAM 1/8 GRANO 16,,SIN MARCA IDENTIFICADA,TUNGSTENO,131.08,true,Activo,SIN MARCA IDENTIFICADA,964
SIN MARCA IDENTIFICADA-2219,SIN MARCA IDENTIFICADA-2219,2219,TUNGSTENO LAPIZ DIAM 1/8 GRANO 36,,SIN MARCA IDENTIFICADA,TUNGSTENO,118.32,true,Activo,SIN MARCA IDENTIFICADA,965
SIN MARCA IDENTIFICADA-2203,SIN MARCA IDENTIFICADA-2203,2203,"TUNGSTENO RUEDA 3/16 FINO 2203, GRUESO 2204",,SIN MARCA IDENTIFICADA,TUNGSTENO,227.36,true,Activo,SIN MARCA IDENTIFICADA,966
SIN MARCA IDENTIFICADA-2205,SIN MARCA IDENTIFICADA-2205,2205,"TUNGSTENO RUEDA 3/8 FINO 2205, GRUESO 2206",,SIN MARCA IDENTIFICADA,TUNGSTENO,243.60,true,Activo,SIN MARCA IDENTIFICADA,967
SIN MARCA IDENTIFICADA-2207,SIN MARCA IDENTIFICADA-2207,2207,"TUNGSTENO RUEDA 1⁄2 FINO 2207, GRUESO 2208",,SIN MARCA IDENTIFICADA,TUNGSTENO,255.00,true,Activo,SIN MARCA IDENTIFICADA,968
SIN MARCA IDENTIFICADA-2209,SIN MARCA IDENTIFICADA-2209,2209,"TUNGSTENO RUEDA 3⁄4 FINO 2209, GRUESO 2210",,SIN MARCA IDENTIFICADA,TUNGSTENO,288.00,true,Activo,SIN MARCA IDENTIFICADA,969
SIN MARCA IDENTIFICADA-E25,SIN MARCA IDENTIFICADA-E25,E25,ECONOMICA PIEDRA BOLA,,SIN MARCA IDENTIFICADA,PARA MOTOTOOL,13.92,true,Activo,SIN MARCA IDENTIFICADA,972
SIN MARCA IDENTIFICADA-E39,SIN MARCA IDENTIFICADA-E39,E39,PIEDRA TIPO PLANA ECONOMICA,,SIN MARCA IDENTIFICADA,PARA MOTOTOOL,17.71,true,Activo,SIN MARCA IDENTIFICADA,973
SIN MARCA IDENTIFICADA-E21,SIN MARCA IDENTIFICADA-E21,E21,PIEDRA PARA MOTOTOOL ECONOMICA,,SIN MARCA IDENTIFICADA,PARA MOTOTOOL,17.71,true,Activo,SIN MARCA IDENTIFICADA,974
SIN MARCA IDENTIFICADA-E87,SIN MARCA IDENTIFICADA-E87,E87,PIEDRA GRIS GIGANTE (44MMX39MM),,SIN MARCA IDENTIFICADA,PARA MOTOTOOL,69.00,true,Activo,SIN MARCA IDENTIFICADA,975
SIN MARCA IDENTIFICADA-A25,SIN MARCA IDENTIFICADA-A25,A25,AUSTROMEX PIEDRA P/MOTOTOOL T/BOLA,,SIN MARCA IDENTIFICADA,PARA MOTOTOOL,78.30,true,Activo,SIN MARCA IDENTIFICADA,976
SIN MARCA IDENTIFICADA-A5~2,SIN MARCA IDENTIFICADA-A5,A5,PIEDRA MOTOTOOL,,SIN MARCA IDENTIFICADA,PARA MOTOTOOL,71.00,true,Activo,SIN MARCA IDENTIFICADA,977
SIN MARCA IDENTIFICADA-A4,SIN MARCA IDENTIFICADA-A4,A4,PIEDRA P/MOTOTOOL T/HONGO,,SIN MARCA IDENTIFICADA,PARA MOTOTOOL,124.00,true,Activo,SIN MARCA IDENTIFICADA,978
SIN MARCA IDENTIFICADA-A15,SIN MARCA IDENTIFICADA-A15,A15,PIEDRA MOTOTOOL,,SIN MARCA IDENTIFICADA,PARA MOTOTOOL,89.40,true,Activo,SIN MARCA IDENTIFICADA,979
SIN MARCA IDENTIFICADA-A1,SIN MARCA IDENTIFICADA-A1,A1,PIEDRA P/MOTOTOOL T/PINO,,SIN MARCA IDENTIFICADA,PARA MOTOTOOL,142.00,true,Activo,SIN MARCA IDENTIFICADA,980
SIN MARCA IDENTIFICADA-A36,SIN MARCA IDENTIFICADA-A36,A36,PIEDRA P/MOTOTOOL T/PLANA,,SIN MARCA IDENTIFICADA,PARA MOTOTOOL,90.90,true,Activo,SIN MARCA IDENTIFICADA,981
SIN MARCA IDENTIFICADA-AM01,SIN MARCA IDENTIFICADA-AM01,AM01,ADAPTADOR P/MOTOTOOL,,SIN MARCA IDENTIFICADA,PARA MOTOTOOL,17.60,true,Activo,SIN MARCA IDENTIFICADA,982
SIN MARCA IDENTIFICADA-COJIN,SIN MARCA IDENTIFICADA-COJIN,COJIN,HULE COJIN,,SIN MARCA IDENTIFICADA,HULE,96.00,true,Activo,SIN MARCA IDENTIFICADA,985
SIN MARCA IDENTIFICADA-CUERDA,SIN MARCA IDENTIFICADA-CUERDA,CUERDA,HULE CUERDA,,SIN MARCA IDENTIFICADA,HULE,95.00,true,Activo,SIN MARCA IDENTIFICADA,986
SIN MARCA IDENTIFICADA-PQP-1,SIN MARCA IDENTIFICADA-PQP-1,PQP-1,PQP-1 DESARMADOR QUITA PIEDRAS,,SIN MARCA IDENTIFICADA,CRAYONES,50.00,true,Activo,SIN MARCA IDENTIFICADA,990
SIN MARCA IDENTIFICADA-PQP-2,SIN MARCA IDENTIFICADA-PQP-2,PQP-2,PQP-2 PINZAS GRANDE QUITA CLAVOS/TORNILLOS,,SIN MARCA IDENTIFICADA,CRAYONES,400.00,true,Activo,SIN MARCA IDENTIFICADA,991
SIN MARCA IDENTIFICADA-PQP-3,SIN MARCA IDENTIFICADA-PQP-3,PQP-3,PQP-3 PINZAS ALICATAS QUITA CLAVOS/TORNILLOS,,SIN MARCA IDENTIFICADA,CRAYONES,180.00,true,Activo,SIN MARCA IDENTIFICADA,992
SIN MARCA IDENTIFICADA-PQP-4,SIN MARCA IDENTIFICADA-PQP-4,PQP-4,PQP-4 REMOVEDOR DE CUBIERTA DE TUERCA 33MM,,SIN MARCA IDENTIFICADA,CRAYONES,180.00,true,Activo,SIN MARCA IDENTIFICADA,993
SIN MARCA IDENTIFICADA-PQP-5,SIN MARCA IDENTIFICADA-PQP-5,PQP-5,PQP-5 REMOVEDOR DE CUBIERTA DE TUERCA 41MM,,SIN MARCA IDENTIFICADA,CRAYONES,180.00,true,Activo,SIN MARCA IDENTIFICADA,994
SIN MARCA IDENTIFICADA-CRA1,SIN MARCA IDENTIFICADA-CRA1,CRA1,MARCADOR DE TINTA,,SIN MARCA IDENTIFICADA,CRAYONES,27.00,true,Activo,SIN MARCA IDENTIFICADA,999
SIN MARCA IDENTIFICADA-CRA20,SIN MARCA IDENTIFICADA-CRA20,CRA20,CRAYON AMARILLO Y BLANCO RUBBER SEAL,,SIN MARCA IDENTIFICADA,CRAYONES,3.90,true,Activo,SIN MARCA IDENTIFICADA,1000
SIN MARCA IDENTIFICADA-CRA3,SIN MARCA IDENTIFICADA-CRA3,CRA3,"CRAYON VERDE, ROJO Y AZUL RUBBER SEAL",,SIN MARCA IDENTIFICADA,CRAYONES,5.80,true,Activo,SIN MARCA IDENTIFICADA,1001
SIN MARCA IDENTIFICADA-CRA4,SIN MARCA IDENTIFICADA-CRA4,CRA4,CRAYON JUMBO,,SIN MARCA IDENTIFICADA,CRAYONES,12.00,true,Activo,SIN MARCA IDENTIFICADA,1002
SIN MARCA IDENTIFICADA-CRA5,SIN MARCA IDENTIFICADA-CRA5,CRA5,PORTA CRAYONES,,SIN MARCA IDENTIFICADA,CRAYONES,78.88,true,Activo,SIN MARCA IDENTIFICADA,1003
SIN MARCA IDENTIFICADA-PCN19B,SIN MARCA IDENTIFICADA-PCN19B,PCN19B,CUBETA CEMENTO NEGRO 19LTS BROCHA,,SIN MARCA IDENTIFICADA,CEMENTOS,1400.00,true,Activo,SIN MARCA IDENTIFICADA,1005
SIN MARCA IDENTIFICADA-PCN19S,SIN MARCA IDENTIFICADA-PCN19S,PCN19S,CUBETA CEMENTO NEGRO 19LTS SPRAY,,SIN MARCA IDENTIFICADA,CEMENTOS,1241.38,true,Activo,SIN MARCA IDENTIFICADA,1006
SIN MARCA IDENTIFICADA-PCN4S,SIN MARCA IDENTIFICADA-PCN4S,PCN4S,CUBETA CEMENTO NEGRO 4LTS SPRAY,,SIN MARCA IDENTIFICADA,CEMENTOS,298.30,true,Activo,SIN MARCA IDENTIFICADA,1007
SIN MARCA IDENTIFICADA-PCN4B,SIN MARCA IDENTIFICADA-PCN4B,PCN4B,CUBETA CEMENTO NEGRO 4LTS BROCHA,,SIN MARCA IDENTIFICADA,CEMENTOS,330.17,true,Activo,SIN MARCA IDENTIFICADA,1008
SIN MARCA IDENTIFICADA-PCN1S,SIN MARCA IDENTIFICADA-PCN1S,PCN1S,CUBETA CEMENTO NEGRO 1LT SPRAY,,SIN MARCA IDENTIFICADA,CEMENTOS,100.00,true,Activo,SIN MARCA IDENTIFICADA,1009
SIN MARCA IDENTIFICADA-PCN1B,SIN MARCA IDENTIFICADA-PCN1B,PCN1B,CUBETA CEMENTO NEGRO 1LT BROCHA,,SIN MARCA IDENTIFICADA,CEMENTOS,113.80,true,Activo,SIN MARCA IDENTIFICADA,1010
SIN MARCA IDENTIFICADA-PC125,SIN MARCA IDENTIFICADA-PC125,PC125,CEMENTO QUIMICO PRECURADOS 125ML,,SIN MARCA IDENTIFICADA,CEMENTOS,47.00,true,Activo,SIN MARCA IDENTIFICADA,1011
SIN MARCA IDENTIFICADA-PC250,SIN MARCA IDENTIFICADA-PC250,PC250,CEMENTO QUIMICO PRECURADOS 250ML,,SIN MARCA IDENTIFICADA,CEMENTOS,69.23,true,Activo,SIN MARCA IDENTIFICADA,1012
SIN MARCA IDENTIFICADA-PC500,SIN MARCA IDENTIFICADA-PC500,PC500,CEMENTO QUIMICO PRECURADOS 500ML,,SIN MARCA IDENTIFICADA,CEMENTOS,101.43,true,Activo,SIN MARCA IDENTIFICADA,1013
SIN MARCA IDENTIFICADA-PCA125,SIN MARCA IDENTIFICADA-PCA125,PCA125,CEMENTO QUIMICO PRECURADO AZUL 125ML,,SIN MARCA IDENTIFICADA,CEMENTOS,51.75,true,Activo,SIN MARCA IDENTIFICADA,1014
SIN MARCA IDENTIFICADA-PCA250,SIN MARCA IDENTIFICADA-PCA250,PCA250,CEMENTO QUIMICO PRECURADO AZUL 250ML,,SIN MARCA IDENTIFICADA,CEMENTOS,77.28,true,Activo,SIN MARCA IDENTIFICADA,1015
SIN MARCA IDENTIFICADA-PCA500,SIN MARCA IDENTIFICADA-PCA500,PCA500,CEMENTO QUIMICO PRECURADO AZUL 500ML,,SIN MARCA IDENTIFICADA,CEMENTOS,109.48,true,Activo,SIN MARCA IDENTIFICADA,1016
SIN MARCA IDENTIFICADA-PIN1,SIN MARCA IDENTIFICADA-PIN1,PIN1,PINTURA PARA LLANTAS A BASE DE AGUA 1LT,,SIN MARCA IDENTIFICADA,PINTURA PARA LLANTAS,74.24,true,Activo,SIN MARCA IDENTIFICADA,1021
SIN MARCA IDENTIFICADA-PIN4,SIN MARCA IDENTIFICADA-PIN4,PIN4,PINTURA PARA LLANTAS A BASE DE AGUA 4LT,,SIN MARCA IDENTIFICADA,PINTURA PARA LLANTAS,325.96,true,Activo,SIN MARCA IDENTIFICADA,1022
SIN MARCA IDENTIFICADA-PIN19,SIN MARCA IDENTIFICADA-PIN19,PIN19,PINTURA PARA LLANTAS A BASE DE AGUA 19LT,,SIN MARCA IDENTIFICADA,PINTURA PARA LLANTAS,1200.00,true,Activo,SIN MARCA IDENTIFICADA,1023
SIN MARCA IDENTIFICADA-PML07,SIN MARCA IDENTIFICADA-PML07,PML07,PASTA RUBER SEAL PARA MONTAR LLANTA 1 LITRO,,SIN MARCA IDENTIFICADA,PASTA PARA MONTAJE,98.60,true,Activo,SIN MARCA IDENTIFICADA,1025
SIN MARCA IDENTIFICADA-PML08,SIN MARCA IDENTIFICADA-PML08,PML08,PASTA PARA MONTAR ASCOT LLANTA 25 LIBRAS,,SIN MARCA IDENTIFICADA,PASTA PARA MONTAJE,990.00,true,Activo,SIN MARCA IDENTIFICADA,1026
SIN MARCA IDENTIFICADA-PML02,SIN MARCA IDENTIFICADA-PML02,PML02,PASTA PARA MONTAR REMA BLANCA 8 LIBRAS,,SIN MARCA IDENTIFICADA,PASTA PARA MONTAJE,627.00,true,Activo,SIN MARCA IDENTIFICADA,1027
SIN MARCA IDENTIFICADA-PML03,SIN MARCA IDENTIFICADA-PML03,PML03,PASTA PARA MONTAR ASCOT 8 LIBRAS,,SIN MARCA IDENTIFICADA,PASTA PARA MONTAJE,413.00,true,Activo,SIN MARCA IDENTIFICADA,1028
SIN MARCA IDENTIFICADA-PML04,SIN MARCA IDENTIFICADA-PML04,PML04,PASTA PARA MONTAR RUBBER SEAL 8 LBS,,SIN MARCA IDENTIFICADA,PASTA PARA MONTAJE,276.08,true,Activo,SIN MARCA IDENTIFICADA,1029
SIN MARCA IDENTIFICADA-PML05,SIN MARCA IDENTIFICADA-PML05,PML05,PASTA PARA MONTAR BLANCA RUBBER SEAL 8 LBS,,SIN MARCA IDENTIFICADA,PASTA PARA MONTAJE,276.08,true,Activo,SIN MARCA IDENTIFICADA,1030
SIN MARCA IDENTIFICADA-PML06,SIN MARCA IDENTIFICADA-PML06,PML06,PASTA PARA MONTAR RUBBER SEAL 19LTS,,SIN MARCA IDENTIFICADA,PASTA PARA MONTAJE,1242.36,true,Activo,SIN MARCA IDENTIFICADA,1031
SIN MARCA IDENTIFICADA-BPM,SIN MARCA IDENTIFICADA-BPM,BPM,BROCHA PARA PASTA,,SIN MARCA IDENTIFICADA,PASTA PARA MONTAJE,96.74,true,Activo,SIN MARCA IDENTIFICADA,1032
SIN MARCA IDENTIFICADA-OIL1,SIN MARCA IDENTIFICADA-OIL1,OIL1,ACEITE 1LT PARA COMPRESORA RS,,SIN MARCA IDENTIFICADA,ACEITES,132.00,true,Activo,SIN MARCA IDENTIFICADA,1034
SIN MARCA IDENTIFICADA-OIL2,SIN MARCA IDENTIFICADA-OIL2,OIL2,ACEITE ASCOT PARA PISTOLA 1LT,,SIN MARCA IDENTIFICADA,ACEITES,267.00,true,Activo,SIN MARCA IDENTIFICADA,1035
SIN MARCA IDENTIFICADA-OIL3,SIN MARCA IDENTIFICADA-OIL3,OIL3,ACEITE PISTOLA 250MM RS,,SIN MARCA IDENTIFICADA,ACEITES,45.01,true,Activo,SIN MARCA IDENTIFICADA,1036
SIN MARCA IDENTIFICADA-OIL4,SIN MARCA IDENTIFICADA-OIL4,OIL4,ACEITE 1LT PARA HIDRAULICO PARA GATOS 68 RS,,SIN MARCA IDENTIFICADA,ACEITES,100.00,true,Activo,SIN MARCA IDENTIFICADA,1037
SIN MARCA IDENTIFICADA-OIL5,SIN MARCA IDENTIFICADA-OIL5,OIL5,ACEITE 1LT PARA MOTOR DE MOTOCICLETA API SN SAE 10W40 RS,,SIN MARCA IDENTIFICADA,ACEITES,110.00,true,Activo,SIN MARCA IDENTIFICADA,1038
SIN MARCA IDENTIFICADA-OIL6,SIN MARCA IDENTIFICADA-OIL6,OIL6,ACEITE 1L NEUMATICO PARA HERRAMIENTA RUBBER SEAL RS,,SIN MARCA IDENTIFICADA,ACEITES,100.00,true,Activo,SIN MARCA IDENTIFICADA,1039
SIN MARCA IDENTIFICADA-PC00,SIN MARCA IDENTIFICADA-PC00,PC00,PC00,Atributo C: CAJA; Atributo D: 64.0,SIN MARCA IDENTIFICADA,PARCHES,18.00,true,Activo,SIN MARCA IDENTIFICADA,1043
SIN MARCA IDENTIFICADA-PC0,SIN MARCA IDENTIFICADA-PC0,PC0,PC0,Atributo C: CAJA; Atributo D: 36.0,SIN MARCA IDENTIFICADA,PARCHES,18.00,true,Activo,SIN MARCA IDENTIFICADA,1044
SIN MARCA IDENTIFICADA-PC0B,SIN MARCA IDENTIFICADA-PC0B,PC0B,PC0,Atributo C: BOLSA; Atributo D: 100.0,SIN MARCA IDENTIFICADA,PARCHES,61.48,true,Activo,SIN MARCA IDENTIFICADA,1045
SIN MARCA IDENTIFICADA-PC1,SIN MARCA IDENTIFICADA-PC1,PC1,PC1,Atributo C: CAJA; Atributo D: 25.0,SIN MARCA IDENTIFICADA,PARCHES,18.00,true,Activo,SIN MARCA IDENTIFICADA,1046
SIN MARCA IDENTIFICADA-PC1B,SIN MARCA IDENTIFICADA-PC1B,PC1B,PC1,Atributo C: BOLSA; Atributo D: 100.0,SIN MARCA IDENTIFICADA,PARCHES,67.05,true,Activo,SIN MARCA IDENTIFICADA,1047
SIN MARCA IDENTIFICADA-PC2,SIN MARCA IDENTIFICADA-PC2,PC2,PC2,Atributo C: CAJA; Atributo D: 16.0,SIN MARCA IDENTIFICADA,PARCHES,18.00,true,Activo,SIN MARCA IDENTIFICADA,1048
SIN MARCA IDENTIFICADA-PC2B,SIN MARCA IDENTIFICADA-PC2B,PC2B,PC2,Atributo C: BOLSA; Atributo D: 100.0,SIN MARCA IDENTIFICADA,PARCHES,108.58,true,Activo,SIN MARCA IDENTIFICADA,1049
SIN MARCA IDENTIFICADA-PB1,SIN MARCA IDENTIFICADA-PB1,PB1,PB1,Atributo C: BOLSA; Atributo D: 100.0,SIN MARCA IDENTIFICADA,PARCHES,103.36,true,Activo,SIN MARCA IDENTIFICADA,1050
SIN MARCA IDENTIFICADA-PB2,SIN MARCA IDENTIFICADA-PB2,PB2,PB2,Atributo C: BOLSA; Atributo D: 100.0,SIN MARCA IDENTIFICADA,PARCHES,108.46,true,Activo,SIN MARCA IDENTIFICADA,1051
SIN MARCA IDENTIFICADA-PC3,SIN MARCA IDENTIFICADA-PC3,PC3,PC3,Atributo C: CAJA; Atributo D: 40.0,SIN MARCA IDENTIFICADA,PARCHES,82.36,true,Activo,SIN MARCA IDENTIFICADA,1052
SIN MARCA IDENTIFICADA-PC4,SIN MARCA IDENTIFICADA-PC4,PC4,PC4,Atributo C: CAJA; Atributo D: 40.0,SIN MARCA IDENTIFICADA,PARCHES,128.76,true,Activo,SIN MARCA IDENTIFICADA,1053
SIN MARCA IDENTIFICADA-PC5,SIN MARCA IDENTIFICADA-PC5,PC5,PC5,Atributo C: CAJA; Atributo D: 40.0,SIN MARCA IDENTIFICADA,PARCHES,234.32,true,Activo,SIN MARCA IDENTIFICADA,1054
SIN MARCA IDENTIFICADA-PC6,SIN MARCA IDENTIFICADA-PC6,PC6,PC6,Atributo C: CAJA; Atributo D: 10.0,SIN MARCA IDENTIFICADA,PARCHES,62.64,true,Activo,SIN MARCA IDENTIFICADA,1055
SIN MARCA IDENTIFICADA-B1,SIN MARCA IDENTIFICADA-B1,B1,B-1,Atributo C: CAJA; Atributo D: 100.0,SIN MARCA IDENTIFICADA,PARCHES,115.42,true,Activo,SIN MARCA IDENTIFICADA,1056
SIN MARCA IDENTIFICADA-B2,SIN MARCA IDENTIFICADA-B2,B2,B-2,Atributo C: CAJA; Atributo D: 100.0,SIN MARCA IDENTIFICADA,PARCHES,190.00,true,Activo,SIN MARCA IDENTIFICADA,1057
SIN MARCA IDENTIFICADA-ST-803,SIN MARCA IDENTIFICADA-ST-803,ST-803,803,Atributo C: CAJA; Atributo D: 100.0,SIN MARCA IDENTIFICADA,PARCHES,254.04,true,Activo,SIN MARCA IDENTIFICADA,1058
SIN MARCA IDENTIFICADA-ST-801,SIN MARCA IDENTIFICADA-ST-801,ST-801,801,Atributo C: CAJA; Atributo D: 100.0,SIN MARCA IDENTIFICADA,PARCHES,115.42,true,Activo,SIN MARCA IDENTIFICADA,1059
SIN MARCA IDENTIFICADA-ST-802,SIN MARCA IDENTIFICADA-ST-802,ST-802,802,Atributo C: CAJA; Atributo D: 100.0,SIN MARCA IDENTIFICADA,PARCHES,150.10,true,Activo,SIN MARCA IDENTIFICADA,1060
SIN MARCA IDENTIFICADA-RS0,SIN MARCA IDENTIFICADA-RS0,RS0,B0 BOTE,Atributo C: BOTE; Atributo D: 160.0,SIN MARCA IDENTIFICADA,PARCHES,138.04,true,Activo,SIN MARCA IDENTIFICADA,1061
SIN MARCA IDENTIFICADA-RS1,SIN MARCA IDENTIFICADA-RS1,RS1,B1 BOTE,Atributo C: BOTE; Atributo D: 120.0,SIN MARCA IDENTIFICADA,PARCHES,138.04,true,Activo,SIN MARCA IDENTIFICADA,1062
SIN MARCA IDENTIFICADA-RS2,SIN MARCA IDENTIFICADA-RS2,RS2,B2 BOTE,Atributo C: BOTE; Atributo D: 70.0,SIN MARCA IDENTIFICADA,PARCHES,138.04,true,Activo,SIN MARCA IDENTIFICADA,1063
SIN MARCA IDENTIFICADA-RS3,SIN MARCA IDENTIFICADA-RS3,RS3,B3 BOTE,Atributo C: BOTE; Atributo D: 40.0,SIN MARCA IDENTIFICADA,PARCHES,138.04,true,Activo,SIN MARCA IDENTIFICADA,1064
SIN MARCA IDENTIFICADA-PU1,SIN MARCA IDENTIFICADA-PU1,PU1,PU1,Atributo C: CAJA; Atributo D: 100.0,SIN MARCA IDENTIFICADA,PARCHES,3.36,true,Activo,SIN MARCA IDENTIFICADA,1065
SIN MARCA IDENTIFICADA-PU2,SIN MARCA IDENTIFICADA-PU2,PU2,PU2,Atributo C: CAJA; Atributo D: 100.0,SIN MARCA IDENTIFICADA,PARCHES,3.85,true,Activo,SIN MARCA IDENTIFICADA,1066
SIN MARCA IDENTIFICADA-S01,SIN MARCA IDENTIFICADA-S01,S01,S01,Atributo C: CAJA; Atributo D: 48.0,SIN MARCA IDENTIFICADA,PARCHES,18.00,true,Activo,SIN MARCA IDENTIFICADA,1067
SIN MARCA IDENTIFICADA-S02,SIN MARCA IDENTIFICADA-S02,S02,S02,Atributo C: CAJA; Atributo D: 24.0,SIN MARCA IDENTIFICADA,PARCHES,18.00,true,Activo,SIN MARCA IDENTIFICADA,1068
SIN MARCA IDENTIFICADA-S03,SIN MARCA IDENTIFICADA-S03,S03,S03,Atributo C: CAJA; Atributo D: 15.0,SIN MARCA IDENTIFICADA,PARCHES,18.00,true,Activo,SIN MARCA IDENTIFICADA,1069
SIN MARCA IDENTIFICADA-PTC-9,SIN MARCA IDENTIFICADA-PTC-9,PTC-9,PTC-9 PARCHE TAPON DE CASQUILLO 50*9mm,,SIN MARCA IDENTIFICADA,PARCHE UNIVERSAL Y DE TAPON,8.00,true,Activo,SIN MARCA IDENTIFICADA,1072
SIN MARCA IDENTIFICADA-PTC-6,SIN MARCA IDENTIFICADA-PTC-6,PTC-6,PTC-6 PARCHE TAPON DE CASQUILLO 50*6MM,,SIN MARCA IDENTIFICADA,PARCHE UNIVERSAL Y DE TAPON,8.00,true,Activo,SIN MARCA IDENTIFICADA,1073
SIN MARCA IDENTIFICADA-PTV-6,SIN MARCA IDENTIFICADA-PTV-6,PTV-6,PTV-6 PARCHE TAPON VARILLA 43X5.5mm,,SIN MARCA IDENTIFICADA,PARCHE UNIVERSAL Y DE TAPON,8.00,true,Activo,SIN MARCA IDENTIFICADA,1074
SIN MARCA IDENTIFICADA-PTV-6-R,SIN MARCA IDENTIFICADA-PTV-6-R,PTV-6-R,PTV-6-R PARCHE TAPON VARILLA 6MM 18/CAJA,,SIN MARCA IDENTIFICADA,PARCHE UNIVERSAL Y DE TAPON,8.00,true,Activo,SIN MARCA IDENTIFICADA,1075
SIN MARCA IDENTIFICADA-UNI-0,SIN MARCA IDENTIFICADA-UNI-0,UNI-0,"UNI-0 PARCHE UNIVERSAL ""0"" 45X45mm",,SIN MARCA IDENTIFICADA,PARCHE UNIVERSAL Y DE TAPON,2.01,true,Activo,SIN MARCA IDENTIFICADA,1076
SIN MARCA IDENTIFICADA-UNI-1,SIN MARCA IDENTIFICADA-UNI-1,UNI-1,"UNI-1 PARCHE UNIVERSAL ""1"" 55X55mm",,SIN MARCA IDENTIFICADA,PARCHE UNIVERSAL Y DE TAPON,2.49,true,Activo,SIN MARCA IDENTIFICADA,1077
SIN MARCA IDENTIFICADA-UNI-2,SIN MARCA IDENTIFICADA-UNI-2,UNI-2,"UNI-2 PARCHE UNIVERSAL ""2"" 70X70mm",,SIN MARCA IDENTIFICADA,PARCHE UNIVERSAL Y DE TAPON,3.48,true,Activo,SIN MARCA IDENTIFICADA,1078
SIN MARCA IDENTIFICADA-VIC3,SIN MARCA IDENTIFICADA-VIC3,VIC3,VIC3,Atributo C: BOLSA; Atributo D: 5.0,SIN MARCA IDENTIFICADA,PARCHE VIC,5.20,true,Activo,SIN MARCA IDENTIFICADA,1082
SIN MARCA IDENTIFICADA-VIC4,SIN MARCA IDENTIFICADA-VIC4,VIC4,VIC4,Atributo C: BOLSA; Atributo D: 5.0,SIN MARCA IDENTIFICADA,PARCHE VIC,8.10,true,Activo,SIN MARCA IDENTIFICADA,1083
SIN MARCA IDENTIFICADA-VIC5,SIN MARCA IDENTIFICADA-VIC5,VIC5,VIC5,Atributo C: BOLSA; Atributo D: 5.0,SIN MARCA IDENTIFICADA,PARCHE VIC,11.50,true,Activo,SIN MARCA IDENTIFICADA,1084
SIN MARCA IDENTIFICADA-VIC6,SIN MARCA IDENTIFICADA-VIC6,VIC6,VIC6,Atributo C: BOLSA; Atributo D: 5.0,SIN MARCA IDENTIFICADA,PARCHE VIC,16.00,true,Activo,SIN MARCA IDENTIFICADA,1085
SIN MARCA IDENTIFICADA-VIC7,SIN MARCA IDENTIFICADA-VIC7,VIC7,VIC7,Atributo C: BOLSA; Atributo D: 5.0,SIN MARCA IDENTIFICADA,PARCHE VIC,28.00,true,Activo,SIN MARCA IDENTIFICADA,1086
SIN MARCA IDENTIFICADA-VIC 8,SIN MARCA IDENTIFICADA-VIC 8,VIC 8,VIC8,Atributo C: BOLSA; Atributo D: 5.0,SIN MARCA IDENTIFICADA,PARCHE VIC,34.00,true,Activo,SIN MARCA IDENTIFICADA,1087
SIN MARCA IDENTIFICADA-VIC 10,SIN MARCA IDENTIFICADA-VIC 10,VIC 10,VIC10,Atributo C: BOLSA; Atributo D: 5.0,SIN MARCA IDENTIFICADA,PARCHE VIC,44.00,true,Activo,SIN MARCA IDENTIFICADA,1088
SIN MARCA IDENTIFICADA-VIC 12,SIN MARCA IDENTIFICADA-VIC 12,VIC 12,VIC12,Atributo C: BOLSA; Atributo D: 5.0,SIN MARCA IDENTIFICADA,PARCHE VIC,57.00,true,Activo,SIN MARCA IDENTIFICADA,1089
SIN MARCA IDENTIFICADA-VIC 14,SIN MARCA IDENTIFICADA-VIC 14,VIC 14,VIC14,Atributo C: BOLSA; Atributo D: 2.0,SIN MARCA IDENTIFICADA,PARCHE VIC,140.00,true,Activo,SIN MARCA IDENTIFICADA,1090
SIN MARCA IDENTIFICADA-VIC 16,SIN MARCA IDENTIFICADA-VIC 16,VIC 16,VIC16,Atributo C: BOLSA; Atributo D: 2.0,SIN MARCA IDENTIFICADA,PARCHE VIC,164.00,true,Activo,SIN MARCA IDENTIFICADA,1091
SIN MARCA IDENTIFICADA-VIC 18,SIN MARCA IDENTIFICADA-VIC 18,VIC 18,VIC18,Atributo C: BOLSA; Atributo D: 2.0,SIN MARCA IDENTIFICADA,PARCHE VIC,195.00,true,Activo,SIN MARCA IDENTIFICADA,1092
SIN MARCA IDENTIFICADA-CAW1,SIN MARCA IDENTIFICADA-CAW1,CAW1,CONTRAPESO ADHESIVO DE CAMION 1 OZ,Atributo E: CJ/20,SIN MARCA IDENTIFICADA,ADHESIVO,278.40,true,Activo,SIN MARCA IDENTIFICADA,1229
SIN MARCA IDENTIFICADA-CAW2,SIN MARCA IDENTIFICADA-CAW2,CAW2,CONTRAPESO ADHESIVO DE CAMION 2 OZ,Atributo E: CJ/20,SIN MARCA IDENTIFICADA,ADHESIVO,278.40,true,Activo,SIN MARCA IDENTIFICADA,1230
SIN MARCA IDENTIFICADA-CAW3,SIN MARCA IDENTIFICADA-CAW3,CAW3,CONTRAPESO ADHESIVO 1/4 oz. AUTO,Atributo E: CJ/52,SIN MARCA IDENTIFICADA,ADHESIVO,277.00,true,Activo,SIN MARCA IDENTIFICADA,1231
SIN MARCA IDENTIFICADA-PBR 1/4,SIN MARCA IDENTIFICADA-PBR 1/4,PBR 1/4,CONTRAPESOS AUTO 1/4 OZ,Atributo E: 100,SIN MARCA IDENTIFICADA,CONTRAPESO RIN ACERO,1.06,true,Activo,SIN MARCA IDENTIFICADA,1234
SIN MARCA IDENTIFICADA-PBR 1/2,SIN MARCA IDENTIFICADA-PBR 1/2,PBR 1/2,CONTRAPESOS AUTO 1/2 OZ,Atributo E: 100,SIN MARCA IDENTIFICADA,CONTRAPESO RIN ACERO,1.72,true,Activo,SIN MARCA IDENTIFICADA,1235
SIN MARCA IDENTIFICADA-PBR 3/4,SIN MARCA IDENTIFICADA-PBR 3/4,PBR 3/4,CONTRAPESOS AUTO 3/4 OZ,Atributo E: 100,SIN MARCA IDENTIFICADA,CONTRAPESO RIN ACERO,2.55,true,Activo,SIN MARCA IDENTIFICADA,1236
SIN MARCA IDENTIFICADA-PBR 1,SIN MARCA IDENTIFICADA-PBR 1,PBR 1,CONTRAPESOS AUTO 1.0 OZ,Atributo E: 100,SIN MARCA IDENTIFICADA,CONTRAPESO RIN ACERO,3.40,true,Activo,SIN MARCA IDENTIFICADA,1237
SIN MARCA IDENTIFICADA-PBR 1-1/4,SIN MARCA IDENTIFICADA-PBR 1-1/4,PBR 1-1/4,CONTRAPESOS AUTO 1-1/4 OZ,Atributo E: 100,SIN MARCA IDENTIFICADA,CONTRAPESO RIN ACERO,4.28,true,Activo,SIN MARCA IDENTIFICADA,1238
SIN MARCA IDENTIFICADA-PBR 1-1/2,SIN MARCA IDENTIFICADA-PBR 1-1/2,PBR 1-1/2,CONTRAPESOS AUTO 1.5 OZ,Atributo E: 100,SIN MARCA IDENTIFICADA,CONTRAPESO RIN ACERO,5.10,true,Activo,SIN MARCA IDENTIFICADA,1239
SIN MARCA IDENTIFICADA-PBR 1-3/4,SIN MARCA IDENTIFICADA-PBR 1-3/4,PBR 1-3/4,CONTRAPESOS AUTO 1-3/4 OZ,Atributo E: 50,SIN MARCA IDENTIFICADA,CONTRAPESO RIN ACERO,5.96,true,Activo,SIN MARCA IDENTIFICADA,1240
SIN MARCA IDENTIFICADA-PBR 2,SIN MARCA IDENTIFICADA-PBR 2,PBR 2,CONTRAPESOS AUTO 2.0 OZ,Atributo E: 50,SIN MARCA IDENTIFICADA,CONTRAPESO RIN ACERO,6.80,true,Activo,SIN MARCA IDENTIFICADA,1241
SIN MARCA IDENTIFICADA-PBR 2-1/4,SIN MARCA IDENTIFICADA-PBR 2-1/4,PBR 2-1/4,CONTRAPESOS AUTO 2-1/4 OZ,Atributo E: 50,SIN MARCA IDENTIFICADA,CONTRAPESO RIN ACERO,7.66,true,Activo,SIN MARCA IDENTIFICADA,1242
SIN MARCA IDENTIFICADA-PBR 2-1/2,SIN MARCA IDENTIFICADA-PBR 2-1/2,PBR 2-1/2,CONTRAPESOS AUTO 2.5 OZ,Atributo E: 50,SIN MARCA IDENTIFICADA,CONTRAPESO RIN ACERO,8.48,true,Activo,SIN MARCA IDENTIFICADA,1243
SIN MARCA IDENTIFICADA-PBR 2-3/4,SIN MARCA IDENTIFICADA-PBR 2-3/4,PBR 2-3/4,CONTRAPESOS AUTO 2-3/4 OZ,Atributo E: 50,SIN MARCA IDENTIFICADA,CONTRAPESO RIN ACERO,9.36,true,Activo,SIN MARCA IDENTIFICADA,1244
SIN MARCA IDENTIFICADA-PBR 3,SIN MARCA IDENTIFICADA-PBR 3,PBR 3,CONTRAPESOS AUTO 3.0 OZ,Atributo E: 25,SIN MARCA IDENTIFICADA,CONTRAPESO RIN ACERO,11.48,true,Activo,SIN MARCA IDENTIFICADA,1245
SIN MARCA IDENTIFICADA-AWR 1/4,SIN MARCA IDENTIFICADA-AWR 1/4,AWR 1/4,CONTRAPESOS AL 1/4 OZ,Atributo E: 100,SIN MARCA IDENTIFICADA,CONTRAPESO RIN ALUMINIO,1.06,true,Activo,SIN MARCA IDENTIFICADA,1247
SIN MARCA IDENTIFICADA-AWR 1/2,SIN MARCA IDENTIFICADA-AWR 1/2,AWR 1/2,CONTRAPESOS AL 0.5 OZ,Atributo E: 100,SIN MARCA IDENTIFICADA,CONTRAPESO RIN ALUMINIO,1.91,true,Activo,SIN MARCA IDENTIFICADA,1248
SIN MARCA IDENTIFICADA-AWR 3/4,SIN MARCA IDENTIFICADA-AWR 3/4,AWR 3/4,CONTRAPESOS AL 3/4 OZ,Atributo E: 100,SIN MARCA IDENTIFICADA,CONTRAPESO RIN ALUMINIO,2.88,true,Activo,SIN MARCA IDENTIFICADA,1249
SIN MARCA IDENTIFICADA-AWR 1,SIN MARCA IDENTIFICADA-AWR 1,AWR 1,CONTRAPESOS AL 1.0 OZ,Atributo E: 100,SIN MARCA IDENTIFICADA,CONTRAPESO RIN ALUMINIO,3.81,true,Activo,SIN MARCA IDENTIFICADA,1250
SIN MARCA IDENTIFICADA-AWR 1 1/4,SIN MARCA IDENTIFICADA-AWR 1 1/4,AWR 1 1/4,CONTRAPESOS AL 1-1/4 OZ,Atributo E: 100,SIN MARCA IDENTIFICADA,CONTRAPESO RIN ALUMINIO,4.78,true,Activo,SIN MARCA IDENTIFICADA,1251
SIN MARCA IDENTIFICADA-AWR 1-1/2,SIN MARCA IDENTIFICADA-AWR 1-1/2,AWR 1-1/2,CONTRAPESOS AL 1.5 OZ,Atributo E: 100,SIN MARCA IDENTIFICADA,CONTRAPESO RIN ALUMINIO,5.76,true,Activo,SIN MARCA IDENTIFICADA,1252
SIN MARCA IDENTIFICADA-AWR 1-3/4,SIN MARCA IDENTIFICADA-AWR 1-3/4,AWR 1-3/4,CONTRAPESOS AL 1-3/4 OZ,Atributo E: 50,SIN MARCA IDENTIFICADA,CONTRAPESO RIN ALUMINIO,6.70,true,Activo,SIN MARCA IDENTIFICADA,1253
SIN MARCA IDENTIFICADA-AWR 2,SIN MARCA IDENTIFICADA-AWR 2,AWR 2,CONTRAPESOS AL 2.0 OZ,Atributo E: 50,SIN MARCA IDENTIFICADA,CONTRAPESO RIN ALUMINIO,7.66,true,Activo,SIN MARCA IDENTIFICADA,1254
SIN MARCA IDENTIFICADA-AWR 2-1/4,SIN MARCA IDENTIFICADA-AWR 2-1/4,AWR 2-1/4,CONTRAPESOS AL 2-1/4 OZ,Atributo E: 50,SIN MARCA IDENTIFICADA,CONTRAPESO RIN ALUMINIO,8.60,true,Activo,SIN MARCA IDENTIFICADA,1255
SIN MARCA IDENTIFICADA-AWR 2-1/2,SIN MARCA IDENTIFICADA-AWR 2-1/2,AWR 2-1/2,CONTRAPESOS AL 2.5 OZ,Atributo E: 50,SIN MARCA IDENTIFICADA,CONTRAPESO RIN ALUMINIO,9.56,true,Activo,SIN MARCA IDENTIFICADA,1256
SIN MARCA IDENTIFICADA-AWR 2-3/4,SIN MARCA IDENTIFICADA-AWR 2-3/4,AWR 2-3/4,CONTRAPESOS AL 2-3/4 OZ,Atributo E: 50,SIN MARCA IDENTIFICADA,CONTRAPESO RIN ALUMINIO,10.52,true,Activo,SIN MARCA IDENTIFICADA,1257
SIN MARCA IDENTIFICADA-AWR 3,SIN MARCA IDENTIFICADA-AWR 3,AWR 3,CONTRAPESOS AL 3.0 OZ,Atributo E: 25,SIN MARCA IDENTIFICADA,CONTRAPESO RIN ALUMINIO,11.48,true,Activo,SIN MARCA IDENTIFICADA,1258
SIN MARCA IDENTIFICADA-CCR2,SIN MARCA IDENTIFICADA-CCR2,CCR2,CONTRAPESOS CAMION 2 OZ,Atributo E: 50,SIN MARCA IDENTIFICADA,CONTRAPESO PARA CAMIÓN,8.45,true,Activo,SIN MARCA IDENTIFICADA,1261
SIN MARCA IDENTIFICADA-CCR4,SIN MARCA IDENTIFICADA-CCR4,CCR4,CONTRAPESOS CAMION 4 OZ,Atributo E: 25,SIN MARCA IDENTIFICADA,CONTRAPESO PARA CAMIÓN,21.45,true,Activo,SIN MARCA IDENTIFICADA,1262
SIN MARCA IDENTIFICADA-CCR6,SIN MARCA IDENTIFICADA-CCR6,CCR6,CONTRAPESOS CAMION 6 OZ,Atributo E: 25,SIN MARCA IDENTIFICADA,CONTRAPESO PARA CAMIÓN,31.10,true,Activo,SIN MARCA IDENTIFICADA,1263
SIN MARCA IDENTIFICADA-CCR8,SIN MARCA IDENTIFICADA-CCR8,CCR8,CONTRAPESOS CAMION 8 OZ,Atributo E: 20,SIN MARCA IDENTIFICADA,CONTRAPESO PARA CAMIÓN,41.20,true,Activo,SIN MARCA IDENTIFICADA,1264
SIN MARCA IDENTIFICADA-CCR10,SIN MARCA IDENTIFICADA-CCR10,CCR10,CONTRAPESOS CAMION 10 OZ,Atributo E: 15,SIN MARCA IDENTIFICADA,CONTRAPESO PARA CAMIÓN,49.13,true,Activo,SIN MARCA IDENTIFICADA,1265
SIN MARCA IDENTIFICADA-CCR12,SIN MARCA IDENTIFICADA-CCR12,CCR12,CONTRAPESOS CAMION 12 OZ,Atributo E: 15,SIN MARCA IDENTIFICADA,CONTRAPESO PARA CAMIÓN,59.25,true,Activo,SIN MARCA IDENTIFICADA,1266
SIN MARCA IDENTIFICADA-CCR14,SIN MARCA IDENTIFICADA-CCR14,CCR14,CONTRAPESOS CAMION 14 OZ,Atributo E: 10,SIN MARCA IDENTIFICADA,CONTRAPESO PARA CAMIÓN,68.00,true,Activo,SIN MARCA IDENTIFICADA,1267
SIN MARCA IDENTIFICADA-CCR16,SIN MARCA IDENTIFICADA-CCR16,CCR16,CONTRAPESOS CAMION 16 OZ,Atributo E: 10,SIN MARCA IDENTIFICADA,CONTRAPESO PARA CAMIÓN,76.30,true,Activo,SIN MARCA IDENTIFICADA,1268
SIN MARCA IDENTIFICADA-TIB10,SIN MARCA IDENTIFICADA-TIB10,TIB10,ESFERAS BALANCEO TIB10,Atributo E: 10oz,SIN MARCA IDENTIFICADA,ESFERAS DE BALANCEO,264.00,true,Activo,SIN MARCA IDENTIFICADA,1271
SIN MARCA IDENTIFICADA-TIB12,SIN MARCA IDENTIFICADA-TIB12,TIB12,ESFERAS BALANCEO TIB12,Atributo E: 12oz,SIN MARCA IDENTIFICADA,ESFERAS DE BALANCEO,299.00,true,Activo,SIN MARCA IDENTIFICADA,1272
SIN MARCA IDENTIFICADA-CAW10,SIN MARCA IDENTIFICADA-CAW10,CAW10,PINZAS PARA PLOMO,,SIN MARCA IDENTIFICADA,ACCESORIOS,162.40,true,Activo,SIN MARCA IDENTIFICADA,1275
SIN MARCA IDENTIFICADA-CAW11,SIN MARCA IDENTIFICADA-CAW11,CAW11,PINZAS PARA PLOMO REFORZADA,,SIN MARCA IDENTIFICADA,ACCESORIOS,279.56,true,Activo,SIN MARCA IDENTIFICADA,1276
SIN MARCA IDENTIFICADA-CAW12,SIN MARCA IDENTIFICADA-CAW12,CAW12,ESPATULA QUITA PLOMO ADHESIVO,,SIN MARCA IDENTIFICADA,ACCESORIOS,88.16,true,Activo,SIN MARCA IDENTIFICADA,1277
SIN MARCA IDENTIFICADA-CAW12~2,SIN MARCA IDENTIFICADA-CAW12,CAW12,MARTILLO-UÑA PARA BALANCEO DE CAMION,,SIN MARCA IDENTIFICADA,ACCESORIOS,301.60,true,Activo,SIN MARCA IDENTIFICADA,1278
SIN MARCA IDENTIFICADA-CAW14,SIN MARCA IDENTIFICADA-CAW14,CAW14,"LAINAS CHAMPION 1/8, 1/16 1/32",,SIN MARCA IDENTIFICADA,ACCESORIOS,2.53,true,Activo,SIN MARCA IDENTIFICADA,1279
SIN MARCA IDENTIFICADA-CAW17,SIN MARCA IDENTIFICADA-CAW17,CAW17,"LAINAS CAMION CHAMPION 1/8, 1/16 1/32",,SIN MARCA IDENTIFICADA,ACCESORIOS,10.00,true,Activo,SIN MARCA IDENTIFICADA,1280
SIN MARCA IDENTIFICADA-SD17PP,SIN MARCA IDENTIFICADA-SD17PP,SD17PP,1/2 17MM (SD17),,SIN MARCA IDENTIFICADA,DADO PARED DELGADA,69.60,true,Activo,SIN MARCA IDENTIFICADA,1284
SIN MARCA IDENTIFICADA-SD19PP,SIN MARCA IDENTIFICADA-SD19PP,SD19PP,1/2 19MM (SD19),,SIN MARCA IDENTIFICADA,DADO PARED DELGADA,69.60,true,Activo,SIN MARCA IDENTIFICADA,1285
SIN MARCA IDENTIFICADA-SD21PP,SIN MARCA IDENTIFICADA-SD21PP,SD21PP,1/2 21MM (SD21),,SIN MARCA IDENTIFICADA,DADO PARED DELGADA,69.60,true,Activo,SIN MARCA IDENTIFICADA,1286
SIN MARCA IDENTIFICADA-SD22PP,SIN MARCA IDENTIFICADA-SD22PP,SD22PP,1/2 22MM (SD22),,SIN MARCA IDENTIFICADA,DADO PARED DELGADA,69.60,true,Activo,SIN MARCA IDENTIFICADA,1287
SIN MARCA IDENTIFICADA-KDS3,SIN MARCA IDENTIFICADA-KDS3,KDS3,"KIT DADOS (3 DADOS) 21MM, 17MM, 19MM",,SIN MARCA IDENTIFICADA,KITS,223.00,true,Activo,SIN MARCA IDENTIFICADA,1289
SIN MARCA IDENTIFICADA-KDS7,SIN MARCA IDENTIFICADA-KDS7,KDS7,KIT DADOS (7 DADOS),,SIN MARCA IDENTIFICADA,KITS,512.00,true,Activo,SIN MARCA IDENTIFICADA,1290
SIN MARCA IDENTIFICADA-KDS8,SIN MARCA IDENTIFICADA-KDS8,KDS8,KIT DE DADOS PARA QUITAR TUERCAS DE SEGURIDAD,,SIN MARCA IDENTIFICADA,KITS,1130.00,true,Activo,SIN MARCA IDENTIFICADA,1291
SIN MARCA IDENTIFICADA-KDS1,SIN MARCA IDENTIFICADA-KDS1,KDS1,KIT DE DADOS EXTRACTORES DE TUERCAS,,SIN MARCA IDENTIFICADA,KITS,1789.88,true,Activo,SIN MARCA IDENTIFICADA,1292
SIN MARCA IDENTIFICADA-KDS2,SIN MARCA IDENTIFICADA-KDS2,KDS2,EXTRACTOR DE TUERCAS BARRIDAS (3 DADOS),,SIN MARCA IDENTIFICADA,KITS,1039.36,true,Activo,SIN MARCA IDENTIFICADA,1293
SIN MARCA IDENTIFICADA-KDS4,SIN MARCA IDENTIFICADA-KDS4,KDS4,EXRACTOR DE TUERCAS LLAVE (4 PZAS),,SIN MARCA IDENTIFICADA,KITS,1270.20,true,Activo,SIN MARCA IDENTIFICADA,1294
SIN MARCA IDENTIFICADA-S17AR,SIN MARCA IDENTIFICADA-S17AR,S17AR,1/2 17 MM (S17),,SIN MARCA IDENTIFICADA,DADOS ALTO RENDIMIENTO,81.00,true,Activo,SIN MARCA IDENTIFICADA,1297
SIN MARCA IDENTIFICADA-S19AR,SIN MARCA IDENTIFICADA-S19AR,S19AR,1/2 3/4 (S19),,SIN MARCA IDENTIFICADA,DADOS ALTO RENDIMIENTO,81.00,true,Activo,SIN MARCA IDENTIFICADA,1298
SIN MARCA IDENTIFICADA-S21AR,SIN MARCA IDENTIFICADA-S21AR,S21AR,1/2 13/16 (S21),,SIN MARCA IDENTIFICADA,DADOS ALTO RENDIMIENTO,81.00,true,Activo,SIN MARCA IDENTIFICADA,1299
SIN MARCA IDENTIFICADA-S22AR,SIN MARCA IDENTIFICADA-S22AR,S22AR,1/2 7/8 (S22),,SIN MARCA IDENTIFICADA,DADOS ALTO RENDIMIENTO,85.00,true,Activo,SIN MARCA IDENTIFICADA,1300
SIN MARCA IDENTIFICADA-S24AR,SIN MARCA IDENTIFICADA-S24AR,S24AR,1/2 15/16 (S24),,SIN MARCA IDENTIFICADA,DADOS ALTO RENDIMIENTO,133.10,true,Activo,SIN MARCA IDENTIFICADA,1301
SIN MARCA IDENTIFICADA-S25AR,SIN MARCA IDENTIFICADA-S25AR,S25AR,"1/2 1"" (S25)",,SIN MARCA IDENTIFICADA,DADOS ALTO RENDIMIENTO,133.10,true,Activo,SIN MARCA IDENTIFICADA,1302
SIN MARCA IDENTIFICADA-S27AR,SIN MARCA IDENTIFICADA-S27AR,S27AR,1/2 1/16 (S27),,SIN MARCA IDENTIFICADA,DADOS ALTO RENDIMIENTO,133.10,true,Activo,SIN MARCA IDENTIFICADA,1303
SIN MARCA IDENTIFICADA-S29AR,SIN MARCA IDENTIFICADA-S29AR,S29AR,1/2 1 1/8 (S29),,SIN MARCA IDENTIFICADA,DADOS ALTO RENDIMIENTO,147.40,true,Activo,SIN MARCA IDENTIFICADA,1304
SIN MARCA IDENTIFICADA-S21TAR,SIN MARCA IDENTIFICADA-S21TAR,S21TAR,3/4 13/16 (S21T),,SIN MARCA IDENTIFICADA,DADOS ALTO RENDIMIENTO,210.10,true,Activo,SIN MARCA IDENTIFICADA,1305
SIN MARCA IDENTIFICADA-S33AR,SIN MARCA IDENTIFICADA-S33AR,S33AR,"1"" 33MM (S33)",,SIN MARCA IDENTIFICADA,DADOS ALTO RENDIMIENTO,283.00,true,Activo,SIN MARCA IDENTIFICADA,1306
SIN MARCA IDENTIFICADA-S41AR,SIN MARCA IDENTIFICADA-S41AR,S41AR,"1"" 41MM (S41)",,SIN MARCA IDENTIFICADA,DADOS ALTO RENDIMIENTO,310.00,true,Activo,SIN MARCA IDENTIFICADA,1307
SIN MARCA IDENTIFICADA-S1AR,SIN MARCA IDENTIFICADA-S1AR,S1AR,"1"" 1 1/2 (S1)",,SIN MARCA IDENTIFICADA,DADOS ALTO RENDIMIENTO,310.00,true,Activo,SIN MARCA IDENTIFICADA,1308
SIN MARCA IDENTIFICADA-S2AR,SIN MARCA IDENTIFICADA-S2AR,S2AR,"1"" SQ 13/16 (S2)",,SIN MARCA IDENTIFICADA,DADOS ALTO RENDIMIENTO,255.00,true,Activo,SIN MARCA IDENTIFICADA,1309
SIN MARCA IDENTIFICADA-A1 AR,SIN MARCA IDENTIFICADA-A1 AR,A1 AR,"ADAPTADOR CUADRO 1/2” x MANDO 3/4""",,SIN MARCA IDENTIFICADA,DADOS ALTO RENDIMIENTO,90.48,true,Activo,SIN MARCA IDENTIFICADA,1310
SIN MARCA IDENTIFICADA-A2 AR,SIN MARCA IDENTIFICADA-A2 AR,A2 AR,"ADAPTADOR CUADRO3/4” x MANDO 1/2""",,SIN MARCA IDENTIFICADA,DADOS ALTO RENDIMIENTO,119.48,true,Activo,SIN MARCA IDENTIFICADA,1311
SIN MARCA IDENTIFICADA-A3 AR,SIN MARCA IDENTIFICADA-A3 AR,A3 AR,"ADAPTADOR CUADRO 1” x MANDO 3/4""",,SIN MARCA IDENTIFICADA,DADOS ALTO RENDIMIENTO,157.00,true,Activo,SIN MARCA IDENTIFICADA,1312
SIN MARCA IDENTIFICADA-A4 AR,SIN MARCA IDENTIFICADA-A4 AR,A4 AR,"ADAPTADOR CUADRO 3/4” x MANDO 1""",,SIN MARCA IDENTIFICADA,DADOS ALTO RENDIMIENTO,213.00,true,Activo,SIN MARCA IDENTIFICADA,1313
SIN MARCA IDENTIFICADA-EX3 AR,SIN MARCA IDENTIFICADA-EX3 AR,EX3 AR,"EXTENSION 1/2"" LARGO DE 3"" (75mm)",,SIN MARCA IDENTIFICADA,DADOS ALTO RENDIMIENTO,73.00,true,Activo,SIN MARCA IDENTIFICADA,1314
SIN MARCA IDENTIFICADA-E5E,SIN MARCA IDENTIFICADA-E5E,E5E,ESPATULA E5 ECONOMICA,,SIN MARCA IDENTIFICADA,ESPATULAS,395.00,true,Activo,SIN MARCA IDENTIFICADA,1316
SIN MARCA IDENTIFICADA-E5R,SIN MARCA IDENTIFICADA-E5R,E5R,ESPATULA E5 REFORZADA,,SIN MARCA IDENTIFICADA,ESPATULAS,476.00,true,Activo,SIN MARCA IDENTIFICADA,1317
SIN MARCA IDENTIFICADA-CE1,SIN MARCA IDENTIFICADA-CE1,CE1,ESPATULA DE UÑA CHAMPION,,SIN MARCA IDENTIFICADA,ESPATULAS,221.00,true,Activo,SIN MARCA IDENTIFICADA,1318
SIN MARCA IDENTIFICADA-CE2,SIN MARCA IDENTIFICADA-CE2,CE2,ESPATULA DOBLE CUCHARA CHAMPION,,SIN MARCA IDENTIFICADA,ESPATULAS,218.00,true,Activo,SIN MARCA IDENTIFICADA,1319
SIN MARCA IDENTIFICADA-CE3,SIN MARCA IDENTIFICADA-CE3,CE3,ESPATULA DOBLE CUCHARA LARGA,,SIN MARCA IDENTIFICADA,ESPATULAS,254.00,true,Activo,SIN MARCA IDENTIFICADA,1320
SIN MARCA IDENTIFICADA-CE8,SIN MARCA IDENTIFICADA-CE8,CE8,ESPATULA EXTRA LARGA DOBLE CUCHARA,,SIN MARCA IDENTIFICADA,ESPATULAS,288.00,true,Activo,SIN MARCA IDENTIFICADA,1321
SIN MARCA IDENTIFICADA-MA1AR,SIN MARCA IDENTIFICADA-MA1AR,MA1AR,MA1AR MANERAL ARTICULADO 1/2 SQ 450mm ALTO RENDIMIENTO,,SIN MARCA IDENTIFICADA,MANERALES,260.00,true,Activo,SIN MARCA IDENTIFICADA,1323
SIN MARCA IDENTIFICADA-ML3AR,SIN MARCA IDENTIFICADA-ML3AR,ML3AR,"ML3AR MANERAL ""L"" 1/2 SQ 250mm ALTO RENDIMIENTO",,SIN MARCA IDENTIFICADA,MANERALES,130.00,true,Activo,SIN MARCA IDENTIFICADA,1324
SIN MARCA IDENTIFICADA-EC14,SIN MARCA IDENTIFICADA-EC14,EC14,LLAVE DE CRUZ CROMADA 14,,SIN MARCA IDENTIFICADA,LLAVES DE CRUZ,123.31,true,Activo,SIN MARCA IDENTIFICADA,1327
SIN MARCA IDENTIFICADA-EC10C,SIN MARCA IDENTIFICADA-EC10C,EC10C,LLAVE DE CRUZ CROMADA 14 CON DADO,,SIN MARCA IDENTIFICADA,LLAVES DE CRUZ,123.31,true,Activo,SIN MARCA IDENTIFICADA,1328
SIN MARCA IDENTIFICADA-EC16,SIN MARCA IDENTIFICADA-EC16,EC16,LLAVE DE CRUZ CROMADA 16,,SIN MARCA IDENTIFICADA,LLAVES DE CRUZ,142.68,true,Activo,SIN MARCA IDENTIFICADA,1329
SIN MARCA IDENTIFICADA-EC14E,SIN MARCA IDENTIFICADA-EC14E,EC14E,LLAVE DE CRUZ PLEGABLE CON ESTUCHE,,SIN MARCA IDENTIFICADA,LLAVES DE CRUZ,400.20,true,Activo,SIN MARCA IDENTIFICADA,1330
SIN MARCA IDENTIFICADA-EC20,SIN MARCA IDENTIFICADA-EC20,EC20,"EC20 LLAVE DE CRUZ 20"" 17X19X21X22 CHAMPIONS",,SIN MARCA IDENTIFICADA,LLAVES DE CRUZ,176.00,true,Activo,SIN MARCA IDENTIFICADA,1331
SIN MARCA IDENTIFICADA-EC5,SIN MARCA IDENTIFICADA-EC5,EC5,"EC5 LLAVE DE CRUZ REFORZADA 22"" 17X19X21X22 CHAMPIONS",,SIN MARCA IDENTIFICADA,LLAVES DE CRUZ,256.00,true,Activo,SIN MARCA IDENTIFICADA,1332
SIN MARCA IDENTIFICADA-EM2,SIN MARCA IDENTIFICADA-EM2,EM2,EM2 MANERAL M2 40CM 2.4MM CHAMPIONS,,SIN MARCA IDENTIFICADA,LLAVES DE CRUZ,95.00,true,Activo,SIN MARCA IDENTIFICADA,1333
SIN MARCA IDENTIFICADA-CD33P,SIN MARCA IDENTIFICADA-CD33P,CD33P,LLAVE DE ARTILLERA D33P,,SIN MARCA IDENTIFICADA,LLAVES DE ARTILLERIA Y MANERALES,266.80,true,Activo,SIN MARCA IDENTIFICADA,1335
SIN MARCA IDENTIFICADA-CM2~2,SIN MARCA IDENTIFICADA-CM2,CM2,MANERAL PARA LLAVE DE CAMION,,SIN MARCA IDENTIFICADA,LLAVES DE ARTILLERIA Y MANERALES,110.20,true,Activo,SIN MARCA IDENTIFICADA,1336
SIN MARCA IDENTIFICADA-EPEB66-1,SIN MARCA IDENTIFICADA-EPEB66-1,EPEB66-1,KIT EXTRACTOR ENGRANESY POLEAS 5 TON,,SIN MARCA IDENTIFICADA,"EXTRACTORES POLEAS, ENGRANES, BALEROS,",1062.56,true,Activo,SIN MARCA IDENTIFICADA,2008
SIN MARCA IDENTIFICADA-EPEB66-2,SIN MARCA IDENTIFICADA-EPEB66-2,EPEB66-2,KIT EXTRACTOR ENGRANES Y POLEAS 10 TON,,SIN MARCA IDENTIFICADA,"EXTRACTORES POLEAS, ENGRANES, BALEROS,",1572.96,true,Activo,SIN MARCA IDENTIFICADA,2009
SIN MARCA IDENTIFICADA-EPEB64-1,SIN MARCA IDENTIFICADA-EPEB64-1,EPEB64-1,EXTRACTOR BALEROS 2 PIERNAS 15-35mm,,SIN MARCA IDENTIFICADA,"EXTRACTORES POLEAS, ENGRANES, BALEROS,",723.84,true,Activo,SIN MARCA IDENTIFICADA,2010
SIN MARCA IDENTIFICADA-EPEB64-2,SIN MARCA IDENTIFICADA-EPEB64-2,EPEB64-2,EXTRACTOR BALEROS 2 PIERNAS 17-38,,SIN MARCA IDENTIFICADA,"EXTRACTORES POLEAS, ENGRANES, BALEROS,",71.92,true,Activo,SIN MARCA IDENTIFICADA,2011
SIN MARCA IDENTIFICADA-EPEB64-3,SIN MARCA IDENTIFICADA-EPEB64-3,EPEB64-3,EXTRACTOR BALEROS 2 PIERNAS 19-40mm,,SIN MARCA IDENTIFICADA,"EXTRACTORES POLEAS, ENGRANES, BALEROS,",78.88,true,Activo,SIN MARCA IDENTIFICADA,2012
SIN MARCA IDENTIFICADA-EPEB64-4,SIN MARCA IDENTIFICADA-EPEB64-4,EPEB64-4,EXTRACTOR BALEROS 2 PIERNAS 24-55mm,,SIN MARCA IDENTIFICADA,"EXTRACTORES POLEAS, ENGRANES, BALEROS,",104.40,true,Activo,SIN MARCA IDENTIFICADA,2013
SIN MARCA IDENTIFICADA-EPEB64-5,SIN MARCA IDENTIFICADA-EPEB64-5,EPEB64-5,EXTRACTOR BALEROS 2 PIERNAS 30-70mm,,SIN MARCA IDENTIFICADA,"EXTRACTORES POLEAS, ENGRANES, BALEROS,",117.16,true,Activo,SIN MARCA IDENTIFICADA,2014
SIN MARCA IDENTIFICADA-EPEB58-1,SIN MARCA IDENTIFICADA-EPEB58-1,EPEB58-1,"EXTRACTOR ENGRANES Y POLEAS 3""",,SIN MARCA IDENTIFICADA,"EXTRACTORES POLEAS, ENGRANES, BALEROS,",81.78,true,Activo,SIN MARCA IDENTIFICADA,2015
SIN MARCA IDENTIFICADA-EPEB58-3,SIN MARCA IDENTIFICADA-EPEB58-3,EPEB58-3,"EXTRACTOR ENGRANES Y POLEAS 6""",,SIN MARCA IDENTIFICADA,"EXTRACTORES POLEAS, ENGRANES, BALEROS,",140.94,true,Activo,SIN MARCA IDENTIFICADA,2016
SIN MARCA IDENTIFICADA-EPEB58-4,SIN MARCA IDENTIFICADA-EPEB58-4,EPEB58-4,"EXTRACTOR ENGRANES Y POLEAS 8""",,SIN MARCA IDENTIFICADA,"EXTRACTORES POLEAS, ENGRANES, BALEROS,",233.16,true,Activo,SIN MARCA IDENTIFICADA,2017
SIN MARCA IDENTIFICADA-EPEB58-5,SIN MARCA IDENTIFICADA-EPEB58-5,EPEB58-5,"EXTRACTOR ENGRANES Y POLEAS 10""",,SIN MARCA IDENTIFICADA,"EXTRACTORES POLEAS, ENGRANES, BALEROS,",339.88,true,Activo,SIN MARCA IDENTIFICADA,2018
SIN MARCA IDENTIFICADA-EPEB58-6,SIN MARCA IDENTIFICADA-EPEB58-6,EPEB58-6,"EXTRACTOR ENGRANES Y POLEAS 12""",,SIN MARCA IDENTIFICADA,"EXTRACTORES POLEAS, ENGRANES, BALEROS,",494.16,true,Activo,SIN MARCA IDENTIFICADA,2019
SIN MARCA IDENTIFICADA-EPEB58-7,SIN MARCA IDENTIFICADA-EPEB58-7,EPEB58-7,"EXTRACTOR ENGRANES Y POLEAS 14""",,SIN MARCA IDENTIFICADA,"EXTRACTORES POLEAS, ENGRANES, BALEROS,",694.84,true,Activo,SIN MARCA IDENTIFICADA,2020
SIN MARCA IDENTIFICADA-EPEB58-8,SIN MARCA IDENTIFICADA-EPEB58-8,EPEB58-8,"EXTRACTOR ENGRANES Y POLEAS 16""",,SIN MARCA IDENTIFICADA,"EXTRACTORES POLEAS, ENGRANES, BALEROS,",850.28,true,Activo,SIN MARCA IDENTIFICADA,2021
SIN MARCA IDENTIFICADA-EPEB59-1,SIN MARCA IDENTIFICADA-EPEB59-1,EPEB59-1,"EXTRACTOR ENGRANES Y POLEAS 2P 3""",,SIN MARCA IDENTIFICADA,"EXTRACTORES POLEAS, ENGRANES, BALEROS,",62.06,true,Activo,SIN MARCA IDENTIFICADA,2022
SIN MARCA IDENTIFICADA-EPEB59-2,SIN MARCA IDENTIFICADA-EPEB59-2,EPEB59-2,"EXTRACTOR ENGRANES Y POLEAS 2P 4""",,SIN MARCA IDENTIFICADA,"EXTRACTORES POLEAS, ENGRANES, BALEROS,",81.78,true,Activo,SIN MARCA IDENTIFICADA,2023
SIN MARCA IDENTIFICADA-EPEB59-3,SIN MARCA IDENTIFICADA-EPEB59-3,EPEB59-3,"EXTRACTOR ENGRANES Y POLEAS 2P 6""",,SIN MARCA IDENTIFICADA,"EXTRACTORES POLEAS, ENGRANES, BALEROS,",105.56,true,Activo,SIN MARCA IDENTIFICADA,2024
SIN MARCA IDENTIFICADA-EPEB59-4,SIN MARCA IDENTIFICADA-EPEB59-4,EPEB59-4,"EXTRACTOR ENGRANES Y POLEAS 2P 8""",,SIN MARCA IDENTIFICADA,"EXTRACTORES POLEAS, ENGRANES, BALEROS,",177.48,true,Activo,SIN MARCA IDENTIFICADA,2025
SIN MARCA IDENTIFICADA-EPEB59-5,SIN MARCA IDENTIFICADA-EPEB59-5,EPEB59-5,"EXTRACTOR ENGRANES Y POLEAS 2P 10""",,SIN MARCA IDENTIFICADA,"EXTRACTORES POLEAS, ENGRANES, BALEROS,",251.72,true,Activo,SIN MARCA IDENTIFICADA,2026
SIN MARCA IDENTIFICADA-EPEB60-1,SIN MARCA IDENTIFICADA-EPEB60-1,EPEB60-1,"EXTRACTOR ENGRANES Y POLEAS 2/3P 3""",,SIN MARCA IDENTIFICADA,"EXTRACTORES POLEAS, ENGRANES, BALEROS,",89.32,true,Activo,SIN MARCA IDENTIFICADA,2027
SIN MARCA IDENTIFICADA-EPEB60-2,SIN MARCA IDENTIFICADA-EPEB60-2,EPEB60-2,"EXTRACTOR ENGRANES Y POLEAS 2/3P 4""",,SIN MARCA IDENTIFICADA,"EXTRACTORES POLEAS, ENGRANES, BALEROS,",117.16,true,Activo,SIN MARCA IDENTIFICADA,2028
SIN MARCA IDENTIFICADA-EPEB60-3,SIN MARCA IDENTIFICADA-EPEB60-3,EPEB60-3,"EXTRACTOR ENGRANES Y POLEAS 2/3P 6""",,SIN MARCA IDENTIFICADA,"EXTRACTORES POLEAS, ENGRANES, BALEROS,",149.06,true,Activo,SIN MARCA IDENTIFICADA,2029
SIN MARCA IDENTIFICADA-EPEB60-4,SIN MARCA IDENTIFICADA-EPEB60-4,EPEB60-4,"EXTRACTOR ENGRANES Y POLEAS 2/3P 8""",,SIN MARCA IDENTIFICADA,"EXTRACTORES POLEAS, ENGRANES, BALEROS,",249.40,true,Activo,SIN MARCA IDENTIFICADA,2030
SIN MARCA IDENTIFICADA-EPEB57-4,SIN MARCA IDENTIFICADA-EPEB57-4,EPEB57-4,SEPARADOR DE ROTULA 22MM,,SIN MARCA IDENTIFICADA,"EXTRACTORES POLEAS, ENGRANES, BALEROS,",233.16,true,Activo,SIN MARCA IDENTIFICADA,2031
SIN MARCA IDENTIFICADA-EPEB57-5,SIN MARCA IDENTIFICADA-EPEB57-5,EPEB57-5,EXTRACTOR DE ROTULA AUTOMOTRIZ,,SIN MARCA IDENTIFICADA,"EXTRACTORES POLEAS, ENGRANES, BALEROS,",226.20,true,Activo,SIN MARCA IDENTIFICADA,2032
SIN MARCA IDENTIFICADA-EPEB57-6,SIN MARCA IDENTIFICADA-EPEB57-6,EPEB57-6,KIT 6 PIEZAS EXTRACTOR DE ROTULA,,SIN MARCA IDENTIFICADA,"EXTRACTORES POLEAS, ENGRANES, BALEROS,",1026.60,true,Activo,SIN MARCA IDENTIFICADA,2033
SIN MARCA IDENTIFICADA-EPEB57-7,SIN MARCA IDENTIFICADA-EPEB57-7,EPEB57-7,KIT MONTAR/DESMONTAR ROTULAS 7PCS,,SIN MARCA IDENTIFICADA,"EXTRACTORES POLEAS, ENGRANES, BALEROS,",1076.48,true,Activo,SIN MARCA IDENTIFICADA,2034
SIN MARCA IDENTIFICADA-EPEB57-8,SIN MARCA IDENTIFICADA-EPEB57-8,EPEB57-8,KIT 4 PCS ROMPE TUERCAS,,SIN MARCA IDENTIFICADA,"EXTRACTORES POLEAS, ENGRANES, BALEROS,",516.20,true,Activo,SIN MARCA IDENTIFICADA,2035
SIN MARCA IDENTIFICADA-EPEB55-1,SIN MARCA IDENTIFICADA-EPEB55-1,EPEB55-1,KTI SEPARADOR BALEROS 12 PIEZAS,,SIN MARCA IDENTIFICADA,"EXTRACTORES POLEAS, ENGRANES, BALEROS,",622.92,true,Activo,SIN MARCA IDENTIFICADA,2036
SIN MARCA IDENTIFICADA-EPEB55-2,SIN MARCA IDENTIFICADA-EPEB55-2,EPEB55-2,KTI SEPARADOR BALEROS 9 PIEZAS,,SIN MARCA IDENTIFICADA,"EXTRACTORES POLEAS, ENGRANES, BALEROS,",1049.80,true,Activo,SIN MARCA IDENTIFICADA,2037
SIN MARCA IDENTIFICADA-EPEB55-3,SIN MARCA IDENTIFICADA-EPEB55-3,EPEB55-3,KTI SEPARADOR BALEROS 14 PIEZAS,,SIN MARCA IDENTIFICADA,"EXTRACTORES POLEAS, ENGRANES, BALEROS,",721.52,true,Activo,SIN MARCA IDENTIFICADA,2038
FIREBIRD-FB-1104,FIREBIRD-FB-1104,FB-1104,CORTADOR LATERAL FIREBIRD FB-1104,,FIREBIRD,PISTOLAS DE IMPACTO,973.24,true,Activo,FIREBIRD,6
FIREBIRD-FB-7190K,FIREBIRD-FB-7190K,FB-7190K,MARTILLO DE AIRE FB-7190 EN KIT,,FIREBIRD,PISTOLAS DE IMPACTO,1492.92,true,Activo,FIREBIRD,7
FIREBIRD-FB-1136,FIREBIRD-FB-1136,FB-1136,MATRACA FIREBIRD FB-1136 3/8,,FIREBIRD,PISTOLAS DE IMPACTO,1950.00,true,Activo,FIREBIRD,8
FIREBIRD-FB-1146,FIREBIRD-FB-1146,FB-1146,MATRACA FIREBIRD 1/2 FB-1146,,FIREBIRD,PISTOLAS DE IMPACTO,1765.52,true,Activo,FIREBIRD,9
FIREBIRD-FB-1134,FIREBIRD-FB-1134,FB-1134,MATRACA FIREBIRD FB-1134 3/8,,FIREBIRD,PISTOLAS DE IMPACTO,1809.60,true,Activo,FIREBIRD,10
FIREBIRD-FB-6415K,FIREBIRD-FB-6415K,FB-6415K,MOTOTOOL 1/4 O 3/8 FIREBIRD FB6415K,,FIREBIRD,PISTOLAS DE IMPACTO,487.20,true,Activo,FIREBIRD,11
FIREBIRD-FB-1102,FIREBIRD-FB-1102,FB-1102,MOTOTOOL ANGULAR FIREBIRD FB-1102,,FIREBIRD,PISTOLAS DE IMPACTO,973.24,true,Activo,FIREBIRD,12
FIREBIRD-FB-1233,FIREBIRD-FB-1233,FB-1233,PISTOLA FIREBIRD FB-1233 1/4,,FIREBIRD,PISTOLAS DE IMPACTO,1815.40,true,Activo,FIREBIRD,13
FIREBIRD-FB-1366TA,FIREBIRD-FB-1366TA,FB-1366TA,PISTOLA FIREBIRD FB-1366TA 3/8,,FIREBIRD,PISTOLAS DE IMPACTO,2461.52,true,Activo,FIREBIRD,14
FIREBIRD-FB-1421,FIREBIRD-FB-1421,FB-1421,PISTOLA FIREBIRD FB-1421 1/2 MINI,,FIREBIRD,PISTOLAS DE IMPACTO,1809.60,true,Activo,FIREBIRD,15
FIREBIRD-FB-1421-3/8,FIREBIRD-FB-1421-3/8,FB-1421-3/8,PISTOLA FIREBIRD FB-1421 3/8,,FIREBIRD,PISTOLAS DE IMPACTO,1809.60,true,Activo,FIREBIRD,16
FIREBIRD-FB-1438,FIREBIRD-FB-1438,FB-1438,"PISTOLA FIREBIRD FB-1438 1/2""",,FIREBIRD,PISTOLAS DE IMPACTO,1665.00,true,Activo,FIREBIRD,17
FIREBIRD-FB-1453-2,FIREBIRD-FB-1453-2,FB-1453-2,"PISTOLA FIREBIRD FB-1453-2 1/2"" VASTAGO LARGO",,FIREBIRD,PISTOLAS DE IMPACTO,2187.76,true,Activo,FIREBIRD,18
FIREBIRD-FB-1453AN,FIREBIRD-FB-1453AN,FB-1453AN,"PISTOLA FIREBIRD FB-1453-A 1/2""",,FIREBIRD,PISTOLAS DE IMPACTO,1992.88,true,Activo,FIREBIRD,19
FIREBIRD-FB-1453ANK,FIREBIRD-FB-1453ANK,FB-1453ANK,"PISTOLA FIREBIRD FB-1453K 1/2"" CON ESTUCHE",,FIREBIRD,PISTOLAS DE IMPACTO,2382.64,true,Activo,FIREBIRD,20
FIREBIRD-FB-2666,FIREBIRD-FB-2666,FB-2666,"PISTOLA FIREBIRD FB-2666 3/4 """,,FIREBIRD,PISTOLAS DE IMPACTO,3996.20,true,Activo,FIREBIRD,21
FIREBIRD-FB-2666-6,FIREBIRD-FB-2666-6,FB-2666-6,"PISTOLA FIREBIRD FB-2666-6 3/4 "" VASTAGO LARGO",,FIREBIRD,PISTOLAS DE IMPACTO,4584.32,true,Activo,FIREBIRD,22
FIREBIRD-FB-3812N1,FIREBIRD-FB-3812N1,FB-3812N1,"PISTOLA FIREBIRD FB-3812 1"" VASTAGO LARGO",,FIREBIRD,PISTOLAS DE IMPACTO,7433.28,true,Activo,FIREBIRD,23
FIREBIRD-FB-3812N1-2,FIREBIRD-FB-3812N1-2,FB-3812N1-2,"PISTOLA FIREBIRD FB-3812 1"" VASTAGO CORTO",,FIREBIRD,PISTOLAS DE IMPACTO,6766.00,true,Activo,FIREBIRD,24
FIREBIRD-FB-3810,FIREBIRD-FB-3810,FB-3810,"PISTOLA FIREBIRD FB-3810 1"" LIGERA",,FIREBIRD,PISTOLAS DE IMPACTO,7301.00,true,Activo,FIREBIRD,25
FIREBIRD-FB-3880GI,FIREBIRD-FB-3880GI,FB-3880GI,"PISTOLA FIREBIRD FB-3880GI 1"" VASTAGO CORTO",,FIREBIRD,PISTOLAS DE IMPACTO,6410.16,true,Activo,FIREBIRD,26
FIREBIRD-FB-1232,FIREBIRD-FB-1232,FB-1232,TALADRO REVERSIBLE FB1232,,FIREBIRD,PISTOLAS DE IMPACTO,2069.44,true,Activo,FIREBIRD,27
PROFESSIONAL EQUIPMENT-LIP-11,PROFESSIONAL EQUIPMENT-LIP-11,LIP-11,PISTOLA DE IMPACTO 1/2 PROFESSIONAL,,PROFESSIONAL EQUIPMENT,PISTOLAS DE IMPACTO,1425.35,true,Activo,PROFESSIONAL EQUIPMENT,30
PROFESSIONAL EQUIPMENT-LIP-12,PROFESSIONAL EQUIPMENT-LIP-12,LIP-12,PISTOLA DE IMPACTO 1/2 CON ESTUCHE PROFESSIONAL,,PROFESSIONAL EQUIPMENT,PISTOLAS DE IMPACTO,1155.12,true,Activo,PROFESSIONAL EQUIPMENT,31
PROFESSIONAL EQUIPMENT-LIP-21,PROFESSIONAL EQUIPMENT-LIP-21,LIP-21,PISTOLA DE IMPACTO 3/4 PROFESSIONAL,,PROFESSIONAL EQUIPMENT,PISTOLAS DE IMPACTO,3203.00,true,Activo,PROFESSIONAL EQUIPMENT,32
PROFESSIONAL EQUIPMENT-LIP-31,PROFESSIONAL EQUIPMENT-LIP-31,LIP-31,"PISTOLA DE IMPACTO 1"" PROFESSIONAL PLUS",,PROFESSIONAL EQUIPMENT,PISTOLAS DE IMPACTO,5514.20,true,Activo,PROFESSIONAL EQUIPMENT,33
PROFESSIONAL EQUIPMENT-XQ656,PROFESSIONAL EQUIPMENT-XQ656,XQ656,MOTOTOOL ALTA VELOCIDAD,,PROFESSIONAL EQUIPMENT,MOTOTOOLS,667.30,true,Activo,PROFESSIONAL EQUIPMENT,35
PROFESSIONAL EQUIPMENT-XQ613,PROFESSIONAL EQUIPMENT-XQ613,XQ613,MOTOTOOL BAJA VELOCIDAD,,PROFESSIONAL EQUIPMENT,MOTOTOOLS,702.67,true,Activo,PROFESSIONAL EQUIPMENT,36
PROFESSIONAL EQUIPMENT-XQ812,PROFESSIONAL EQUIPMENT-XQ812,XQ812,MOTOTOOL ECONOMICO,,PROFESSIONAL EQUIPMENT,MOTOTOOLS,361.34,true,Activo,PROFESSIONAL EQUIPMENT,37
PROFESSIONAL EQUIPMENT-XQT02,PROFESSIONAL EQUIPMENT-XQT02,XQT02,MOTOTOOL ECONOMICO C/ESTUCHE,,PROFESSIONAL EQUIPMENT,MOTOTOOLS,399.00,true,Activo,PROFESSIONAL EQUIPMENT,38
FALCON-BP-230,FALCON-BP-230,BP-230,BALANCEADORA DE CAMION PROFESSIONAL,Atributo E: PESOS,FALCON,DESMONTADORAS BALANCEADORAS,57628.80,true,Activo,FALCON,40
FALCON-BF-1200,FALCON-BF-1200,BF-1200,BALANCEADORA DE CAMION FALCON,Atributo E: PESOS,FALCON,DESMONTADORAS BALANCEADORAS,57628.80,true,Activo,FALCON,41
FALCON-BF-1530,FALCON-BF-1530,BF-1530,BALANCEADORA DE AUTO FALCON,Atributo E: PESOS,FALCON,DESMONTADORAS BALANCEADORAS,27874.80,true,Activo,FALCON,42
FALCON-BDR-3,FALCON-BDR-3,BDR-3,BRAZO ROBOTICO AUXILIAR FALCON 2950,Atributo E: PESOS,FALCON,DESMONTADORAS BALANCEADORAS,12179.30,true,Activo,FALCON,43
FALCON-DF-2410,FALCON-DF-2410,DF-2410,DESMONTADOR PWC 2410 FALCON (NO INCLUYE BRAZO),Atributo E: PESOS,FALCON,DESMONTADORAS BALANCEADORAS,28072.00,true,Activo,FALCON,44
FALCON-DF-2950,FALCON-DF-2950,DF-2950,DESMONTADOR C/TANQUE DE INFLADO DF 2950 FALCON,Atributo E: PESOS,FALCON,DESMONTADORAS BALANCEADORAS,36200.00,true,Activo,FALCON,45
FALCON-AL-340,FALCON-AL-340,AL-340,BRAZO AUXILIAR DE PISTON FALCON,Atributo E: PESOS,FALCON,DESMONTADORAS BALANCEADORAS,4720.00,true,Activo,FALCON,46
FALCON-DF-2650,FALCON-DF-2650,DF-2650,DESMONTADOR LLANTAS CAMION,Atributo E: PESOS,FALCON,DESMONTADORAS BALANCEADORAS,121104.00,true,Activo,FALCON,47
FALCON-ZH620,FALCON-ZH620,ZH620,"DESMOTNADORA CHAMPIONS 10""-22""",,FALCON,DESMONTADORAS BALANCEADORAS,23206.96,true,Activo,FALCON,48
FALCON-ZH626,FALCON-ZH626,ZH626,"DESMOTNADORA CHAMPIONS 10""-24""",,FALCON,DESMONTADORAS BALANCEADORAS,25786.80,true,Activo,FALCON,49
FALCON-ZH626S,FALCON-ZH626S,ZH626S,"DESMONTADORA CHAMPIONS 10""-24"" CON PISTON AUXILIAR",,FALCON,DESMONTADORAS BALANCEADORAS,39202.20,true,Activo,FALCON,50
FALCON-ZH626S~2,FALCON-ZH626S,ZH626S,"DESMONTADORA CHAMPIONS 10""-24"" CON TURBOINFLADO",,FALCON,DESMONTADORAS BALANCEADORAS,30600.00,true,Activo,FALCON,51
FALCON-ZH825B,FALCON-ZH825B,ZH825B,BALANCEADORA DE COCHE,,FALCON,DESMONTADORAS BALANCEADORAS,19696.80,true,Activo,FALCON,52
FALCON-DES30,FALCON-DES30,DES30,BALANCEADORA GOTA COCHE Y CAMIONET,,FALCON,DESMONTADORAS BALANCEADORAS,2499.80,true,Activo,FALCON,53
HALTEC-GA-160S,HALTEC-GA-160S,GA-160S,MEDIDOR 120 LBS NEGRO,,HALTEC,MEDIDORES (CALIBRADORES),180.96,true,Activo,HALTEC,522
HALTEC-GA-130S,HALTEC-GA-130S,GA-130S,MEDIDOR LAPICERO,,HALTEC,MEDIDORES (CALIBRADORES),115.54,true,Activo,HALTEC,523
HALTEC-GA-274S,HALTEC-GA-274S,GA-274S,MEDIDOR GA274 AIRE AGUA,,HALTEC,MEDIDORES (CALIBRADORES),1334.93,true,Activo,HALTEC,524
HALTEC-GA-125S,HALTEC-GA-125S,GA-125S,MEDIDOR AIRE AGUA LAPICERO,,HALTEC,MEDIDORES (CALIBRADORES),143.84,true,Activo,HALTEC,525
HALTEC-GA-135S,HALTEC-GA-135S,GA-135S,MEDIDOR 160 LBS ANGULAR CROMADO,,HALTEC,MEDIDORES (CALIBRADORES),217.15,true,Activo,HALTEC,526
HALTEC-GA-155S,HALTEC-GA-155S,GA-155S,MEDIDOR 160 LBS RECTO CROMADO,,HALTEC,MEDIDORES (CALIBRADORES),217.15,true,Activo,HALTEC,527
HALTEC-GA-165S,HALTEC-GA-165S,GA-165S,MEDIDOR DUAL NEGRO 160 LBS,,HALTEC,MEDIDORES (CALIBRADORES),235.48,true,Activo,HALTEC,528
HALTEC-GA-140S,HALTEC-GA-140S,GA-140S,MEDIDOR 160 LBS,,HALTEC,MEDIDORES (CALIBRADORES),263.09,true,Activo,HALTEC,529
HALTEC-H41,HALTEC-H41,H41,"H-41 HALTEC BASE PARA VALVULA JUMBO 13/16""",,HALTEC,HALTEC VALVULAS Y ACCESORIOS,96.70,true,Activo,HALTEC,532
HALTEC-A-145,HALTEC-A-145,A-145,A-145 HALTEC PIVOTE JUMBO,,HALTEC,HALTEC VALVULAS Y ACCESORIOS,24.36,true,Activo,HALTEC,533
HALTEC-WH-75-J-663,HALTEC-WH-75-J-663,WH-75-J-663,"WH-75-J-663 25"" VALVULA JUMBO DOBLADA",,HALTEC,HALTEC VALVULAS Y ACCESORIOS,976.00,true,Activo,HALTEC,534
HALTEC-WH-45-8,HALTEC-WH-45-8,WH-45-8,"WH-45-8 HALTEC 8"" LARGO VALVULA JUMBO",,HALTEC,HALTEC VALVULAS Y ACCESORIOS,498.00,true,Activo,HALTEC,535
HALTEC-WH45-5 HALTEC,HALTEC-WH45-5 HALTEC,WH45-5 HALTEC,WH45-5 HALTEC,,HALTEC,HALTEC VALVULAS Y ACCESORIOS,565.00,true,Activo,HALTEC,536
HALTEC-WH-45-12 HALTEC,HALTEC-WH-45-12 HALTEC,WH-45-12 HALTEC,WH-45-12 HALTEC,,HALTEC,HALTEC VALVULAS Y ACCESORIOS,691.00,true,Activo,HALTEC,537
"HALTEC-WH-70-J-661-10 1/2"" HALTEC","HALTEC-WH-70-J-661-10 1/2"" HALTEC","WH-70-J-661-10 1/2"" HALTEC","WH-70-J-661-10 1/2"" HALTEC",,HALTEC,HALTEC VALVULAS Y ACCESORIOS,738.00,true,Activo,HALTEC,538
"HALTEC-WH-45-8 HALTEC 8"" LARGO VALVULA JUMBO","HALTEC-WH-45-8 HALTEC 8"" LARGO VALVULA JUMBO","WH-45-8 HALTEC 8"" LARGO VALVULA JUMBO","WH-45-8 HALTEC 8"" LARGO VALVULA JUMBO HALTEC",,HALTEC,HALTEC VALVULAS Y ACCESORIOS,498.00,true,Activo,HALTEC,539
"HALTEC-WH-75-J-663 25"" VALVULA JUMBO DOBLADA","HALTEC-WH-75-J-663 25"" VALVULA JUMBO DOBLADA","WH-75-J-663 25"" VALVULA JUMBO DOBLADA","WH-75-J-663 25"" VALVULA JUMBO DOBLADA HALTEC",,HALTEC,HALTEC VALVULAS Y ACCESORIOS,772.03,true,Activo,HALTEC,540
HALTEC-CH-335-LO,HALTEC-CH-335-LO,CH-335-LO,"INFLADOR 6"" CROMADO",,HALTEC,INFLADORES,118.32,true,Activo,HALTEC,542
HALTEC-CH-330-LO,HALTEC-CH-330-LO,CH-330-LO,"INFLADOR 6"" AUTOFIJANTE CROMADO",,HALTEC,INFLADORES,123.89,true,Activo,HALTEC,543
HALTEC-CH-350-LO,HALTEC-CH-350-LO,CH-350-LO,"INFLADOR 6"" AUTOFIJANTE NEGRO",,HALTEC,INFLADORES,194.00,true,Activo,HALTEC,544
HALTEC-CH-300,HALTEC-CH-300,CH-300,"INFLADOR 6"" CROMADO UNA BOCA",,HALTEC,INFLADORES,103.01,true,Activo,HALTEC,545
HALTEC-CH-377,HALTEC-CH-377,CH-377,INFLADOR JUMBO HALTEC,,HALTEC,INFLADORES,696.00,true,Activo,HALTEC,546
HALTEC-OR-INS,HALTEC-OR-INS,OR-INS,INSTALADOR DE ORING,,HALTEC,O-RING,2434.00,true,Activo,HALTEC,549
HALTEC-OR 225T,HALTEC-OR 225T,OR 225T,O-ring,Atributo C: OR 225T (2 PIEZAS),HALTEC,O-RING,170.52,true,Activo,HALTEC,550
HALTEC-OR 325T,HALTEC-OR 325T,OR 325T,O-ring,Atributo C: OR 325T 3/8 (2 PIEZAS),HALTEC,O-RING,278.40,true,Activo,HALTEC,551
HALTEC-OR 224TG,HALTEC-OR 224TG,OR 224TG,O-ring,Atributo C: OR 224TG (2 PIEZAS),HALTEC,O-RING,170.52,true,Activo,HALTEC,552
HALTEC-OR 329,HALTEC-OR 329,OR 329,O-ring,Atributo C: OR 329 3/8 (2 PIEZAS),HALTEC,O-RING,316.68,true,Activo,HALTEC,553
HALTEC-OR 335T,HALTEC-OR 335T,OR 335T,O-ring,Atributo C: OR 335T 3/8 (2 PIEZAS),HALTEC,O-RING,335.24,true,Activo,HALTEC,554
HALTEC-OR 333T,HALTEC-OR 333T,OR 333T,O-ring,Atributo C: OR 333T 3/8 (2 PIEZAS),HALTEC,O-RING,373.52,true,Activo,HALTEC,555
HALTEC-OR 339T,HALTEC-OR 339T,OR 339T,O-ring,Atributo C: OR 339 3/8 (2 PIEZAS),HALTEC,O-RING,335.24,true,Activo,HALTEC,556
HALTEC-OR 345T,HALTEC-OR 345T,OR 345T,O-ring,Atributo C: OR 345 3/8 (2 PIEZAS),HALTEC,O-RING,335.24,true,Activo,HALTEC,557
HALTEC-OR 349T,HALTEC-OR 349T,OR 349T,O- ring,Atributo C: OR 349 3/8 (2 PIEZAS),HALTEC,O-RING,890.88,true,Activo,HALTEC,558
HALTEC-OR 457T,HALTEC-OR 457T,OR 457T,O-ring,Atributo C: OR 457T 3/8 (2PIEZAS),HALTEC,O-RING,870.00,true,Activo,HALTEC,559
HALTEC-LR-24,HALTEC-LR-24,LR-24,L-RING,Atributo C: LR-24 (1 PIEZAS),HALTEC,O-RING,544.00,true,Activo,HALTEC,560
HALTEC-LR-25,HALTEC-LR-25,LR-25,L-RING,Atributo C: LR-25 (1 PIEZAS),HALTEC,O-RING,610.00,true,Activo,HALTEC,561
HALTEC-LR-29,HALTEC-LR-29,LR-29,L-RING,Atributo C: LR-29 (1 PIEZAS),HALTEC,O-RING,690.00,true,Activo,HALTEC,562
HALTEC-LR-33,HALTEC-LR-33,LR-33,L-RING,Atributo C: LR-33 (1 PIEZAS),HALTEC,O-RING,770.00,true,Activo,HALTEC,563
HALTEC-LR-35,HALTEC-LR-35,LR-35,L-RING,Atributo C: LR-35 (1 PIEZAS),HALTEC,O-RING,809.00,true,Activo,HALTEC,564
HALTEC-PC-2,HALTEC-PC-2,PC-2,"DONA PC-2 TALON RADIAL PARA NEUMATICOS 14"" y 15""",,HALTEC,O-RING,1400.00,true,Activo,HALTEC,565
HALTEC-PC-3,HALTEC-PC-3,PC-3,"DONA PC-3 TALON RADIAL PARA NEUMATICOS 15""",,HALTEC,O-RING,1187.84,true,Activo,HALTEC,566
HALTEC-PC-4,HALTEC-PC-4,PC-4,"DONA PC-4 TALON RADIAL PARA NEUMATICOS 17""",,HALTEC,O-RING,1320.08,true,Activo,HALTEC,567
HALTEC-PC-5,HALTEC-PC-5,PC-5,"DONA PC-5 TALON RADIAL PARA NEUMATICOS 18""",,HALTEC,O-RING,1375.76,true,Activo,HALTEC,568
HALTEC-PC-6,HALTEC-PC-6,PC-6,"DONA PC-6 TALON RADIAL PARA NEUMATICOS 20""",,HALTEC,O-RING,1772.00,true,Activo,HALTEC,569
HALTEC-TR-70,HALTEC-TR-70,TR-70,"DONA TC-70 TALON RADIAL NEUMATICOS DE CAMION 22.5"" Y 24.5""",,HALTEC,O-RING,995.52,true,Activo,HALTEC,570
HALTEC-BH1-60,HALTEC-BH1-60,BH1-60,COPLE HIDRAULICO PARA SOBRE,,HALTEC,COPLES RENOVADORA,622.92,true,Activo,HALTEC,572
HALTEC-BH1-61,HALTEC-BH1-61,BH1-61,PLUG HIDRAULICO PARA SOBRE,,HALTEC,COPLES RENOVADORA,272.60,true,Activo,HALTEC,573
HALTEC-OE225T,HALTEC-OE225T,OE225T,O-ring,Atributo C: OR 225T (2 PIEZAS),HALTEC,O-RING ECONOMICO,90.00,true,Activo,HALTEC,576
HALTEC-OE325T,HALTEC-OE325T,OE325T,O-ring,Atributo C: OR 325T 3/8 (2 PIEZAS),HALTEC,O-RING ECONOMICO,140.00,true,Activo,HALTEC,577
HALTEC-OE224TG,HALTEC-OE224TG,OE224TG,O-ring,Atributo C: OR 224TG (2 PIEZAS),HALTEC,O-RING ECONOMICO,90.00,true,Activo,HALTEC,578
MILTON-1062,MILTON-1062,1062,AUTOMATICO,,MILTON,ACCESORIOS,991.00,true,Activo,MILTON,582
MILTON-696,MILTON-696,696,BARRILITO,,MILTON,ACCESORIOS,99.00,true,Activo,MILTON,583
MILTON-156,MILTON-156,156,PISTOLA AIRE/AGUA,,MILTON,ACCESORIOS,478.00,true,Activo,MILTON,584
MILTON-731,MILTON-731,731,MILTON ESPIGA DIRECTA,,MILTON,ACCESORIOS,44.08,true,Activo,MILTON,585
MILTON-699,MILTON-699,699,INFLADOR BOLA HEMBRA,,MILTON,INFLADORES,60.00,true,Activo,MILTON,591
MILTON-695,MILTON-695,695,INFLADOR BOLA MANGUERA,,MILTON,INFLADORES,99.00,true,Activo,MILTON,592
MILTON-506,MILTON-506,506,INFLADOR MANGUERA-MANDRIL,,MILTON,INFLADORES,1305.00,true,Activo,MILTON,593
MILTON-690,MILTON-690,690,INFLADOR HEMBRA ANGULAR,,MILTON,INFLADORES,198.00,true,Activo,MILTON,594
MILTON-693,MILTON-693,693,INFLADOR AUTOFIJANTE RECTO,,MILTON,INFLADORES,283.00,true,Activo,MILTON,595
MILTON-976,MILTON-976,976,MEDIDOR 160 LBS,,MILTON,MEDIDORES,538.00,true,Activo,MILTON,597
MILTON-986,MILTON-986,986,MEDIDOR 160 LBS RECTO,,MILTON,MEDIDORES,632.00,true,Activo,MILTON,598
MILTON-982,MILTON-982,982,MEDIDOR JUMBO (CHECAR SI PIDEN MILTON),,MILTON,MEDIDORES,928.00,true,Activo,MILTON,599
MILTON-936,MILTON-936,936,MEDIDOR MANOMETRO 160LBS,,MILTON,MEDIDORES,1276.00,true,Activo,MILTON,600
MILTON-902-3,MILTON-902-3,902-3,MEDIDOR MANOMETRO 60 LBS,,MILTON,MEDIDORES,1064.50,true,Activo,MILTON,601
MILTON-935,MILTON-935,935,CALIBRADOR -MANOMETRO 60 PSI,,MILTON,MEDIDORES,1300.00,true,Activo,MILTON,602
MILTON-927,MILTON-927,927,MEDIDOR 927 120PSI LAPICERO,,MILTON,MEDIDORES,266.80,true,Activo,MILTON,603
MILTON-1194,MILTON-1194,1194,MANOMETRO 1/4 160 PSI,,MILTON,MANOMETROS,365.40,true,Activo,MILTON,605
MILTON-1191,MILTON-1191,1191,MANOMETRO 1/4 160 PSI HORIZONTAL,,MILTON,MANOMETROS,365.40,true,Activo,MILTON,606
MILTON-1195,MILTON-1195,1195,MANOMETRO 1/4 300 PSI,,MILTON,MANOMETROS,365.40,true,Activo,MILTON,607
MILTON-1192,MILTON-1192,1192,MANOMETRO 1/4 300 PSI HORIZONTAL,,MILTON,MANOMETROS,365.40,true,Activo,MILTON,608
MILTON-1094-8,MILTON-1094-8,1094-8,VALVULA DE PASO 1/2,,MILTON,VALVULAS,447.76,true,Activo,MILTON,610
MILTON-1094-4,MILTON-1094-4,1094-4,VALVULA DE PASO 1/4,,MILTON,VALVULAS,424.98,true,Activo,MILTON,611
MILTON-1094-6,MILTON-1094-6,1094-6,VALVULA DE PASO 3/8,,MILTON,VALVULAS,519.44,true,Activo,MILTON,612
MILTON-1095-125,MILTON-1095-125,1095-125,VALVULA DE SEGURIDAD 125 PSI,,MILTON,VALVULAS,235.48,true,Activo,MILTON,613
MILTON-1095-150,MILTON-1095-150,1095-150,VALVULA DE SEGURIDAD 150 PSI,,MILTON,VALVULAS,235.48,true,Activo,MILTON,614
MILTON-1090-200,MILTON-1090-200,1090-200,VALVULA DE SEGURIDAD 200 LB.,,MILTON,VALVULAS,452.40,true,Activo,MILTON,615
MILTON-642-1,MILTON-642-1,642-1,UNION MANGUERA 1/2,,MILTON,UNIONES,58.25,true,Activo,MILTON,617
MILTON-1742-6,MILTON-1742-6,1742-6,UNION MANGUERA 3/8-MANGUERA,,MILTON,UNIONES,58.92,true,Activo,MILTON,618
MILTON-1740-4,MILTON-1740-4,1740-4,UNION MANGUERA-MANGUERA 1/4,,MILTON,UNIONES,46.40,true,Activo,MILTON,619
MILTON-715,MILTON-715,715,COPLE HEMBRA 1/4,,MILTON,COPLES,142.00,true,Activo,MILTON,621
MILTON-716,MILTON-716,716,COPLE MACHO 1/4,,MILTON,COPLES,142.00,true,Activo,MILTON,622
MILTON-717,MILTON-717,717,COPLE RAPIDO MANGUERA1/4,,MILTON,COPLES,184.14,true,Activo,MILTON,623
MILTON-718,MILTON-718,718,COPLE 1/4 HEMBRA 3/8,,MILTON,COPLES,175.00,true,Activo,MILTON,624
MILTON-719,MILTON-719,719,COPLE 1/4 MACHO 3/8,,MILTON,COPLES,186.30,true,Activo,MILTON,625
MILTON-785,MILTON-785,785,"COPLE 1/4 HEMBRA TIPO ""T""",,MILTON,COPLES,150.80,true,Activo,MILTON,626
MILTON-787,MILTON-787,787,"COPLE TIPO ""T"" TRU-FLATE",,MILTON,COPLES,218.15,true,Activo,MILTON,627
MILTON-1835,MILTON-1835,1835,COPLE HEMBRA 3/8,,MILTON,COPLES,344.50,true,Activo,MILTON,628
MILTON-1836,MILTON-1836,1836,COPLE MACHO 3/8,,MILTON,COPLES,324.80,true,Activo,MILTON,629
MILTON-1836-6,MILTON-1836-6,1836-6,COPLE RAPIDO MANGUERA 3/8,,MILTON,COPLES,492.51,true,Activo,MILTON,630
MILTON-1815,MILTON-1815,1815,COPLE RAPIDO HEMBRA 1/2,,MILTON,COPLES,385.12,true,Activo,MILTON,631
MILTON-1816,MILTON-1816,1816,COPLE RAPIDO MACHO 1/2,,MILTON,COPLES,385.12,true,Activo,MILTON,632
MILTON-643,MILTON-643,643,NIPPLE HEMBRA 1/4 HEMBRA 1/4,,MILTON,NIPPLE,40.91,true,Activo,MILTON,635
MILTON-643-1,MILTON-643-1,643-1,NIPPLE HEMBRA 3/8 X 1/4,,MILTON,NIPPLE,82.35,true,Activo,MILTON,636
MILTON-643-3,MILTON-643-3,643-3,NIPPLE HEMBRA 3/8X3/8,,MILTON,NIPPLE,82.35,true,Activo,MILTON,637
MILTON-647,MILTON-647,647,NIPPLE MACHO- MACHO 3/8-3/8,,MILTON,NIPPLE,66.08,true,Activo,MILTON,638
MILTON-647-1,MILTON-647-1,647-1,NIPLE MACHO-MACHO 3/8 1/2,,MILTON,NIPPLE,103.91,true,Activo,MILTON,639
MILTON-647-2,MILTON-647-2,647-2,NIPLE MACHO- MACHO 1/2-1/2,,MILTON,NIPPLE,103.91,true,Activo,MILTON,640
MILTON-646,MILTON-646,646,NIPLE MACHO-MACHO 1/4,,MILTON,NIPPLE,50.46,true,Activo,MILTON,641
MILTON-646-1,MILTON-646-1,646-1,NIPLE MACHO-MACHO 1/4- 3/8,,MILTON,NIPPLE,53.53,true,Activo,MILTON,642
MILTON-652,MILTON-652,652,NIPLE 1/2 MACHO 3/8 HEMBRA,,MILTON,NIPPLE,78.69,true,Activo,MILTON,643
MILTON-653,MILTON-653,653,NIPLE MACHO 1/8 HEMBRA 3/8,,MILTON,NIPPLE,58.29,true,Activo,MILTON,644
MILTON-653-2,MILTON-653-2,653-2,NIPLE MACHO 1/4 HEMBRA 3/8,,MILTON,NIPPLE,58.29,true,Activo,MILTON,645
MILTON-653-4,MILTON-653-4,653-4,NIPLE HEMBRA 1/2 MACHO 3/8,,MILTON,NIPPLE,93.96,true,Activo,MILTON,646
MILTON-651,MILTON-651,651,NIPLE MACH 3/8 X HEMBRA 1/4,,MILTON,NIPPLE,34.80,true,Activo,MILTON,647
MILTON-651-1,MILTON-651-1,651-1,NIPLE MACHO 1/2 X HEMBRA 1/4,,MILTON,NIPPLE,61.07,true,Activo,MILTON,648
MILTON-652-1,MILTON-652-1,652-1,NIPLE MACHO 3/4 HEMBRA 1/4,,MILTON,NIPPLE,88.00,true,Activo,MILTON,649
MILTON-655,MILTON-655,655,"T"" HEMBRA 1/4",,MILTON,NIPPLE,125.90,true,Activo,MILTON,650
MILTON-655-1,MILTON-655-1,655-1,"T"" HEMBRA 3/8",,MILTON,NIPPLE,202.50,true,Activo,MILTON,651
MILTON-656,MILTON-656,656,CRUZ 1/4 HEMBRA,,MILTON,NIPPLE,171.63,true,Activo,MILTON,652
MILTON-656-1,MILTON-656-1,656-1,CRUZ 3/8 HEMBRA,,MILTON,NIPPLE,218.77,true,Activo,MILTON,653
MILTON-727,MILTON-727,727,CONEXIÓN MACHO1/4 PLUG 1/4,,MILTON,CONEXIONES,31.00,true,Activo,MILTON,655
MILTON-728,MILTON-728,728,CONEXIÓN HEMBRA 1/4 PLUG 1/4,,MILTON,CONEXIONES,32.50,true,Activo,MILTON,656
MILTON-783,MILTON-783,783,CONEXIÓN MACHO 1/4 PLUG TIPO T 1/4,,MILTON,CONEXIONES,29.15,true,Activo,MILTON,657
MILTON-784,MILTON-784,784,CONEXIÓN HEMBRA 1/4 PLUG TIPO T 1/4,,MILTON,CONEXIONES,39.35,true,Activo,MILTON,658
MILTON-1705-4,MILTON-1705-4,1705-4,CONEXIÓN HEMBRA 1/4 MANGUERA1/4,,MILTON,CONEXIONES,42.50,true,Activo,MILTON,659
MILTON-1700,MILTON-1700,1700,CONEXIÓN MACHO 1/4 MANGUERA 1/4,,MILTON,CONEXIONES,42.92,true,Activo,MILTON,660
MILTON-781,MILTON-781,781,CONEXIÓN HEMBRA 1/4 PLUG TIPO T LARGO,,MILTON,CONEXIONES,122.85,true,Activo,MILTON,661
MILTON-736,MILTON-736,736,CONEXIÓN MANGUERA-PLUG 1/4,,MILTON,CONEXIONES,85.05,true,Activo,MILTON,662
MILTON-1705-6,MILTON-1705-6,1705-6,CONEXIÓN HEMBRA 3/8 - MANGUERA 3/8,,MILTON,CONEXIONES,62.10,true,Activo,MILTON,663
MILTON-1703-6,MILTON-1703-6,1703-6,CONEXIÓN MACHO 3/8 - MANGUERA 3/8,,MILTON,CONEXIONES,69.26,true,Activo,MILTON,664
MILTON-732,MILTON-732,732,CONEXIÓN HEMBRA 3/8 A PLUG 1/4,,MILTON,CONEXIONES,70.74,true,Activo,MILTON,665
MILTON-1837,MILTON-1837,1837,CONEXIÓN MACHO 3/8 PLUG 3/8,,MILTON,CONEXIONES,65.00,true,Activo,MILTON,666
MILTON-1838,MILTON-1838,1838,CONEXIÓN HEMBRA 3/8 PLUG 3/8,,MILTON,CONEXIONES,63.80,true,Activo,MILTON,667
MILTON-1837-6,MILTON-1837-6,1837-6,CONEXIÓN MANGUERA 3/8-PLUG 3/8,,MILTON,CONEXIONES,114.94,true,Activo,MILTON,668
MILTON-1858,MILTON-1858,1858,CONEXIÓN HEMBRA 1/2 PLUG 1/2,,MILTON,CONEXIONES,130.65,true,Activo,MILTON,669
MILTON-1857,MILTON-1857,1857,CONEXIÓN MACHO 1/2 A-PLUG1/2,,MILTON,CONEXIONES,100.80,true,Activo,MILTON,670
MILTON-1704-8,MILTON-1704-8,1704-8,CONEXIÓN MACHO 1/2-MANGUERA1/2,,MILTON,CONEXIONES,82.00,true,Activo,MILTON,671
MILTON-1706-6,MILTON-1706-6,1706-6,CONEXIÓN MACHO 1/4 MANGUERA 3/8 GIRAT,,MILTON,CONEXIONES,121.22,true,Activo,MILTON,672
MILTON-1702-4,MILTON-1702-4,1702-4,CONEXIÓN MILTON MACHO 1/4 MANGUERA 3/8,,MILTON,CONEXIONES,46.64,true,Activo,MILTON,673
MILTON-1859,MILTON-1859,1859,CONEXIÓN MACHO 3/8 PLUG 1/2,,MILTON,CONEXIONES,103.98,true,Activo,MILTON,674
MILTON-1704-6,MILTON-1704-6,1704-6,CONEXIÓN MACHO 3/8 MANGUERA 1/2,,MILTON,CONEXIONES,68.44,true,Activo,MILTON,675
MILTON-733,MILTON-733,733,CONEXIÓN MACHO 3/8 A PLUG 1/4,,MILTON,CONEXIONES,52.40,true,Activo,MILTON,676
MILTON-736-6,MILTON-736-6,736-6,CONEXIÓN MANGUERA 3/8 PLUG 1/4,,MILTON,CONEXIONES,83.48,true,Activo,MILTON,677
REMA TIPTOP-BL237,REMA TIPTOP-BL237,BL237,CEMENTO QUIMICO REMA TIP TOP BL 237ML,,REMA TIPTOP,SIN CATEGORÍA,370.00,true,Activo,REMA TIPTOP,1018
REMA TIPTOP-BL976,REMA TIPTOP-BL976,BL976,CEMENTO QUIMICO REMA TIP TOP BL 946ML,,REMA TIPTOP,SIN CATEGORÍA,834.00,true,Activo,REMA TIPTOP,1019
TAURO-SIN-CODIGO-1096,TAURO-SIN-CODIGO-1096,SIN-CODIGO-1096,3.00-18 TAURO AZUL TR4,Nota de migracion: Código faltante en origen,TAURO,CAMARAS DE MOTO,38.00,false,Pendiente,TAURO,1096
TAURO-SIN-CODIGO-1097,TAURO-SIN-CODIGO-1097,SIN-CODIGO-1097,2.75-17 TAURO AZUL TR4,Nota de migracion: Código faltante en origen,TAURO,CAMARAS DE MOTO,38.00,false,Pendiente,TAURO,1097
TAURO-SIN-CODIGO-1098,TAURO-SIN-CODIGO-1098,SIN-CODIGO-1098,400-8 MOTOCARRO CON PVR70,Nota de migracion: Código faltante en origen,TAURO,CAMARAS DE MOTO,45.80,false,Pendiente,TAURO,1098
TAURO-SIN-CODIGO-1099,TAURO-SIN-CODIGO-1099,SIN-CODIGO-1099,350 10 TAURO TR4,Nota de migracion: Código faltante en origen,TAURO,CAMARAS DE MOTO,41.00,false,Pendiente,TAURO,1099
TAURO-SIN-CODIGO-1100,TAURO-SIN-CODIGO-1100,SIN-CODIGO-1100,120 90 10 TAURO TR4,Nota de migracion: Código faltante en origen,TAURO,CAMARAS DE MOTO,45.00,false,Pendiente,TAURO,1100
TAURO-SIN-CODIGO-1101,TAURO-SIN-CODIGO-1101,SIN-CODIGO-1101,120 70 12 TR4,Nota de migracion: Código faltante en origen,TAURO,CAMARAS DE MOTO,52.00,false,Pendiente,TAURO,1101
TAURO-SIN-CODIGO-1102,TAURO-SIN-CODIGO-1102,SIN-CODIGO-1102,130/6013 TAURO TR4,Nota de migracion: Código faltante en origen,TAURO,CAMARAS DE MOTO,52.00,false,Pendiente,TAURO,1102
TAURO-SIN-CODIGO-1103,TAURO-SIN-CODIGO-1103,SIN-CODIGO-1103,130/90/15 TAURO TR4,Nota de migracion: Código faltante en origen,TAURO,CAMARAS DE MOTO,52.00,false,Pendiente,TAURO,1103
TAURO-SIN-CODIGO-1104,TAURO-SIN-CODIGO-1104,SIN-CODIGO-1104,110 90 16 TAURO TR4,Nota de migracion: Código faltante en origen,TAURO,CAMARAS DE MOTO,52.00,false,Pendiente,TAURO,1104
TAURO-SIN-CODIGO-1105,TAURO-SIN-CODIGO-1105,SIN-CODIGO-1105,110 70 17 TAURO TR4,Nota de migracion: Código faltante en origen,TAURO,CAMARAS DE MOTO,49.00,false,Pendiente,TAURO,1105
TAURO-SIN-CODIGO-1106,TAURO-SIN-CODIGO-1106,SIN-CODIGO-1106,300 17 TAURO TR4,Nota de migracion: Código faltante en origen,TAURO,CAMARAS DE MOTO,41.00,false,Pendiente,TAURO,1106
TAURO-SIN-CODIGO-1107,TAURO-SIN-CODIGO-1107,SIN-CODIGO-1107,2.75-17 TAURO TR4,Nota de migracion: Código faltante en origen,TAURO,CAMARAS DE MOTO,41.00,false,Pendiente,TAURO,1107
TAURO-SIN-CODIGO-1108,TAURO-SIN-CODIGO-1108,SIN-CODIGO-1108,4.10-17 TR4,Nota de migracion: Código faltante en origen,TAURO,CAMARAS DE MOTO,52.00,false,Pendiente,TAURO,1108
TAURO-SIN-CODIGO-1109,TAURO-SIN-CODIGO-1109,SIN-CODIGO-1109,2.50-18 TAURO TR4,Nota de migracion: Código faltante en origen,TAURO,CAMARAS DE MOTO,41.00,false,Pendiente,TAURO,1109
TAURO-SIN-CODIGO-1110,TAURO-SIN-CODIGO-1110,SIN-CODIGO-1110,3.00-18 TAURO TR4,Nota de migracion: Código faltante en origen,TAURO,CAMARAS DE MOTO,41.00,false,Pendiente,TAURO,1110
TAURO-SIN-CODIGO-1111,TAURO-SIN-CODIGO-1111,SIN-CODIGO-1111,90 90 18 TAURO TR4,Nota de migracion: Código faltante en origen,TAURO,CAMARAS DE MOTO,45.00,false,Pendiente,TAURO,1111
TAURO-SIN-CODIGO-1112,TAURO-SIN-CODIGO-1112,SIN-CODIGO-1112,3.50 18 TAURO TR4,Nota de migracion: Código faltante en origen,TAURO,CAMARAS DE MOTO,52.00,false,Pendiente,TAURO,1112
TAURO-SIN-CODIGO-1113,TAURO-SIN-CODIGO-1113,SIN-CODIGO-1113,4.10-18 TR4,Nota de migracion: Código faltante en origen,TAURO,CAMARAS DE MOTO,52.00,false,Pendiente,TAURO,1113
TAURO-SIN-CODIGO-1114,TAURO-SIN-CODIGO-1114,SIN-CODIGO-1114,90 90 19 TAURO TR4,Nota de migracion: Código faltante en origen,TAURO,CAMARAS DE MOTO,45.00,false,Pendiente,TAURO,1114
TAURO-SIN-CODIGO-1115,TAURO-SIN-CODIGO-1115,SIN-CODIGO-1115,275 / 300 21 TAURO TR4,Nota de migracion: Código faltante en origen,TAURO,CAMARAS DE MOTO,52.00,false,Pendiente,TAURO,1115
TAURO-SIN-CODIGO-1117,TAURO-SIN-CODIGO-1117,SIN-CODIGO-1117,LLANTA DE CARRETILLA CON CAMARA (ECONOMICA),Nota de migracion: Código faltante en origen,TAURO,CARRETILLA,116.00,false,Pendiente,TAURO,1117
TAURO-SIN-CODIGO-1118,TAURO-SIN-CODIGO-1118,SIN-CODIGO-1118,CAMARA DE CARRETILLA,Nota de migracion: Código faltante en origen,TAURO,CARRETILLA,33.60,false,Pendiente,TAURO,1118
TAURO-SIN-CODIGO-1119,TAURO-SIN-CODIGO-1119,SIN-CODIGO-1119,LLANTA DE CARRETILLA REFORZADA C/CAMARA,Nota de migracion: Código faltante en origen,TAURO,CARRETILLA,140.00,false,Pendiente,TAURO,1119
TAURO-SIN-CODIGO-1121,TAURO-SIN-CODIGO-1121,SIN-CODIGO-1121,7.50-16,Nota de migracion: Código faltante en origen,TAURO,CORBATAS,112.00,false,Pendiente,TAURO,1121
TAURO-SIN-CODIGO-1122,TAURO-SIN-CODIGO-1122,SIN-CODIGO-1122,7.50-17,Nota de migracion: Código faltante en origen,TAURO,CORBATAS,112.00,false,Pendiente,TAURO,1122
TAURO-SIN-CODIGO-1123,TAURO-SIN-CODIGO-1123,SIN-CODIGO-1123,11.00-20,Nota de migracion: Código faltante en origen,TAURO,CORBATAS,139.20,false,Pendiente,TAURO,1123
TAURO-SIN-CODIGO-1124,TAURO-SIN-CODIGO-1124,SIN-CODIGO-1124,11.00-22,Nota de migracion: Código faltante en origen,TAURO,CORBATAS,200.00,false,Pendiente,TAURO,1124
TAURO-SIN-CODIGO-1125,TAURO-SIN-CODIGO-1125,SIN-CODIGO-1125,13.00-24,Nota de migracion: Código faltante en origen,TAURO,CORBATAS,261.00,false,Pendiente,TAURO,1125
TAURO-SIN-CODIGO-1126,TAURO-SIN-CODIGO-1126,SIN-CODIGO-1126,1000-15,Nota de migracion: Código faltante en origen,TAURO,CORBATAS,304.00,false,Pendiente,TAURO,1126
TAURO-SIN-CODIGO-1127,TAURO-SIN-CODIGO-1127,SIN-CODIGO-1127,825-15,Nota de migracion: Código faltante en origen,TAURO,CORBATAS,261.00,false,Pendiente,TAURO,1127
TAURO-SIN-CODIGO-1128,TAURO-SIN-CODIGO-1128,SIN-CODIGO-1128,17.5-25,Nota de migracion: Código faltante en origen,TAURO,CORBATAS,324.80,false,Pendiente,TAURO,1128
TAURO-SIN-CODIGO-1129,TAURO-SIN-CODIGO-1129,SIN-CODIGO-1129,20.5-25,Nota de migracion: Código faltante en origen,TAURO,CORBATAS,545.20,false,Pendiente,TAURO,1129
TAURO-SIN-CODIGO-1130,TAURO-SIN-CODIGO-1130,SIN-CODIGO-1130,23.5-25,Nota de migracion: Código faltante en origen,TAURO,CORBATAS,569.00,false,Pendiente,TAURO,1130
TAURO-SIN-CODIGO-1132,TAURO-SIN-CODIGO-1132,SIN-CODIGO-1132,FR13 CON TR13,Nota de migracion: Código faltante en origen,TAURO,CORBATAS,113.00,false,Pendiente,TAURO,1132
TAURO-SIN-CODIGO-1133,TAURO-SIN-CODIGO-1133,SIN-CODIGO-1133,FR14 CON TR13,Nota de migracion: Código faltante en origen,TAURO,CORBATAS,104.00,false,Pendiente,TAURO,1133
TAURO-SIN-CODIGO-1134,TAURO-SIN-CODIGO-1134,SIN-CODIGO-1134,GR15 CON TR13,Nota de migracion: Código faltante en origen,TAURO,CORBATAS,122.00,false,Pendiente,TAURO,1134
TAURO-SIN-CODIGO-1135,TAURO-SIN-CODIGO-1135,SIN-CODIGO-1135,700-15 CON TR13,Nota de migracion: Código faltante en origen,TAURO,CORBATAS,189.00,false,Pendiente,TAURO,1135
TAURO-SIN-CODIGO-1136,TAURO-SIN-CODIGO-1136,SIN-CODIGO-1136,750-16 CON TR135,Nota de migracion: Código faltante en origen,TAURO,CORBATAS,179.80,false,Pendiente,TAURO,1136
TAURO-SIN-CODIGO-1137,TAURO-SIN-CODIGO-1137,SIN-CODIGO-1137,650-16 / 700-16 CON TR15,Nota de migracion: Código faltante en origen,TAURO,CORBATAS,192.00,false,Pendiente,TAURO,1137
TAURO-SIN-CODIGO-1138,TAURO-SIN-CODIGO-1138,SIN-CODIGO-1138,650-16 TR440,Nota de migracion: Código faltante en origen,TAURO,CORBATAS,192.00,false,Pendiente,TAURO,1138
TAURO-SIN-CODIGO-1139,TAURO-SIN-CODIGO-1139,SIN-CODIGO-1139,750R15 CON TR15,Nota de migracion: Código faltante en origen,TAURO,CORBATAS,188.00,false,Pendiente,TAURO,1139
TAURO-SIN-CODIGO-1140,TAURO-SIN-CODIGO-1140,SIN-CODIGO-1140,1000-15,Nota de migracion: Código faltante en origen,TAURO,CORBATAS,241.00,false,Pendiente,TAURO,1140
TAURO-SIN-CODIGO-1141,TAURO-SIN-CODIGO-1141,SIN-CODIGO-1141,750-17 TR444,Nota de migracion: Código faltante en origen,TAURO,CORBATAS,203.00,false,Pendiente,TAURO,1141
TAURO-SIN-CODIGO-1143,TAURO-SIN-CODIGO-1143,SIN-CODIGO-1143,1000-15,Atributo C: 15.0; Nota de migracion: Código faltante en origen,TAURO,TRASCABO Y AGRICOLA TAURO,430.00,false,Pendiente,TAURO,1143
TAURO-SIN-CODIGO-1144,TAURO-SIN-CODIGO-1144,SIN-CODIGO-1144,900.1000-16 TR15,Atributo C: 16.0; Nota de migracion: Código faltante en origen,TAURO,TRASCABO Y AGRICOLA TAURO,241.00,false,Pendiente,TAURO,1144
TAURO-SIN-CODIGO-1145,TAURO-SIN-CODIGO-1145,SIN-CODIGO-1145,11L 16 TR13,Atributo C: 16.0; Nota de migracion: Código faltante en origen,TAURO,TRASCABO Y AGRICOLA TAURO,275.00,false,Pendiente,TAURO,1145
TAURO-SIN-CODIGO-1146,TAURO-SIN-CODIGO-1146,SIN-CODIGO-1146,1300/1400-24 TR218,Atributo C: 24.0; Nota de migracion: Código faltante en origen,TAURO,TRASCABO Y AGRICOLA TAURO,505.00,false,Pendiente,TAURO,1146
TAURO-SIN-CODIGO-1147,TAURO-SIN-CODIGO-1147,SIN-CODIGO-1147,14.9/16.9-24 TR218,Atributo C: 24.0; Nota de migracion: Código faltante en origen,TAURO,TRASCABO Y AGRICOLA TAURO,724.00,false,Pendiente,TAURO,1147
TAURO-SIN-CODIGO-1148,TAURO-SIN-CODIGO-1148,SIN-CODIGO-1148,18.4/19.5-24 TR218,Atributo C: 24.0; Nota de migracion: Código faltante en origen,TAURO,TRASCABO Y AGRICOLA TAURO,860.00,false,Pendiente,TAURO,1148
TAURO-SIN-CODIGO-1149,TAURO-SIN-CODIGO-1149,SIN-CODIGO-1149,23.5-25 TR1175,Atributo C: 25.0; Nota de migracion: Código faltante en origen,TAURO,TRASCABO Y AGRICOLA TAURO,951.20,false,Pendiente,TAURO,1149
TAURO-SIN-CODIGO-1150,TAURO-SIN-CODIGO-1150,SIN-CODIGO-1150,20.5 25 TR1175,Atributo C: 25.0; Nota de migracion: Código faltante en origen,TAURO,TRASCABO Y AGRICOLA TAURO,1322.40,false,Pendiente,TAURO,1150
TAURO-SIN-CODIGO-1151,TAURO-SIN-CODIGO-1151,SIN-CODIGO-1151,17.5-25 TR1175,Atributo C: 25.0; Nota de migracion: Código faltante en origen,TAURO,TRASCABO Y AGRICOLA TAURO,580.00,false,Pendiente,TAURO,1151
TAURO-SIN-CODIGO-1152,TAURO-SIN-CODIGO-1152,SIN-CODIGO-1152,16.9/18.4-30 TR218,Atributo C: 30.0; Nota de migracion: Código faltante en origen,TAURO,TRASCABO Y AGRICOLA TAURO,585.00,false,Pendiente,TAURO,1152
TAURO-SIN-CODIGO-1153,TAURO-SIN-CODIGO-1153,SIN-CODIGO-1153,18.4 34 TR218,Atributo C: 34.0; Nota de migracion: Código faltante en origen,TAURO,TRASCABO Y AGRICOLA TAURO,749.00,false,Pendiente,TAURO,1153
TAURO-SIN-CODIGO-1154,TAURO-SIN-CODIGO-1154,SIN-CODIGO-1154,13.6/14.9/15.5-38 TR218,Atributo C: 38.0; Nota de migracion: Código faltante en origen,TAURO,TRASCABO Y AGRICOLA TAURO,678.00,false,Pendiente,TAURO,1154
TAURO-SIN-CODIGO-1155,TAURO-SIN-CODIGO-1155,SIN-CODIGO-1155,18.4 38 TR218,Atributo C: 38.0; Nota de migracion: Código faltante en origen,TAURO,TRASCABO Y AGRICOLA TAURO,850.00,false,Pendiente,TAURO,1155
GALGO-SIN-CODIGO-1158,GALGO-SIN-CODIGO-1158,SIN-CODIGO-1158,11/12 R24.5 CAMARA GALGO TR300,Nota de migracion: Código faltante en origen,GALGO,CAMARAS,823.90,false,Pendiente,GALGO,1158
GALGO-SIN-CODIGO-1159,GALGO-SIN-CODIGO-1159,SIN-CODIGO-1159,1100 22.5 GALGO,Nota de migracion: Código faltante en origen,GALGO,CAMARAS,677.89,false,Pendiente,GALGO,1159
GALGO-SIN-CODIGO-1160,GALGO-SIN-CODIGO-1160,SIN-CODIGO-1160,1100 22 GALGO,Nota de migracion: Código faltante en origen,GALGO,CAMARAS,714.79,false,Pendiente,GALGO,1160
GALGO-SIN-CODIGO-1161,GALGO-SIN-CODIGO-1161,SIN-CODIGO-1161,1100 20 GALGO,Nota de migracion: Código faltante en origen,GALGO,CAMARAS,643.84,false,Pendiente,GALGO,1161
GALGO-SIN-CODIGO-1162,GALGO-SIN-CODIGO-1162,SIN-CODIGO-1162,1000 20 GALGO,Nota de migracion: Código faltante en origen,GALGO,CAMARAS,609.15,false,Pendiente,GALGO,1162
GALGO-SIN-CODIGO-1163,GALGO-SIN-CODIGO-1163,SIN-CODIGO-1163,900 20 GALGO,Nota de migracion: Código faltante en origen,GALGO,CAMARAS,545.28,false,Pendiente,GALGO,1163
GALGO-SIN-CODIGO-1164,GALGO-SIN-CODIGO-1164,SIN-CODIGO-1164,750 17 GALGO,Nota de migracion: Código faltante en origen,GALGO,CAMARAS,382.48,false,Pendiente,GALGO,1164
GALGO-SIN-CODIGO-1165,GALGO-SIN-CODIGO-1165,SIN-CODIGO-1165,750 16 GALGO TR135,Nota de migracion: Código faltante en origen,GALGO,CAMARAS,339.87,false,Pendiente,GALGO,1165
GALGO-SIN-CODIGO-1166,GALGO-SIN-CODIGO-1166,SIN-CODIGO-1166,7.00/7.50 -15 VALVULA TR15 CAMARA GALGO,Nota de migracion: Código faltante en origen,GALGO,CAMARAS,306.02,false,Pendiente,GALGO,1166
GALGO-SIN-CODIGO-1167,GALGO-SIN-CODIGO-1167,SIN-CODIGO-1167,700 15 GALGO TR13,Nota de migracion: Código faltante en origen,GALGO,CAMARAS,269.15,false,Pendiente,GALGO,1167
GALGO-SIN-CODIGO-1168,GALGO-SIN-CODIGO-1168,SIN-CODIGO-1168,650 16 GALGO TR13,Nota de migracion: Código faltante en origen,GALGO,CAMARAS,248.02,false,Pendiente,GALGO,1168
GALGO-SIN-CODIGO-1169,GALGO-SIN-CODIGO-1169,SIN-CODIGO-1169,650 16 GALGO TR444,Nota de migracion: Código faltante en origen,GALGO,CAMARAS,259.00,false,Pendiente,GALGO,1169
GALGO-SIN-CODIGO-1170,GALGO-SIN-CODIGO-1170,SIN-CODIGO-1170,K14 GALGO TR13,Nota de migracion: Código faltante en origen,GALGO,CAMARAS,194.63,false,Pendiente,GALGO,1170
GALGO-SIN-CODIGO-1171,GALGO-SIN-CODIGO-1171,SIN-CODIGO-1171,K13 GALGO TR13,Nota de migracion: Código faltante en origen,GALGO,CAMARAS,181.17,false,Pendiente,GALGO,1171
GALGO-SIN-CODIGO-1172,GALGO-SIN-CODIGO-1172,SIN-CODIGO-1172,G15 GALGO TR13,Nota de migracion: Código faltante en origen,GALGO,CAMARAS,181.17,false,Pendiente,GALGO,1172
GALGO-AGRICOLA,GALGO-AGRICOLA,AGRICOLA,8.50/9.50R-14 TR15,,GALGO,CAMARAS,424.51,true,Activo,GALGO,1174
GALGO-AGRICOLA~2,GALGO-AGRICOLA,AGRICOLA,1000-15 TR440,,GALGO,CAMARAS,540.74,true,Activo,GALGO,1175
GALGO-AGRICOLA~3,GALGO-AGRICOLA,AGRICOLA,1000-16 TR15,,GALGO,CAMARAS,435.22,true,Activo,GALGO,1176
GALGO-AGRICOLA~4,GALGO-AGRICOLA,AGRICOLA,7.00/7.50R-18,,GALGO,CAMARAS,427.00,true,Activo,GALGO,1177
GALGO-AGRICOLA~5,GALGO-AGRICOLA,AGRICOLA,9.5/11.2 R24,,GALGO,CAMARAS,719.11,true,Activo,GALGO,1178
GALGO-AGRICOLA~6,GALGO-AGRICOLA,AGRICOLA,11.2/12.4 R-24 TR218,,GALGO,CAMARAS,764.25,true,Activo,GALGO,1179
GALGO-AGRICOLA~7,GALGO-AGRICOLA,AGRICOLA,12.00-24 TR444,,GALGO,CAMARAS,1691.76,true,Activo,GALGO,1180
GALGO-AGRICOLA~8,GALGO-AGRICOLA,AGRICOLA,16.9/18.4R-24 TR218,,GALGO,CAMARAS,1088.40,true,Activo,GALGO,1181
GALGO-AGRICOLA~9,GALGO-AGRICOLA,AGRICOLA,13.00/14.00-24,,GALGO,CAMARAS,1808.20,true,Activo,GALGO,1182
GALGO-AGRICOLA~10,GALGO-AGRICOLA,AGRICOLA,14.9-24 TR218,,GALGO,CAMARAS,1025.77,true,Activo,GALGO,1183
GALGO-AGRICOLA~11,GALGO-AGRICOLA,AGRICOLA,18.4/23.1 R-26 TR218,,GALGO,CAMARAS,1739.00,true,Activo,GALGO,1184
GALGO-AGRICOLA~12,GALGO-AGRICOLA,AGRICOLA,11.25-28,,GALGO,CAMARAS,974.00,true,Activo,GALGO,1185
GALGO-AGRICOLA~13,GALGO-AGRICOLA,AGRICOLA,13.6/14.9 R-28 CAMARA GALGO,,GALGO,CAMARAS,1235.85,true,Activo,GALGO,1186
GALGO-AGRICOLA~14,GALGO-AGRICOLA,AGRICOLA,15/18.4-28 TR218,,GALGO,CAMARAS,1216.59,true,Activo,GALGO,1187
GALGO-AGRICOLA~15,GALGO-AGRICOLA,AGRICOLA,16.9/18.4-30 TR218,,GALGO,CAMARAS,1203.69,true,Activo,GALGO,1188
GALGO-AGRICOLA~16,GALGO-AGRICOLA,AGRICOLA,18.4/20.8-34 TR218,,GALGO,CAMARAS,1513.73,true,Activo,GALGO,1189
GALGO-AGRICOLA~17,GALGO-AGRICOLA,AGRICOLA,18.4-38 TR218,,GALGO,CAMARAS,1425.67,true,Activo,GALGO,1190
GALGO-AGRICOLA~18,GALGO-AGRICOLA,AGRICOLA,13.6/14.9/15.5-38 TR218,,GALGO,CAMARAS,1209.25,true,Activo,GALGO,1191
GALGO-CAMION,GALGO-CAMION,CAMION,R 22 GALGO,,GALGO,CORBATAS GALGO,245.00,true,Activo,GALGO,1193
GALGO-CAMION~2,GALGO-CAMION,CAMION,R 20 GALGO,,GALGO,CORBATAS GALGO,238.00,true,Activo,GALGO,1194
GALGO-CAMIONETA,GALGO-CAMIONETA,CAMIONETA,R 17 GALGO,,GALGO,CORBATAS GALGO,194.00,true,Activo,GALGO,1195
GALGO-SIN-CODIGO-1197,GALGO-SIN-CODIGO-1197,SIN-CODIGO-1197,400-8 MILLER motocarro,Nota de migracion: Código faltante en origen,GALGO,LLANTAS DE MOTO,296.00,false,Pendiente,GALGO,1197
GALGO-SIN-CODIGO-1198,GALGO-SIN-CODIGO-1198,SIN-CODIGO-1198,350 10 TAURO C/C,Nota de migracion: Código faltante en origen,GALGO,LLANTAS DE MOTO,235.16,false,Pendiente,GALGO,1198
GALGO-SIN-CODIGO-1199,GALGO-SIN-CODIGO-1199,SIN-CODIGO-1199,350 10 TAURO S/C,Nota de migracion: Código faltante en origen,GALGO,LLANTAS DE MOTO,279.53,false,Pendiente,GALGO,1199
GALGO-SIN-CODIGO-1200,GALGO-SIN-CODIGO-1200,SIN-CODIGO-1200,300 10 C/C LLANTA TAURO,Nota de migracion: Código faltante en origen,GALGO,LLANTAS DE MOTO,223.09,false,Pendiente,GALGO,1200
GALGO-SIN-CODIGO-1201,GALGO-SIN-CODIGO-1201,SIN-CODIGO-1201,120 90 10 TAURO S/C,Nota de migracion: Código faltante en origen,GALGO,LLANTAS DE MOTO,395.25,false,Pendiente,GALGO,1201
GALGO-SIN-CODIGO-1202,GALGO-SIN-CODIGO-1202,SIN-CODIGO-1202,130 90 10 TAURO S/C,Nota de migracion: Código faltante en origen,GALGO,LLANTAS DE MOTO,418.41,false,Pendiente,GALGO,1202
GALGO-SIN-CODIGO-1203,GALGO-SIN-CODIGO-1203,SIN-CODIGO-1203,120 70 12 TAURO S/C,Nota de migracion: Código faltante en origen,GALGO,LLANTAS DE MOTO,340.67,false,Pendiente,GALGO,1203
GALGO-SIN-CODIGO-1204,GALGO-SIN-CODIGO-1204,SIN-CODIGO-1204,130 70 12 TAURO S/C,Nota de migracion: Código faltante en origen,GALGO,LLANTAS DE MOTO,404.48,false,Pendiente,GALGO,1204
GALGO-SIN-CODIGO-1205,GALGO-SIN-CODIGO-1205,SIN-CODIGO-1205,130 60 13 TAURO S/C,Nota de migracion: Código faltante en origen,GALGO,LLANTAS DE MOTO,404.48,false,Pendiente,GALGO,1205
GALGO-SIN-CODIGO-1206,GALGO-SIN-CODIGO-1206,SIN-CODIGO-1206,130/90-15 TAURO S/C,Nota de migracion: Código faltante en origen,GALGO,LLANTAS DE MOTO,599.88,false,Pendiente,GALGO,1206
GALGO-SIN-CODIGO-1207,GALGO-SIN-CODIGO-1207,SIN-CODIGO-1207,110-90-17 TAURO C/C,Nota de migracion: Código faltante en origen,GALGO,LLANTAS DE MOTO,420.00,false,Pendiente,GALGO,1207
GALGO-SIN-CODIGO-1208,GALGO-SIN-CODIGO-1208,SIN-CODIGO-1208,110-90-17 TAURO S/C,Nota de migracion: Código faltante en origen,GALGO,LLANTAS DE MOTO,453.46,false,Pendiente,GALGO,1208
GALGO-SIN-CODIGO-1209,GALGO-SIN-CODIGO-1209,SIN-CODIGO-1209,110-90-16 TAURO S/C,Nota de migracion: Código faltante en origen,GALGO,LLANTAS DE MOTO,539.63,false,Pendiente,GALGO,1209
GALGO-SIN-CODIGO-1210,GALGO-SIN-CODIGO-1210,SIN-CODIGO-1210,140 70 17 TAURO S/C,Nota de migracion: Código faltante en origen,GALGO,LLANTAS DE MOTO,539.63,false,Pendiente,GALGO,1210
GALGO-SIN-CODIGO-1211,GALGO-SIN-CODIGO-1211,SIN-CODIGO-1211,250 17 TAURO C/C,Nota de migracion: Código faltante en origen,GALGO,LLANTAS DE MOTO,180.50,false,Pendiente,GALGO,1211
GALGO-SIN-CODIGO-1212,GALGO-SIN-CODIGO-1212,SIN-CODIGO-1212,275 17 TAURO C/C,Nota de migracion: Código faltante en origen,GALGO,LLANTAS DE MOTO,265.00,false,Pendiente,GALGO,1212
GALGO-SIN-CODIGO-1213,GALGO-SIN-CODIGO-1213,SIN-CODIGO-1213,275 17 TAURO TACHOS,Nota de migracion: Código faltante en origen,GALGO,LLANTAS DE MOTO,244.04,false,Pendiente,GALGO,1213
GALGO-SIN-CODIGO-1214,GALGO-SIN-CODIGO-1214,SIN-CODIGO-1214,300 17 TAURO C/C,Nota de migracion: Código faltante en origen,GALGO,LLANTAS DE MOTO,317.51,false,Pendiente,GALGO,1214
GALGO-SIN-CODIGO-1215,GALGO-SIN-CODIGO-1215,SIN-CODIGO-1215,250 18 TAURO C/C,Nota de migracion: Código faltante en origen,GALGO,LLANTAS DE MOTO,191.59,false,Pendiente,GALGO,1215
GALGO-SIN-CODIGO-1216,GALGO-SIN-CODIGO-1216,SIN-CODIGO-1216,275 18 TAURO C/C,Nota de migracion: Código faltante en origen,GALGO,LLANTAS DE MOTO,266.00,false,Pendiente,GALGO,1216
GALGO-SIN-CODIGO-1217,GALGO-SIN-CODIGO-1217,SIN-CODIGO-1217,275 18 TAURO TACHOS,Nota de migracion: Código faltante en origen,GALGO,LLANTAS DE MOTO,266.00,false,Pendiente,GALGO,1217
GALGO-SIN-CODIGO-1218,GALGO-SIN-CODIGO-1218,SIN-CODIGO-1218,300 18 TAURO C/C,Nota de migracion: Código faltante en origen,GALGO,LLANTAS DE MOTO,299.00,false,Pendiente,GALGO,1218
GALGO-SIN-CODIGO-1219,GALGO-SIN-CODIGO-1219,SIN-CODIGO-1219,300 18 TAURO S/ CAMARA,Nota de migracion: Código faltante en origen,GALGO,LLANTAS DE MOTO,392.50,false,Pendiente,GALGO,1219
GALGO-SIN-CODIGO-1220,GALGO-SIN-CODIGO-1220,SIN-CODIGO-1220,300-18 TACHOS TAURO,Nota de migracion: Código faltante en origen,GALGO,LLANTAS DE MOTO,290.62,false,Pendiente,GALGO,1220
GALGO-SIN-CODIGO-1221,GALGO-SIN-CODIGO-1221,SIN-CODIGO-1221,350 18 C/C TAURO TACHOS,Nota de migracion: Código faltante en origen,GALGO,LLANTAS DE MOTO,328.34,false,Pendiente,GALGO,1221
GALGO-SIN-CODIGO-1222,GALGO-SIN-CODIGO-1222,SIN-CODIGO-1222,350 18 S/C TACHOS TAURO,Nota de migracion: Código faltante en origen,GALGO,LLANTAS DE MOTO,455.00,false,Pendiente,GALGO,1222
GALGO-SIN-CODIGO-1223,GALGO-SIN-CODIGO-1223,SIN-CODIGO-1223,400-18 TAURO TACHOS C/C,Nota de migracion: Código faltante en origen,GALGO,LLANTAS DE MOTO,476.71,false,Pendiente,GALGO,1223
GALGO-SIN-CODIGO-1224,GALGO-SIN-CODIGO-1224,SIN-CODIGO-1224,90/90-18 TAURO C/C,Nota de migracion: Código faltante en origen,GALGO,LLANTAS DE MOTO,311.92,false,Pendiente,GALGO,1224
GALGO-SIN-CODIGO-1225,GALGO-SIN-CODIGO-1225,SIN-CODIGO-1225,130/90-18 TAURO S/C,Nota de migracion: Código faltante en origen,GALGO,LLANTAS DE MOTO,677.62,false,Pendiente,GALGO,1225
GALGO-SIN-CODIGO-1226,GALGO-SIN-CODIGO-1226,SIN-CODIGO-1226,90/90-21 LLANTA PARA MOTOCICLETA TAURO C/C,Nota de migracion: Código faltante en origen,GALGO,LLANTAS DE MOTO,332.00,false,Pendiente,GALGO,1226
PANESA-KN01,PANESA-KN01,KN01,K ́N 01 PARCHE REDONDO BOLSA,Atributo E: 200.0,PANESA,PARCHE KN,0.86,true,Activo,PANESA,1341
PANESA-KN0,PANESA-KN0,KN0,K ́N 0 PARCHE REDONDO BOLSA,Atributo E: 100.0,PANESA,PARCHE KN,1.62,true,Activo,PANESA,1342
PANESA-KN1,PANESA-KN1,KN1,K ́N 1 PARCHE REDONDO BOLSA,Atributo E: 100.0,PANESA,PARCHE KN,1.94,true,Activo,PANESA,1343
PANESA-KN2,PANESA-KN2,KN2,K ́N 2 PARCHE REDONDO BOLSA,Atributo E: 100.0,PANESA,PARCHE KN,2.29,true,Activo,PANESA,1344
PANESA-KN3,PANESA-KN3,KN3,K ́N 3 PARCHE REDONDO BOLSA,Atributo E: 75.0,PANESA,PARCHE KN,3.18,true,Activo,PANESA,1345
PANESA-KN4,PANESA-KN4,KN4,K ́N 4 PARCHE REDONDO BOLSA,Atributo E: 50.0,PANESA,PARCHE KN,5.02,true,Activo,PANESA,1346
PANESA-P01,PANESA-P01,P01,P 01 PARCHE REDONDO BOLSA,Atributo E: 200.0,PANESA,PARCHE P,1.29,true,Activo,PANESA,1349
PANESA-P0,PANESA-P0,P0,P 0 PARCHE REDONDO BOLSA,Atributo E: 100.0,PANESA,PARCHE P,2.73,true,Activo,PANESA,1350
PANESA-P1,PANESA-P1,P1,P 1 PARCHE REDONDO BOLSA,Atributo E: 100.0,PANESA,PARCHE P,3.35,true,Activo,PANESA,1351
PANESA-P2,PANESA-P2,P2,P 2 PARCHE REDONDO BOLSA,Atributo E: 100.0,PANESA,PARCHE P,3.62,true,Activo,PANESA,1352
PANESA-P3,PANESA-P3,P3,P 3 PARCHE REDONDO BOLSA,Atributo E: 75.0,PANESA,PARCHE P,4.46,true,Activo,PANESA,1353
PANESA-P4,PANESA-P4,P4,P 4 PARCHE REDONDO BOLSA,Atributo E: 50.0,PANESA,PARCHE P,5.71,true,Activo,PANESA,1354
PANESA-P5,PANESA-P5,P5,P 5 PARCHE REDONDO BOLSA,Atributo E: 35.0,PANESA,PARCHE P,13.25,true,Activo,PANESA,1355
PANESA-P7,PANESA-P7,P7,P 7 PARCHE OVALADO BOLSA,Atributo E: 50.0,PANESA,PARCHE P,5.43,true,Activo,PANESA,1356
PANESA-P8,PANESA-P8,P8,P 8 PARCHE REDONDO BOLSA,Atributo E: 50.0,PANESA,PARCHE P,8.08,true,Activo,PANESA,1357
PANESA-P19,PANESA-P19,P19,P 19 PARCHE OVALADO BOLSA,Atributo E: 100.0,PANESA,PARCHE P,3.14,true,Activo,PANESA,1358
PANESA-PPQ3,PANESA-PPQ3,PPQ3,"PARCHE TAPON QUILLSEAL PPQ-3 DE 1/8""",Atributo E: 40.0,PANESA,"PARCHE TAPON PPS, PPQ Y PPW",10.24,true,Activo,PANESA,1360
PANESA-PPQ6,PANESA-PPQ6,PPQ6,"PARCHE TAPON QUILLSEAL PPQ-6 DE 1/4""",Atributo E: 40.0,PANESA,"PARCHE TAPON PPS, PPQ Y PPW",11.50,true,Activo,PANESA,1361
PANESA-PPQ9,PANESA-PPQ9,PPQ9,"PARCHE TAPON QUILLSEAL PPQ-9 DE 3/8""",Atributo E: 40.0,PANESA,"PARCHE TAPON PPS, PPQ Y PPW",12.66,true,Activo,PANESA,1362
PANESA-PPW3,PANESA-PPW3,PPW3,"PARCHE TAPON MAXISEAL PPW-3 DE 1/4""",Atributo E: 40.0,PANESA,"PARCHE TAPON PPS, PPQ Y PPW",10.24,true,Activo,PANESA,1363
PANESA-PPW6,PANESA-PPW6,PPW6,"PARCHE TAPON MAXISEAL PPW-6 DE 1/4""",Atributo E: 40.0,PANESA,"PARCHE TAPON PPS, PPQ Y PPW",11.51,true,Activo,PANESA,1364
PANESA-PPW9,PANESA-PPW9,PPW9,"PARCHE TAPON MAXISEAL PPW-9 DE 3/8""",Atributo E: 40.0,PANESA,"PARCHE TAPON PPS, PPQ Y PPW",15.40,true,Activo,PANESA,1365
PANESA-SMT0,PANESA-SMT0,SMT0,SMT-0 PARCHE CUADRADO BOLSA COLDCURE,Atributo E: 100.0,PANESA,PARCHE SMT UNIVERSAL,4.79,true,Activo,PANESA,1367
PANESA-SMT1,PANESA-SMT1,SMT1,SMT-1 PARCHE CUADRADO BOLSA COLDCURE,Atributo E: 75.0,PANESA,PARCHE SMT UNIVERSAL,5.27,true,Activo,PANESA,1368
PANESA-SMT2,PANESA-SMT2,SMT2,SMT-2 PARCHE CUADRADO BOLSA COLDCURE,Atributo E: 50.0,PANESA,PARCHE SMT UNIVERSAL,7.00,true,Activo,PANESA,1369
PANESA-PCX10,PANESA-PCX10,PCX10,PCX-10 PARCHE RADIAL COLDCURE,Atributo E: 50.0,PANESA,PARCHE PCX,14.27,true,Activo,PANESA,1371
PANESA-PCX12,PANESA-PCX12,PCX12,PCX-12 PARCHE RADIAL COLDCURE,Atributo E: 50.0,PANESA,PARCHE PCX,27.24,true,Activo,PANESA,1372
PANESA-PCX14,PANESA-PCX14,PCX14,PCX-14 PARCHE RADIAL COLDCURE,Atributo E: 50.0,PANESA,PARCHE PCX,31.40,true,Activo,PANESA,1373
PANESA-PCX20,PANESA-PCX20,PCX20,PCX-20 PARCHE RADIAL COLDCURE,Atributo E: 30.0,PANESA,PARCHE PCX,34.92,true,Activo,PANESA,1374
PANESA-PCX22,PANESA-PCX22,PCX22,PCX-22 PARCHE RADIAL COLDCURE,Atributo E: 25.0,PANESA,PARCHE PCX,41.34,true,Activo,PANESA,1375
PANESA-PCX24,PANESA-PCX24,PCX24,PCX-24 PARCHE RADIAL COLDCURE,Atributo E: 20.0,PANESA,PARCHE PCX,51.62,true,Activo,PANESA,1376
PANESA-PCX25,PANESA-PCX25,PCX25,PCX-25 PARCHE RADIAL COLDCURE,Atributo E: 15.0,PANESA,PARCHE PCX,52.14,true,Activo,PANESA,1377
PANESA-PCX35,PANESA-PCX35,PCX35,PCX-35 PARCHE RADIAL COLDCURE,Atributo E: 10.0,PANESA,PARCHE PCX,75.65,true,Activo,PANESA,1378
PANESA-PCX40,PANESA-PCX40,PCX40,PCX-40 PARCHE RADIAL COLDCURE,Atributo E: 10.0,PANESA,PARCHE PCX,64.44,true,Activo,PANESA,1379
PANESA-PCX42,PANESA-PCX42,PCX42,PCX-42 PARCHE RADIAL COLDCURE,Atributo E: 10.0,PANESA,PARCHE PCX,123.54,true,Activo,PANESA,1380
PANESA-PCX44,PANESA-PCX44,PCX44,PCX-44 PARCHE RADIAL COLDCURE,Atributo E: 5.0,PANESA,PARCHE PCX,158.29,true,Activo,PANESA,1381
PANESA-EXRC10,PANESA-EXRC10,EXRC10,EXRC-10 PARCHE RADIAL COLDCURE,Atributo E: 10.0,PANESA,PARCHE MILENIUM,22.79,true,Activo,PANESA,1384
PANESA-EXRC12,PANESA-EXRC12,EXRC12,EXRC-12 PARCHE RADIAL COLDCURE,Atributo E: 10.0,PANESA,PARCHE MILENIUM,31.49,true,Activo,PANESA,1385
PANESA-EXRC14,PANESA-EXRC14,EXRC14,EXRC-14 PARCHE RADIAL COLDCURE,Atributo E: 10.0,PANESA,PARCHE MILENIUM,38.31,true,Activo,PANESA,1386
PANESA-EXRC20,PANESA-EXRC20,EXRC20,EXRC-20 PARCHE RADIAL COLDCURE,Atributo E: 10.0,PANESA,PARCHE MILENIUM,37.70,true,Activo,PANESA,1387
PANESA-EXRC22,PANESA-EXRC22,EXRC22,EXRC-22 PARCHE RADIAL COLDCURE,Atributo E: 10.0,PANESA,PARCHE MILENIUM,53.29,true,Activo,PANESA,1388
PANESA-EXRC24,PANESA-EXRC24,EXRC24,EXRC-24 PARCHE RADIAL COLDCURE,Atributo E: 10.0,PANESA,PARCHE MILENIUM,61.10,true,Activo,PANESA,1389
PANESA-EXRC25,PANESA-EXRC25,EXRC25,EXRC-25 PARCHE RADIAL COLDCURE,Atributo E: 10.0,PANESA,PARCHE MILENIUM,79.66,true,Activo,PANESA,1390
PANESA-EXRC26,PANESA-EXRC26,EXRC26,EXRC-26 PARCHE RADIAL COLDCURE,Atributo E: 10.0,PANESA,PARCHE MILENIUM,108.35,true,Activo,PANESA,1391
PANESA-EXRC28,PANESA-EXRC28,EXRC28,EXRC-28 PARCHE RADIAL COLDCURE,Atributo E: 10.0,PANESA,PARCHE MILENIUM,137.60,true,Activo,PANESA,1392
PANESA-EXRC35,PANESA-EXRC35,EXRC35,EXRC-35 PARCHE RADIAL COLDCURE,Atributo E: 10.0,PANESA,PARCHE MILENIUM,110.28,true,Activo,PANESA,1393
PANESA-EXRC40,PANESA-EXRC40,EXRC40,EXRC-40 PARCHE RADIAL COLDCURE,Atributo E: 10.0,PANESA,PARCHE MILENIUM,85.67,true,Activo,PANESA,1394
PANESA-EXRC42,PANESA-EXRC42,EXRC42,EXRC-42 PARCHE RADIAL COLDCURE,Atributo E: 10.0,PANESA,PARCHE MILENIUM,129.70,true,Activo,PANESA,1395
PANESA-EXRC44,PANESA-EXRC44,EXRC44,EXRC-44 PARCHE RADIAL COLDCURE,Atributo E: 10.0,PANESA,PARCHE MILENIUM,163.41,true,Activo,PANESA,1396
PANESA-EXRC45,PANESA-EXRC45,EXRC45,EXRC-45 PARCHE RADIAL COLDCURE,Atributo E: 10.0,PANESA,PARCHE MILENIUM,195.18,true,Activo,PANESA,1397
PANESA-EXRC46,PANESA-EXRC46,EXRC46,EXRC-46 PARCHE RADIAL COLDCURE,Atributo E: 10.0,PANESA,PARCHE MILENIUM,287.43,true,Activo,PANESA,1398
PANESA-CX10,PANESA-CX10,CX10,CX 10 PARCHE RADIAL COLDCURE,Atributo E: 50.0,PANESA,PARCHE CX,19.54,true,Activo,PANESA,1400
PANESA-CX12,PANESA-CX12,CX12,CX 12 PARCHE RADIAL COLDCURE,Atributo E: 50.0,PANESA,PARCHE CX,28.50,true,Activo,PANESA,1401
PANESA-CX14,PANESA-CX14,CX14,CX 14 PARCHE RADIAL COLDCURE,Atributo E: 50.0,PANESA,PARCHE CX,35.63,true,Activo,PANESA,1402
PANESA-CX20,PANESA-CX20,CX20,CX 20 PARCHE RADIAL COLDCURE,Atributo E: 30.0,PANESA,PARCHE CX,35.91,true,Activo,PANESA,1403
PANESA-CX22,PANESA-CX22,CX22,CX 22 PARCHE RADIAL COLDCURE,Atributo E: 25.0,PANESA,PARCHE CX,49.09,true,Activo,PANESA,1404
PANESA-CX24,PANESA-CX24,CX24,CX 24 PARCHE RADIAL COLDCURE,Atributo E: 20.0,PANESA,PARCHE CX,57.48,true,Activo,PANESA,1405
PANESA-CX25,PANESA-CX25,CX25,CX 25 CW PARCHE RADIAL COLDCURE,Atributo E: 15.0,PANESA,PARCHE CX,69.77,true,Activo,PANESA,1406
PANESA-CX26,PANESA-CX26,CX26,CX 26 SW PARCHE RADIAL COLDCURE,Atributo E: 10.0,PANESA,PARCHE CX,85.53,true,Activo,PANESA,1407
PANESA-CX28,PANESA-CX28,CX28,CX 28 SW PARCHE RADIAL COLDCURE,Atributo E: 15.0,PANESA,PARCHE CX,116.88,true,Activo,PANESA,1408
PANESA-CX35,PANESA-CX35,CX35,CX 35 CW PARCHE RADIAL COLDCURE,Atributo E: 10.0,PANESA,PARCHE CX,92.08,true,Activo,PANESA,1409
PANESA-CX40,PANESA-CX40,CX40,CX 40 PARCHE RADIAL COLDCURE,Atributo E: 10.0,PANESA,PARCHE CX,78.87,true,Activo,PANESA,1410
PANESA-CX42,PANESA-CX42,CX42,CX 42 PARCHE RADIAL COLDCURE,Atributo E: 15.0,PANESA,PARCHE CX,124.80,true,Activo,PANESA,1411
PANESA-CX44,PANESA-CX44,CX44,CX 44 PARCHE RADIAL COLDCURE,Atributo E: 15.0,PANESA,PARCHE CX,157.89,true,Activo,PANESA,1412
PANESA-CX45,PANESA-CX45,CX45,CX 45 CW PARCHE RADIAL COLDCURE,Atributo E: 15.0,PANESA,PARCHE CX,180.26,true,Activo,PANESA,1413
PANESA-CX46,PANESA-CX46,CX46,CX 46 PARCHE RADIAL COLDCURE,Atributo E: 5.0,PANESA,PARCHE CX,270.47,true,Activo,PANESA,1414
PANESA-EXBC02,PANESA-EXBC02,EXBC02,EXB-C02 SC PARCHE CONVENCIONAL COLDCURE,Atributo E: 10.0,PANESA,PARCHE MILLENIUM,24.99,true,Activo,PANESA,1416
PANESA-EXBC03,PANESA-EXBC03,EXBC03,EXB-C03 SC PARCHE CONVENCIONAL COLDCURE,Atributo E: 10.0,PANESA,PARCHE MILLENIUM,39.86,true,Activo,PANESA,1417
PANESA-EXBC04,PANESA-EXBC04,EXBC04,EXB-C04 SC PARCHE CONVENCIONAL COLDCURE,Atributo E: 10.0,PANESA,PARCHE MILLENIUM,53.28,true,Activo,PANESA,1418
PANESA-EXBC05,PANESA-EXBC05,EXBC05,EXB-C05 SC PARCHE CONVENCIONAL COLDCURE,Atributo E: 10.0,PANESA,PARCHE MILLENIUM,74.51,true,Activo,PANESA,1419
PANESA-EXBC06,PANESA-EXBC06,EXBC06,EXB-C06 SC PARCHE CONVENCIONAL COLDCURE,Atributo E: 10.0,PANESA,PARCHE MILLENIUM,153.06,true,Activo,PANESA,1420
PANESA-EXBC07,PANESA-EXBC07,EXBC07,EXB-C07 SC PARCHE CONVENCIONAL COLDCURE,Atributo E: 10.0,PANESA,PARCHE MILLENIUM,236.57,true,Activo,PANESA,1421
PANESA-EXBC08,PANESA-EXBC08,EXBC08,EXB-C08 SC PARCHE CONVENCIONAL COLDCURE,Atributo E: 10.0,PANESA,PARCHE MILLENIUM,329.27,true,Activo,PANESA,1422
PANESA-EXBC09,PANESA-EXBC09,EXBC09,EXB-C09 SC PARCHE CONVENCIONAL COLDCURE,Atributo E: 10.0,PANESA,PARCHE MILLENIUM,576.63,true,Activo,PANESA,1423
PANESA-EXBC10,PANESA-EXBC10,EXBC10,EXB-C10 SC PARCHE CONVENCIONAL COLDCURE,Atributo E: 10.0,PANESA,PARCHE MILLENIUM,693.51,true,Activo,PANESA,1424
PANESA-PCB12,PANESA-PCB12,PCB12,PCB 12 PARCHE CONVENCIONAL COLDCURE,Atributo E: 100.0,PANESA,PARCHE PCX,14.75,true,Activo,PANESA,1426
PANESA-PCB22,PANESA-PCB22,PCB22,PCB 22 PARCHE CONVENCIONAL COLDCURE,Atributo E: 50.0,PANESA,PARCHE PCX,16.91,true,Activo,PANESA,1427
PANESA-PCB32,PANESA-PCB32,PCB32,PCB 32 PARCHE CONVENCIONAL COLDCURE,Atributo E: 50.0,PANESA,PARCHE PCX,20.84,true,Activo,PANESA,1428
PANESA-PCB42,PANESA-PCB42,PCB42,PCB 42 PARCHE CONVENCIONAL COLDCURE,Atributo E: 50.0,PANESA,PARCHE PCX,31.99,true,Activo,PANESA,1429
PANESA-PCB52,PANESA-PCB52,PCB52,PCB 52 PARCHE CONVENCIONAL COLDCURE,Atributo E: 50.0,PANESA,PARCHE PCX,47.28,true,Activo,PANESA,1430
PANESA-PCB63,PANESA-PCB63,PCB63,PCB 63 PARCHE CONVENCIONAL COLDCURE,Atributo E: 30.0,PANESA,PARCHE PCX,67.76,true,Activo,PANESA,1431
PANESA-PCB74,PANESA-PCB74,PCB74,PCB 74 PARCHE CONVENCIONAL COLDCURE,Atributo E: 30.0,PANESA,PARCHE PCX,76.07,true,Activo,PANESA,1432
PANESA-PCB84,PANESA-PCB84,PCB84,PCB 84 PARCHE CONVENCIONAL COLDCURE,Atributo E: 20.0,PANESA,PARCHE PCX,88.75,true,Activo,PANESA,1433
PANESA-PCB104,PANESA-PCB104,PCB104,PCB 104 PARCHE CONVENCIONAL COLDCURE,Atributo E: 10.0,PANESA,PARCHE PCX,139.00,true,Activo,PANESA,1434
PANESA-PCB126,PANESA-PCB126,PCB126,PCB 126 PARCHE CONVENCIONAL COLDCURE,Atributo E: 5.0,PANESA,PARCHE PCX,225.11,true,Activo,PANESA,1435
PANESA-PCB146,PANESA-PCB146,PCB146,PCB 146 PARCHE CONVENCIONAL COLDCURE,Atributo E: 5.0,PANESA,PARCHE PCX,337.67,true,Activo,PANESA,1436
PANESA-KX3,PANESA-KX3,KX3,KX 3 PARCHE CONVENCIONAL ALLCURE,Atributo E: 50.0,PANESA,PARCHE KX,11.50,true,Activo,PANESA,1438
PANESA-KX4,PANESA-KX4,KX4,KX 4 PARCHE CONVENCIONAL ALLCURE,Atributo E: 50.0,PANESA,PARCHE KX,15.31,true,Activo,PANESA,1439
PANESA-KX5,PANESA-KX5,KX5,KX 5 PARCHE CONVENCIONAL ALLCURE,Atributo E: 50.0,PANESA,PARCHE KX,22.33,true,Activo,PANESA,1440
PANESA-KX6,PANESA-KX6,KX6,KX 6 PARCHE CONVENCIONAL ALLCURE,Atributo E: 30.0,PANESA,PARCHE KX,27.25,true,Activo,PANESA,1441
PANESA-KX7,PANESA-KX7,KX7,KX 7 PARCHE CONVENCIONAL ALLCURE,Atributo E: 30.0,PANESA,PARCHE KX,39.49,true,Activo,PANESA,1442
PANESA-KX8,PANESA-KX8,KX8,KX 8 PARCHE CONVENCIONAL ALLCURE,Atributo E: 20.0,PANESA,PARCHE KX,46.87,true,Activo,PANESA,1443
PANESA-KX10,PANESA-KX10,KX10,KX 10 PARCHE CONVENCIONAL ALLCURE,Atributo E: 10.0,PANESA,PARCHE KX,72.04,true,Activo,PANESA,1444
PANESA-KX12,PANESA-KX12,KX12,KX 12 PARCHE CONVENCIONAL ALLCURE,Atributo E: 5.0,PANESA,PARCHE KX,117.95,true,Activo,PANESA,1445
PANESA-CB12,PANESA-CB12,CB12,CB 12 PARCHE CONVENCIONAL COLDCURE,Atributo E: 200.0,PANESA,PARCHE CB,17.32,true,Activo,PANESA,1447
PANESA-CB22,PANESA-CB22,CB22,CB 22 PARCHE CONVENCIONAL COLDCURE,Atributo E: 50.0,PANESA,PARCHE CB,21.26,true,Activo,PANESA,1448
PANESA-CB32,PANESA-CB32,CB32,CB 32 PARCHE CONVENCIONAL COLDCURE,Atributo E: 50.0,PANESA,PARCHE CB,22.02,true,Activo,PANESA,1449
PANESA-CB42,PANESA-CB42,CB42,CB 42 PARCHE CONVENCIONAL COLDCURE,Atributo E: 50.0,PANESA,PARCHE CB,36.59,true,Activo,PANESA,1450
PANESA-CB52,PANESA-CB52,CB52,CB 52 PARCHE CONVENCIONAL COLDCURE,Atributo E: 50.0,PANESA,PARCHE CB,51.27,true,Activo,PANESA,1451
PANESA-CB63,PANESA-CB63,CB63,CB 63 PARCHE CONVENCIONAL COLDCURE,Atributo E: 30.0,PANESA,PARCHE CB,74.08,true,Activo,PANESA,1452
PANESA-CB74,PANESA-CB74,CB74,CB 74 PARCHE CONVENCIONAL COLDCURE,Atributo E: 30.0,PANESA,PARCHE CB,83.14,true,Activo,PANESA,1453
PANESA-CB84,PANESA-CB84,CB84,CB 84 PARCHE CONVENCIONAL COLDCURE,Atributo E: 20.0,PANESA,PARCHE CB,97.01,true,Activo,PANESA,1454
PANESA-CB86,PANESA-CB86,CB86,CB 86 PARCHE CONVENCIONAL COLDCURE,Atributo E: 20.0,PANESA,PARCHE CB,114.46,true,Activo,PANESA,1455
PANESA-CB104,PANESA-CB104,CB104,CB 104 PARCHE CONVENCIONAL COLDCURE,Atributo E: 10.0,PANESA,PARCHE CB,137.31,true,Activo,PANESA,1456
PANESA-CB106,PANESA-CB106,CB106,CB 106 PARCHE CONVENCIONAL COLDCURE,Atributo E: 10.0,PANESA,PARCHE CB,142.02,true,Activo,PANESA,1457
PANESA-CB126,PANESA-CB126,CB126,CB 126 PARCHE CONVENCIONAL COLDCURE,Atributo E: 5.0,PANESA,PARCHE CB,234.05,true,Activo,PANESA,1458
PANESA-CB146,PANESA-CB146,CB146,CB 146 PARCHE CONVENCIONAL COLDCURE,Atributo E: 5.0,PANESA,PARCHE CB,317.68,true,Activo,PANESA,1459
PANESA-CB198,PANESA-CB198,CB198,CB 198 PARCHE CONVENCIONAL COLDCURE,Atributo E: 5.0,PANESA,PARCHE CB,519.78,true,Activo,PANESA,1460
PANESA-TR-13,PANESA-TR-13,TR-13,TR-13 VÁLVULA BASE HULE REPARACIÓN,,PANESA,VALVULAS,16.67,true,Activo,PANESA,1462
PANESA-TR-15,PANESA-TR-15,TR-15,TR-15 VÁLVULA BASE HULE REPARACIÓN,,PANESA,VALVULAS,17.00,true,Activo,PANESA,1463
PANESA-TR-440,PANESA-TR-440,TR-440,TR-440 VÁLVULA BASE HULE / METAL REPARACIÓN,,PANESA,VALVULAS,44.13,true,Activo,PANESA,1464
PANESA-TR-444,PANESA-TR-444,TR-444,TR-444 VÁLVULA BASE HULE / METAL REPARACIÓN,,PANESA,VALVULAS,49.09,true,Activo,PANESA,1465
PANESA-TR-218A,PANESA-TR-218A,TR-218A,TR-218-A VÁLVULA BASE HULE / METAL REPARACIÓN,,PANESA,VALVULAS,71.22,true,Activo,PANESA,1466
PANESA-TR-13~2,PANESA-TR-13,TR-13,TR-13 VÁLVULA BASE HULE RASPADA,,PANESA,VALVULAS,11.59,true,Activo,PANESA,1467
PANESA-TR-15~2,PANESA-TR-15,TR-15,TR-15 VÁLVULA BASE HULE RASPADA,,PANESA,VALVULAS,11.98,true,Activo,PANESA,1468
PANESA-TR-440~2,PANESA-TR-440,TR-440,TR-440 VÁLVULA BASE HULE / METAL RASPADA,,PANESA,VALVULAS,36.53,true,Activo,PANESA,1469
PANESA-TR-444~2,PANESA-TR-444,TR-444,TR-444 VÁLVULA BASE HULE / METAL RASPADA,,PANESA,VALVULAS,43.24,true,Activo,PANESA,1470
PANESA-BB6,PANESA-BB6,BB6,"BB 6"" MANDRIL HEMBRA 8159",,PANESA,INFLADORES Y MEDIDORES,157.12,true,Activo,PANESA,1473
PANESA-BB8,PANESA-BB8,BB8,"BB 8"" MANDRIL HEMBRA",,PANESA,INFLADORES Y MEDIDORES,188.84,true,Activo,PANESA,1474
PANESA-BB10,PANESA-BB10,BB10,"BB 10"" MANDRIL HEMBRA",,PANESA,INFLADORES Y MEDIDORES,197.81,true,Activo,PANESA,1475
PANESA-BB12,PANESA-BB12,BB12,"BB 12"" MANDRIL HEMBRA",,PANESA,INFLADORES Y MEDIDORES,209.80,true,Activo,PANESA,1476
PANESA-BB14,PANESA-BB14,BB14,"BB 14"" MANDRIL HEMBRA",,PANESA,INFLADORES Y MEDIDORES,221.81,true,Activo,PANESA,1477
PANESA-76128,PANESA-76128,76128,76128 CE MANDRIL MACHO.,,PANESA,INFLADORES Y MEDIDORES,186.71,true,Activo,PANESA,1478
PANESA-8159,PANESA-8159,8159,8159-ll EMPAQUE PARA MANDRIL,,PANESA,INFLADORES Y MEDIDORES,3.13,true,Activo,PANESA,1479
PANESA-8602,PANESA-8602,8602,EMPAQUE P/BOQUILLA 8602,,PANESA,INFLADORES Y MEDIDORES,3.13,true,Activo,PANESA,1480
PANESA-SIN-CODIGO-1481,PANESA-SIN-CODIGO-1481,SIN-CODIGO-1481,CALIBRADOR MASTER EURODAINU,Nota de migracion: Código faltante en origen,PANESA,INFLADORES Y MEDIDORES,3643.50,false,Pendiente,PANESA,1481
PANESA-SIN-CODIGO-1482,PANESA-SIN-CODIGO-1482,SIN-CODIGO-1482,CALIBRADOR MASTER AIR,Nota de migracion: Código faltante en origen,PANESA,INFLADORES Y MEDIDORES,4330.20,false,Pendiente,PANESA,1482
PANESA-SP125,PANESA-SP125,SP125,CEMENTO QUIMICO SP-125 SUPER SOLUCION,,PANESA,CEMENTOS Y SOLUCIONES,86.51,true,Activo,PANESA,1485
PANESA-SP250,PANESA-SP250,SP250,CEMENTO QUIMICO SP-250 SUPER SOLUCION,,PANESA,CEMENTOS Y SOLUCIONES,137.72,true,Activo,PANESA,1486
PANESA-SP500,PANESA-SP500,SP500,CEMENTO QUIMICO SP-500 SUPER SOLUCION,,PANESA,CEMENTOS Y SOLUCIONES,199.41,true,Activo,PANESA,1487
PANESA-SP1000,PANESA-SP1000,SP1000,CEMENTO QUIMICO SP-1000 SUPER SOLUCION,,PANESA,CEMENTOS Y SOLUCIONES,394.73,true,Activo,PANESA,1488
PANESA-KX250,PANESA-KX250,KX250,CEMENTO QUIMICO KX 250 ML,,PANESA,CEMENTOS Y SOLUCIONES,93.50,true,Activo,PANESA,1489
PANESA-KX500,PANESA-KX500,KX500,CEMENTO QUIMICO KX 500 ML,,PANESA,CEMENTOS Y SOLUCIONES,147.81,true,Activo,PANESA,1490
PANESA-BTL-250,PANESA-BTL-250,BTL-250,CEMENTO BLUE THIN LIGHT 250ML,,PANESA,CEMENTOS Y SOLUCIONES,74.13,true,Activo,PANESA,1491
PANESA-BTL-500,PANESA-BTL-500,BTL-500,CEMENTO BLUE THIN LIGHT 500ML,,PANESA,CEMENTOS Y SOLUCIONES,105.93,true,Activo,PANESA,1492
PANESA-MB250,PANESA-MB250,MB250,CEMENTO QUIMICO MB-250 AZUL,,PANESA,CEMENTOS Y SOLUCIONES,162.37,true,Activo,PANESA,1493
PANESA-MB500,PANESA-MB500,MB500,CEMENTO QUIMICO MB-500 AZUL,,PANESA,CEMENTOS Y SOLUCIONES,288.95,true,Activo,PANESA,1494
PANESA-MB1000,PANESA-MB1000,MB1000,CEMENTO QUIMICO MB-1000 AZUL,,PANESA,CEMENTOS Y SOLUCIONES,547.63,true,Activo,PANESA,1495
PANESA-KXN1S,PANESA-KXN1S,KXN1S,CEMENTO NEGRO 1 LT. KX,,PANESA,CEMENTOS Y SOLUCIONES,112.30,true,Activo,PANESA,1496
PANESA-KXN1B,PANESA-KXN1B,KXN1B,CEMENTO NEGRO 1 LT. BROCHA,,PANESA,CEMENTOS Y SOLUCIONES,116.39,true,Activo,PANESA,1497
PANESA-KXN4B,PANESA-KXN4B,KXN4B,CEMENTO NEGRO 4 LTS. BROCHA,,PANESA,CEMENTOS Y SOLUCIONES,386.59,true,Activo,PANESA,1498
PANESA-BRS250,PANESA-BRS250,BRS250,SELLADOR BUTILO BRS-250,,PANESA,CEMENTOS Y SOLUCIONES,152.85,true,Activo,PANESA,1499
PANESA-BRS500,PANESA-BRS500,BRS500,SELLADOR BUTILO BRS-500,,PANESA,CEMENTOS Y SOLUCIONES,285.14,true,Activo,PANESA,1500
PANESA-BRS1000,PANESA-BRS1000,BRS1000,SELLADOR BUTILO BRS-1000,,PANESA,CEMENTOS Y SOLUCIONES,468.43,true,Activo,PANESA,1501
PANESA-BUF1000,PANESA-BUF1000,BUF1000,LIMPIADOR-BUFSOL 1L. LIQUIDO,,PANESA,CEMENTOS Y SOLUCIONES,373.05,true,Activo,PANESA,1502
PANESA-BUF500S,PANESA-BUF500S,BUF500S,LIMPIADOR-BUFSOL 500 ML. SPRAY,,PANESA,CEMENTOS Y SOLUCIONES,201.25,true,Activo,PANESA,1503
PANESA-SLIME 8,PANESA-SLIME 8,SLIME 8,SELLADOR 8 OZ P/CAMARA/BICI/MOTO,,PANESA,CEMENTOS Y SOLUCIONES,79.00,true,Activo,PANESA,1505
PANESA-SLIME 16,PANESA-SLIME 16,SLIME 16,SELLADOR 16 OZ P/CAMARA/BICI/MOTO,,PANESA,CEMENTOS Y SOLUCIONES,129.00,true,Activo,PANESA,1506
PANESA-SLIME 32,PANESA-SLIME 32,SLIME 32,SELLADOR 32OZ TODOS LOS MODELOS,,PANESA,CEMENTOS Y SOLUCIONES,197.00,true,Activo,PANESA,1507
PANESA-RS 10,PANESA-RS 10,RS 10,SIN DESCRIPCIÓN,Atributo C: 20PZ; Nota de migracion: Descripción faltante en origen,PANESA,PARCHE RUBBER SEAL RADIAL,5.80,false,Pendiente,PANESA,1511
PANESA-RS 12,PANESA-RS 12,RS 12,SIN DESCRIPCIÓN,Atributo C: 10pz; Nota de migracion: Descripción faltante en origen,PANESA,PARCHE RUBBER SEAL RADIAL,10.21,false,Pendiente,PANESA,1512
PANESA-RS 14,PANESA-RS 14,RS 14,SIN DESCRIPCIÓN,Atributo C: 10pz; Nota de migracion: Descripción faltante en origen,PANESA,PARCHE RUBBER SEAL RADIAL,16.12,false,Pendiente,PANESA,1513
PANESA-RS 20,PANESA-RS 20,RS 20,SIN DESCRIPCIÓN,Atributo C: 10pz; Nota de migracion: Descripción faltante en origen,PANESA,PARCHE RUBBER SEAL RADIAL,18.15,false,Pendiente,PANESA,1514
PANESA-RS 22,PANESA-RS 22,RS 22,SIN DESCRIPCIÓN,Atributo C: 10pz; Nota de migracion: Descripción faltante en origen,PANESA,PARCHE RUBBER SEAL RADIAL,30.00,false,Pendiente,PANESA,1515
PANESA-RS 25,PANESA-RS 25,RS 25,SIN DESCRIPCIÓN,Atributo C: 10 pz; Nota de migracion: Descripción faltante en origen,PANESA,PARCHE RUBBER SEAL RADIAL,27.61,false,Pendiente,PANESA,1516
PANESA-RS 35,PANESA-RS 35,RS 35,SIN DESCRIPCIÓN,Atributo C: 10pz; Nota de migracion: Descripción faltante en origen,PANESA,PARCHE RUBBER SEAL RADIAL,35.38,false,Pendiente,PANESA,1517
PANESA-RS 40,PANESA-RS 40,RS 40,SIN DESCRIPCIÓN,Atributo C: 10pz; Nota de migracion: Descripción faltante en origen,PANESA,PARCHE RUBBER SEAL RADIAL,28.07,false,Pendiente,PANESA,1518
PANESA-RS 42,PANESA-RS 42,RS 42,SIN DESCRIPCIÓN,Atributo C: 10 pz; Nota de migracion: Descripción faltante en origen,PANESA,PARCHE RUBBER SEAL RADIAL,40.72,false,Pendiente,PANESA,1519
PANESA-RS 44,PANESA-RS 44,RS 44,SIN DESCRIPCIÓN,Atributo C: 10 pz; Nota de migracion: Descripción faltante en origen,PANESA,PARCHE RUBBER SEAL RADIAL,58.00,false,Pendiente,PANESA,1520
PANESA-RS 45,PANESA-RS 45,RS 45,SIN DESCRIPCIÓN,Atributo C: 10 pz; Nota de migracion: Descripción faltante en origen,PANESA,PARCHE RUBBER SEAL RADIAL,69.90,false,Pendiente,PANESA,1521
PANESA-RSB-12,PANESA-RSB-12,RSB-12,SIN DESCRIPCIÓN,Atributo C: 10PZ; Nota de migracion: Descripción faltante en origen,PANESA,PARCHE RUBBER SEAL HEXAGONAL,5.80,false,Pendiente,PANESA,1525
PANESA-RSB-22,PANESA-RSB-22,RSB-22,SIN DESCRIPCIÓN,Atributo C: 10PZ; Nota de migracion: Descripción faltante en origen,PANESA,PARCHE RUBBER SEAL HEXAGONAL,5.80,false,Pendiente,PANESA,1526
PANESA-RSB-32,PANESA-RSB-32,RSB-32,SIN DESCRIPCIÓN,Atributo C: 10PZ; Nota de migracion: Descripción faltante en origen,PANESA,PARCHE RUBBER SEAL HEXAGONAL,7.70,false,Pendiente,PANESA,1527
PANESA-RSB-42,PANESA-RSB-42,RSB-42,SIN DESCRIPCIÓN,Atributo C: 10PZ; Nota de migracion: Descripción faltante en origen,PANESA,PARCHE RUBBER SEAL HEXAGONAL,9.90,false,Pendiente,PANESA,1528
PANESA-RSB-52,PANESA-RSB-52,RSB-52,SIN DESCRIPCIÓN,Atributo C: 10PZ; Atributo D: 10PZ; Nota de migracion: Descripción faltante en origen,PANESA,PARCHE RUBBER SEAL HEXAGONAL,14.30,false,Pendiente,PANESA,1529
PANESA-RSB-63,PANESA-RSB-63,RSB-63,SIN DESCRIPCIÓN,Atributo C: 10PZ; Nota de migracion: Descripción faltante en origen,PANESA,PARCHE RUBBER SEAL HEXAGONAL,19.80,false,Pendiente,PANESA,1530
PANESA-RSB-74,PANESA-RSB-74,RSB-74,SIN DESCRIPCIÓN,Atributo C: 10PZ; Nota de migracion: Descripción faltante en origen,PANESA,PARCHE RUBBER SEAL HEXAGONAL,20.90,false,Pendiente,PANESA,1531
PANESA-RSB-84,PANESA-RSB-84,RSB-84,SIN DESCRIPCIÓN,Atributo C: 10PZ; Nota de migracion: Descripción faltante en origen,PANESA,PARCHE RUBBER SEAL HEXAGONAL,24.01,false,Pendiente,PANESA,1532
PANESA-RSB-104,PANESA-RSB-104,RSB-104,SIN DESCRIPCIÓN,Atributo C: 5PZ; Nota de migracion: Descripción faltante en origen,PANESA,PARCHE RUBBER SEAL HEXAGONAL,58.00,false,Pendiente,PANESA,1533
PANESA-RSB-126,PANESA-RSB-126,RSB-126,SIN DESCRIPCIÓN,Atributo C: 5PZ; Nota de migracion: Descripción faltante en origen,PANESA,PARCHE RUBBER SEAL HEXAGONAL,88.16,false,Pendiente,PANESA,1534
PANESA-RS-00,PANESA-RS-00,RS-00,SIN DESCRIPCIÓN,Atributo C: 200PCS; Nota de migracion: Descripción faltante en origen,PANESA,PARCHE RUBBER SEAL PARA CAMARA,112.52,false,Pendiente,PANESA,1538
PANESA-RS-0,PANESA-RS-0,RS-0,SIN DESCRIPCIÓN,Atributo C: 100PCS; Nota de migracion: Descripción faltante en origen,PANESA,PARCHE RUBBER SEAL PARA CAMARA,61.48,false,Pendiente,PANESA,1539
PANESA-RS-1,PANESA-RS-1,RS-1,SIN DESCRIPCIÓN,Atributo C: 100PCS; Nota de migracion: Descripción faltante en origen,PANESA,PARCHE RUBBER SEAL PARA CAMARA,72.00,false,Pendiente,PANESA,1540
PANESA-RS-2,PANESA-RS-2,RS-2,SIN DESCRIPCIÓN,Atributo C: 100PCS; Nota de migracion: Descripción faltante en origen,PANESA,PARCHE RUBBER SEAL PARA CAMARA,112.00,false,Pendiente,PANESA,1541
PANESA-RS-3,PANESA-RS-3,RS-3,SIN DESCRIPCIÓN,Atributo C: 50PCS; Nota de migracion: Descripción faltante en origen,PANESA,PARCHE RUBBER SEAL PARA CAMARA,75.86,false,Pendiente,PANESA,1542
PANESA-RS-4,PANESA-RS-4,RS-4,SIN DESCRIPCIÓN,Atributo C: 50PCS; Nota de migracion: Descripción faltante en origen,PANESA,PARCHE RUBBER SEAL PARA CAMARA,90.02,false,Pendiente,PANESA,1543
PANESA-RS-5,PANESA-RS-5,RS-5,SIN DESCRIPCIÓN,Atributo C: 30PCS; Nota de migracion: Descripción faltante en origen,PANESA,PARCHE RUBBER SEAL PARA CAMARA,93.96,false,Pendiente,PANESA,1544
PANESA-RS-6,PANESA-RS-6,RS-6,SIN DESCRIPCIÓN,Atributo C: 10PCS; Nota de migracion: Descripción faltante en origen,PANESA,PARCHE RUBBER SEAL PARA CAMARA,44.89,false,Pendiente,PANESA,1545
PANESA-RU0,PANESA-RU0,RU0,SIN DESCRIPCIÓN,Atributo C: 100 PCS; Nota de migracion: Descripción faltante en origen,PANESA,PARCHE RUBBER SEAL PARA CAMARA,1.28,false,Pendiente,PANESA,1549
PANESA-RU1,PANESA-RU1,RU1,SIN DESCRIPCIÓN,Atributo C: 50 PCS; Nota de migracion: Descripción faltante en origen,PANESA,PARCHE RUBBER SEAL PARA CAMARA,1.88,false,Pendiente,PANESA,1550
PANESA-RU1~2,PANESA-RU1,RU1,SIN DESCRIPCIÓN,Atributo C: 50 PCS; Nota de migracion: Descripción faltante en origen,PANESA,PARCHE RUBBER SEAL PARA CAMARA,3.30,false,Pendiente,PANESA,1551
PANESA-RR0,PANESA-RR0,RR0,SIN DESCRIPCIÓN,Nota de migracion: Descripción faltante en origen,PANESA,PARCHE RUBBER SEAL REDONDO CON CUERDA,4.99,false,Pendiente,PANESA,1554
PANESA-RR1,PANESA-RR1,RR1,SIN DESCRIPCIÓN,Nota de migracion: Descripción faltante en origen,PANESA,PARCHE RUBBER SEAL REDONDO CON CUERDA,7.10,false,Pendiente,PANESA,1555
PANESA-RR2,PANESA-RR2,RR2,SIN DESCRIPCIÓN,Nota de migracion: Descripción faltante en origen,PANESA,PARCHE RUBBER SEAL REDONDO CON CUERDA,7.70,false,Pendiente,PANESA,1556
PANESA-PARCHE RADIAL TIPO USA RS 10 RUBBER SEAL,PANESA-PARCHE RADIAL TIPO USA RS 10 RUBBER SEAL,PARCHE RADIAL TIPO USA RS 10 RUBBER SEAL,SIN DESCRIPCIÓN,Atributo C: 10PZ; Nota de migracion: Descripción faltante en origen,PANESA,PARCHE RADIAL TIPO USA,7.57,false,Pendiente,PANESA,1559
PANESA-PARCHE RADIAL TIPO USA RS 12 RUBBER SEAL,PANESA-PARCHE RADIAL TIPO USA RS 12 RUBBER SEAL,PARCHE RADIAL TIPO USA RS 12 RUBBER SEAL,SIN DESCRIPCIÓN,Atributo C: 10PZ; Nota de migracion: Descripción faltante en origen,PANESA,PARCHE RADIAL TIPO USA,12.00,false,Pendiente,PANESA,1560
PANESA-PARCHE RADIAL TIPO USA RS 14 RUBBER SEAL,PANESA-PARCHE RADIAL TIPO USA RS 14 RUBBER SEAL,PARCHE RADIAL TIPO USA RS 14 RUBBER SEAL,SIN DESCRIPCIÓN,Atributo C: 10PZ; Nota de migracion: Descripción faltante en origen,PANESA,PARCHE RADIAL TIPO USA,19.00,false,Pendiente,PANESA,1561
PANESA-PARCHE RADIAL TIPO USA RS 20 RUBBER SEAL,PANESA-PARCHE RADIAL TIPO USA RS 20 RUBBER SEAL,PARCHE RADIAL TIPO USA RS 20 RUBBER SEAL,SIN DESCRIPCIÓN,Atributo C: 10PZ; Nota de migracion: Descripción faltante en origen,PANESA,PARCHE RADIAL TIPO USA,23.50,false,Pendiente,PANESA,1562
PANESA-PARCHE RADIAL TIPO USA RS 22 RUBBER SEAL,PANESA-PARCHE RADIAL TIPO USA RS 22 RUBBER SEAL,PARCHE RADIAL TIPO USA RS 22 RUBBER SEAL,SIN DESCRIPCIÓN,Atributo C: 10PZ; Nota de migracion: Descripción faltante en origen,PANESA,PARCHE RADIAL TIPO USA,24.00,false,Pendiente,PANESA,1563
PANESA-PARCHE RADIAL TIPO USA RS 24 RUBBER SEAL,PANESA-PARCHE RADIAL TIPO USA RS 24 RUBBER SEAL,PARCHE RADIAL TIPO USA RS 24 RUBBER SEAL,SIN DESCRIPCIÓN,Atributo C: 10PZ; Nota de migracion: Descripción faltante en origen,PANESA,PARCHE RADIAL TIPO USA,28.00,false,Pendiente,PANESA,1564
PANESA-PARCHE RADIAL TIPO USA RS 35 RUBBER SEAL,PANESA-PARCHE RADIAL TIPO USA RS 35 RUBBER SEAL,PARCHE RADIAL TIPO USA RS 35 RUBBER SEAL,SIN DESCRIPCIÓN,Atributo C: 10PZ; Nota de migracion: Descripción faltante en origen,PANESA,PARCHE RADIAL TIPO USA,35.00,false,Pendiente,PANESA,1565
PANESA-PARCHE RADIAL TIPO USA RS 40 RUBBER SEAL,PANESA-PARCHE RADIAL TIPO USA RS 40 RUBBER SEAL,PARCHE RADIAL TIPO USA RS 40 RUBBER SEAL,SIN DESCRIPCIÓN,Atributo C: 10PZ; Nota de migracion: Descripción faltante en origen,PANESA,PARCHE RADIAL TIPO USA,35.00,false,Pendiente,PANESA,1566
PANESA-PARCHE RADIAL TIPO USA RS 42 RUBBER SEAL,PANESA-PARCHE RADIAL TIPO USA RS 42 RUBBER SEAL,PARCHE RADIAL TIPO USA RS 42 RUBBER SEAL,SIN DESCRIPCIÓN,Atributo C: 5PZ; Nota de migracion: Descripción faltante en origen,PANESA,PARCHE RADIAL TIPO USA,52.00,false,Pendiente,PANESA,1567
PANESA-TR4,PANESA-TR4,TR4,VALVULA PARA CAMARA DE MOTO RASPADA,,PANESA,VALVULA RUBBER SEAL PARA CAMARA,5.01,true,Activo,PANESA,1569
PANESA-TR13,PANESA-TR13,TR13,VALVULA PARA CAMARA DE COHC RASPADA,,PANESA,VALVULA RUBBER SEAL PARA CAMARA,5.01,true,Activo,PANESA,1570
PANESA-TR15,PANESA-TR15,TR15,VALVULA GORDA PARA CAMARA RASPADA,,PANESA,VALVULA RUBBER SEAL PARA CAMARA,5.01,true,Activo,PANESA,1571
PANESA-TR218A,PANESA-TR218A,TR218A,VALVULA CAMARA AGRICOLA RASPADA,,PANESA,VALVULA RUBBER SEAL PARA CAMARA,30.16,true,Activo,PANESA,1572
PANESA-TR440,PANESA-TR440,TR440,VALVULA CAMARA MICRO RASPADA,,PANESA,VALVULA RUBBER SEAL PARA CAMARA,18.00,true,Activo,PANESA,1573
PANESA-TR444,PANESA-TR444,TR444,VALVULA CAMARA CAMION RASPADA,,PANESA,VALVULA RUBBER SEAL PARA CAMARA,20.07,true,Activo,PANESA,1574
PANESA-TR13C,PANESA-TR13C,TR13C,VALVULA PARA CAMARA DE COHC C/C,,PANESA,VALVULA CON COJIN RUBBER SEAL PARA CAMARA,8.93,true,Activo,PANESA,1576
PANESA-TR15C,PANESA-TR15C,TR15C,VALVULA GORDA PARA CAMARA C/C,,PANESA,VALVULA CON COJIN RUBBER SEAL PARA CAMARA,8.93,true,Activo,PANESA,1577
PANESA-TR218AC,PANESA-TR218AC,TR218AC,VALVULA CAMARA AGRICOLA C/C,,PANESA,VALVULA CON COJIN RUBBER SEAL PARA CAMARA,33.64,true,Activo,PANESA,1578
PANESA-TR440C,PANESA-TR440C,TR440C,VALVULA CAMARA MICRO C/C,,PANESA,VALVULA CON COJIN RUBBER SEAL PARA CAMARA,22.04,true,Activo,PANESA,1579
PANESA-TR444C,PANESA-TR444C,TR444C,VALVULA CAMARA CAMION C/C,,PANESA,VALVULA CON COJIN RUBBER SEAL PARA CAMARA,24.36,true,Activo,PANESA,1580
PANESA-RF10,PANESA-RF10,RF10,PARCHE FLOTADO RF 10 PARCHE RUBBER SEAL,,PANESA,PARCHE FLOTAD,6.80,true,Activo,PANESA,1582
PANESA-RF12,PANESA-RF12,RF12,PARCHE FLOTADO RF 12 PARCHE RUBBER SEAL,,PANESA,PARCHE FLOTAD,10.70,true,Activo,PANESA,1583
PANESA-RF14,PANESA-RF14,RF14,PARCHE FLOTADO RF 14 PARCHE RUBBER SEAL,,PANESA,PARCHE FLOTAD,14.60,true,Activo,PANESA,1584
PANESA-RF20,PANESA-RF20,RF20,PARCHE FLOTADO RF 20 PARCHE RUBBER SEAL,,PANESA,PARCHE FLOTAD,16.60,true,Activo,PANESA,1585
PANESA-RF40,PANESA-RF40,RF40,PARCHE FLOTADO RF 40 PARCHE RUBBER SEAL,,PANESA,PARCHE FLOTAD,30.20,true,Activo,PANESA,1586
PANESA-RF35,PANESA-RF35,RF35,PARCHE FLOTADO RF 35 PARCHE RUBBER SEAL,,PANESA,PARCHE FLOTAD,36.00,true,Activo,PANESA,1587
PANESA-RF37,PANESA-RF37,RF37,PARCHE FLOTADO RF 37 PARCHE RUBBER SEAL,,PANESA,PARCHE FLOTAD,47.00,true,Activo,PANESA,1588
PANESA-RF33,PANESA-RF33,RF33,PARCHE FLOTADO RF 33 PARCHE RUBBER SEAL,,PANESA,PARCHE FLOTAD,27.00,true,Activo,PANESA,1589
PANESA-RSS-500,PANESA-RSS-500,RSS-500,RSS-500 SELLADOR LIQUIDO 500ml,,PANESA,PARCHE RUBBER SEAL PARA CAMARA,66.12,true,Activo,PANESA,1595
PANESA-RSS-237,PANESA-RSS-237,RSS-237,RSS-237 SELLADOR LIQUIDO 237ml,,PANESA,PARCHE RUBBER SEAL PARA CAMARA,40.02,true,Activo,PANESA,1596
PANESA-CQR20,PANESA-CQR20,CQR20,CQR20 CEMENTO QUIMICO RUBBER SEAL EN TUBO,,PANESA,PARCHE RUBBER SEAL PARA CAMARA,3.86,true,Activo,PANESA,1597
PANESA-R48,PANESA-R48,R48,R48 RUBBER PATCH,,PANESA,PARCHE RUBBER SEAL PARA CAMARA,22.00,true,Activo,PANESA,1598
VERMAR-AL00,VERMAR-AL00,AL00,SIN DESCRIPCIÓN,Atributo C: 400; Atributo D: PZ; Nota de migracion: Descripción faltante en origen,VERMAR,AL,1.13,false,Pendiente,VERMAR,1602
VERMAR-AL0,VERMAR-AL0,AL0,SIN DESCRIPCIÓN,Atributo C: 125; Atributo D: PZ; Nota de migracion: Descripción faltante en origen,VERMAR,AL,2.04,false,Pendiente,VERMAR,1603
VERMAR-AL1,VERMAR-AL1,AL1,BOTE,Atributo C: 150; Atributo D: PZ,VERMAR,AL,2.10,true,Activo,VERMAR,1604
VERMAR-AL2,VERMAR-AL2,AL2,BOTE,Atributo C: 100; Atributo D: PZ,VERMAR,AL,2.67,true,Activo,VERMAR,1605
VERMAR-AL3,VERMAR-AL3,AL3,BOTE,Atributo C: 50; Atributo D: PZ,VERMAR,AL,5.16,true,Activo,VERMAR,1606
VERMAR-AL4,VERMAR-AL4,AL4,SIN DESCRIPCIÓN,Atributo C: 35; Atributo D: PZ; Nota de migracion: Descripción faltante en origen,VERMAR,AL,11.40,false,Pendiente,VERMAR,1607
VERMAR-AL5,VERMAR-AL5,AL5,SIN DESCRIPCIÓN,Atributo C: 30; Atributo D: PZ; Nota de migracion: Descripción faltante en origen,VERMAR,AL,14.40,false,Pendiente,VERMAR,1608
VERMAR-AL6,VERMAR-AL6,AL6,SIN DESCRIPCIÓN,Atributo C: 10; Atributo D: PZ; Nota de migracion: Descripción faltante en origen,VERMAR,AL,24.60,false,Pendiente,VERMAR,1609
VERMAR-SVR10,VERMAR-SVR10,SVR10,SIN DESCRIPCIÓN,Atributo C: 50; Atributo D: PZ; Nota de migracion: Descripción faltante en origen,VERMAR,SVR,10.40,false,Pendiente,VERMAR,1611
VERMAR-SVR12,VERMAR-SVR12,SVR12,SIN DESCRIPCIÓN,Atributo C: 15; Atributo D: PZ; Nota de migracion: Descripción faltante en origen,VERMAR,SVR,16.60,false,Pendiente,VERMAR,1612
VERMAR-SVR14,VERMAR-SVR14,SVR14,SIN DESCRIPCIÓN,Atributo C: 15; Atributo D: PZ; Nota de migracion: Descripción faltante en origen,VERMAR,SVR,21.00,false,Pendiente,VERMAR,1613
VERMAR-SVR20,VERMAR-SVR20,SVR20,SIN DESCRIPCIÓN,Atributo C: 10; Atributo D: PZ; Nota de migracion: Descripción faltante en origen,VERMAR,SVR,28.10,false,Pendiente,VERMAR,1614
VERMAR-SVR22,VERMAR-SVR22,SVR22,SIN DESCRIPCIÓN,Atributo C: 10pz; Atributo D: PZ; Nota de migracion: Descripción faltante en origen,VERMAR,SVR,36.00,false,Pendiente,VERMAR,1615
VERMAR-SVR25,VERMAR-SVR25,SVR25,SIN DESCRIPCIÓN,Atributo C: 10; Atributo D: PZ; Nota de migracion: Descripción faltante en origen,VERMAR,SVR,36.00,false,Pendiente,VERMAR,1616
VERMAR-SVR35,VERMAR-SVR35,SVR35,SIN DESCRIPCIÓN,Atributo C: 10; Atributo D: PZ; Nota de migracion: Descripción faltante en origen,VERMAR,SVR,57.00,false,Pendiente,VERMAR,1617
VERMAR-SVR40,VERMAR-SVR40,SVR40,SIN DESCRIPCIÓN,Atributo C: 10; Atributo D: PZ; Nota de migracion: Descripción faltante en origen,VERMAR,SVR,55.00,false,Pendiente,VERMAR,1618
VERMAR-SVR42,VERMAR-SVR42,SVR42,SIN DESCRIPCIÓN,Atributo C: 10 pz; Atributo D: PZ; Nota de migracion: Descripción faltante en origen,VERMAR,SVR,79.50,false,Pendiente,VERMAR,1619
VERMAR-SVR44,VERMAR-SVR44,SVR44,SIN DESCRIPCIÓN,Atributo C: 10; Atributo D: PZ; Nota de migracion: Descripción faltante en origen,VERMAR,SVR,83.00,false,Pendiente,VERMAR,1620
VERMAR-SVR45,VERMAR-SVR45,SVR45,SIN DESCRIPCIÓN,Atributo C: 10; Atributo D: PZ; Nota de migracion: Descripción faltante en origen,VERMAR,SVR,112.90,false,Pendiente,VERMAR,1621
VERMAR-V0,VERMAR-V0,V0,SIN DESCRIPCIÓN,Nota de migracion: Descripción faltante en origen,VERMAR,V,141.50,false,Pendiente,VERMAR,1623
VERMAR-V1,VERMAR-V1,V1,BOTE,,VERMAR,V,315.00,true,Activo,VERMAR,1624
VERMAR-V2,VERMAR-V2,V2,BOTE,,VERMAR,V,505.00,true,Activo,VERMAR,1625
VERMAR-V3,VERMAR-V3,V3,SIN DESCRIPCIÓN,Nota de migracion: Descripción faltante en origen,VERMAR,V,163.00,false,Pendiente,VERMAR,1626
VERMAR-V4,VERMAR-V4,V4,SIN DESCRIPCIÓN,Nota de migracion: Descripción faltante en origen,VERMAR,V,196.81,false,Pendiente,VERMAR,1627
VERMAR-XRP10,VERMAR-XRP10,XRP10,SIN DESCRIPCIÓN,Atributo D: 45pz; Nota de migracion: Descripción faltante en origen,VERMAR,XRP,17.70,false,Pendiente,VERMAR,1630
VERMAR-XRP12,VERMAR-XRP12,XRP12,SIN DESCRIPCIÓN,Atributo D: 30pz; Nota de migracion: Descripción faltante en origen,VERMAR,XRP,20.00,false,Pendiente,VERMAR,1631
VERMAR-XRP14,VERMAR-XRP14,XRP14,SIN DESCRIPCIÓN,Atributo D: 20pz; Nota de migracion: Descripción faltante en origen,VERMAR,XRP,37.71,false,Pendiente,VERMAR,1632
VERMAR-XRP20,VERMAR-XRP20,XRP20,SIN DESCRIPCIÓN,Atributo D: 25pz; Nota de migracion: Descripción faltante en origen,VERMAR,XRP,57.62,false,Pendiente,VERMAR,1633
VERMAR-XRP22,VERMAR-XRP22,XRP22,SIN DESCRIPCIÓN,Atributo D: 15pz; Nota de migracion: Descripción faltante en origen,VERMAR,XRP,43.00,false,Pendiente,VERMAR,1634
VERMAR-XRP25,VERMAR-XRP25,XRP25,SIN DESCRIPCIÓN,Atributo D: 10pz; Nota de migracion: Descripción faltante en origen,VERMAR,XRP,83.77,false,Pendiente,VERMAR,1635
VERMAR-XRP35,VERMAR-XRP35,XRP35,SIN DESCRIPCIÓN,Atributo D: 6pz; Nota de migracion: Descripción faltante en origen,VERMAR,XRP,122.42,false,Pendiente,VERMAR,1636
VERMAR-XRP40,VERMAR-XRP40,XRP40,SIN DESCRIPCIÓN,Atributo D: 10pz; Nota de migracion: Descripción faltante en origen,VERMAR,XRP,138.00,false,Pendiente,VERMAR,1637
VERMAR-XRP42,VERMAR-XRP42,XRP42,SIN DESCRIPCIÓN,Atributo D: 8pz; Nota de migracion: Descripción faltante en origen,VERMAR,XRP,140.44,false,Pendiente,VERMAR,1638
VERMAR-XRP44,VERMAR-XRP44,XRP44,SIN DESCRIPCIÓN,Nota de migracion: Descripción faltante en origen,VERMAR,XRP,107.00,false,Pendiente,VERMAR,1639
VERMAR-XRP 45,VERMAR-XRP 45,XRP 45,SIN DESCRIPCIÓN,Nota de migracion: Descripción faltante en origen,VERMAR,XRP,162.00,false,Pendiente,VERMAR,1640
VERMAR-SQUAL 60,VERMAR-SQUAL 60,SQUAL 60,SIN DESCRIPCIÓN,Nota de migracion: Descripción faltante en origen,VERMAR,XRP,11.38,false,Pendiente,VERMAR,1641
VERMAR-XP32,VERMAR-XP32,XP32,SIN DESCRIPCIÓN,Atributo D: 15 pz; Nota de migracion: Descripción faltante en origen,VERMAR,XP,27.69,false,Pendiente,VERMAR,1644
VERMAR-XP42,VERMAR-XP42,XP42,SIN DESCRIPCIÓN,Atributo D: 10 pz; Nota de migracion: Descripción faltante en origen,VERMAR,XP,43.04,false,Pendiente,VERMAR,1645
VERMAR-XP52,VERMAR-XP52,XP52,SIN DESCRIPCIÓN,Atributo D: 10 pz; Nota de migracion: Descripción faltante en origen,VERMAR,XP,57.62,false,Pendiente,VERMAR,1646
VERMAR-XP63,VERMAR-XP63,XP63,SIN DESCRIPCIÓN,Atributo D: 7 pz; Nota de migracion: Descripción faltante en origen,VERMAR,XP,81.42,false,Pendiente,VERMAR,1647
VERMAR-XP74,VERMAR-XP74,XP74,SIN DESCRIPCIÓN,Atributo D: 5 pz; Nota de migracion: Descripción faltante en origen,VERMAR,XP,135.16,false,Pendiente,VERMAR,1648
VERMAR-XP86,VERMAR-XP86,XP86,SIN DESCRIPCIÓN,Atributo D: 8 pz; Nota de migracion: Descripción faltante en origen,VERMAR,XP,128.89,false,Pendiente,VERMAR,1649
VERMAR-XP10,VERMAR-XP10,XP10,SIN DESCRIPCIÓN,Nota de migracion: Descripción faltante en origen,VERMAR,XP,139.00,false,Pendiente,VERMAR,1650
VERMAR-XP12,VERMAR-XP12,XP12,SIN DESCRIPCIÓN,Nota de migracion: Descripción faltante en origen,VERMAR,XP,150.00,false,Pendiente,VERMAR,1651
VERMAR-V500,VERMAR-V500,V500,CEMENTO QUIMICO 1⁄2 LIGHT,,VERMAR,CEMENTO,133.00,true,Activo,VERMAR,1654
VERMAR-V250,VERMAR-V250,V250,CEMENTO QUIMICO 1⁄4 LIGHT,,VERMAR,CEMENTO,95.00,true,Activo,VERMAR,1655
VERMAR-V125,VERMAR-V125,V125,CEMENTO QUIMICO 1/8 LIGHT,,VERMAR,CEMENTO,95.00,true,Activo,VERMAR,1656
VERMAR-CQT20,VERMAR-CQT20,CQT20,CEMENTO QUIMICO TUBO VERMAR,,VERMAR,CEMENTO,11.02,true,Activo,VERMAR,1657
VERMAR-V48,VERMAR-V48,V48,VERMAR PATCH,,VERMAR,CEMENTO,30.40,true,Activo,VERMAR,1658
VERMAR-VBU250,VERMAR-VBU250,VBU250,VERMAR BUFFER,,VERMAR,CEMENTO,174.71,true,Activo,VERMAR,1659
VERMAR-V16,VERMAR-V16,V16,VERMAR PATCH,,VERMAR,CEMENTO,27.00,true,Activo,VERMAR,1660
VERMAR-RAC 10,VERMAR-RAC 10,RAC 10,RAC10 PARCHE VIPAL RADIAL,,VERMAR,PARCHES VIPAL,12.10,true,Activo,VERMAR,1663
VERMAR-RAC12,VERMAR-RAC12,RAC12,RAC12 PARCHE VIPAL RADIAL,,VERMAR,PARCHES VIPAL,23.10,true,Activo,VERMAR,1664
VERMAR-RAC14,VERMAR-RAC14,RAC14,RAC14 PARCHE VIPAL RADIAL,,VERMAR,PARCHES VIPAL,26.60,true,Activo,VERMAR,1665
VERMAR-RAC15,VERMAR-RAC15,RAC15,RAC15 PARCHE VIPAL RADIAL,,VERMAR,PARCHES VIPAL,22.40,true,Activo,VERMAR,1666
VERMAR-RAC20,VERMAR-RAC20,RAC20,RAC20 PARCHE VIPAL RADIAL,,VERMAR,PARCHES VIPAL,29.60,true,Activo,VERMAR,1667
VERMAR-RAC22,VERMAR-RAC22,RAC22,RAC22 PARCHE VIPAL RADIAL,,VERMAR,PARCHES VIPAL,35.00,true,Activo,VERMAR,1668
VERMAR-RAC24,VERMAR-RAC24,RAC24,RAC24 PARCHE VIPAL RADIAL,,VERMAR,PARCHES VIPAL,44.00,true,Activo,VERMAR,1669
VERMAR-RAC25,VERMAR-RAC25,RAC25,RAC25 PARCHE VIPAL RADIAL,,VERMAR,PARCHES VIPAL,42.10,true,Activo,VERMAR,1670
VERMAR-RAC35,VERMAR-RAC35,RAC35,RAC35 PARCHE VIPAL RADIAL,,VERMAR,PARCHES VIPAL,66.00,true,Activo,VERMAR,1671
VERMAR-RAC40,VERMAR-RAC40,RAC40,RAC40 PARCHE VIPAL RADIAL,,VERMAR,PARCHES VIPAL,54.60,true,Activo,VERMAR,1672
VERMAR-RAC42,VERMAR-RAC42,RAC42,RAC42 PARCHE VIPAL RADIAL,,VERMAR,PARCHES VIPAL,95.00,true,Activo,VERMAR,1673
VERMAR-RAC44,VERMAR-RAC44,RAC44,RAC44 PARCHE VIPAL RADIAL,,VERMAR,PARCHES VIPAL,114.00,true,Activo,VERMAR,1674
VERMAR-RAC45,VERMAR-RAC45,RAC45,RAC45 PARCHE VIPAL RADIAL,,VERMAR,PARCHES VIPAL,119.00,true,Activo,VERMAR,1675
VERMAR-VD01,VERMAR-VD01,VD01,VD01 PARCHE VIPAL CONVENCIONAL,,VERMAR,PARCHES VIPAL,14.20,true,Activo,VERMAR,1676
VERMAR-VD02,VERMAR-VD02,VD02,VD02 PARCHE VIPAL CONVENCIONAL,,VERMAR,PARCHES VIPAL,16.30,true,Activo,VERMAR,1677
VERMAR-VD03,VERMAR-VD03,VD03,VD03 PARCHE VIPAL CONVENCIONAL,,VERMAR,PARCHES VIPAL,20.10,true,Activo,VERMAR,1678
VERMAR-VD04,VERMAR-VD04,VD04,VD04 PARCHE VIPAL CONVENCIONAL,,VERMAR,PARCHES VIPAL,35.30,true,Activo,VERMAR,1679
VERMAR-VD05,VERMAR-VD05,VD05,VD05 PARCHE VIPAL CONVENCIONAL,,VERMAR,PARCHES VIPAL,59.80,true,Activo,VERMAR,1680
VERMAR-VD06,VERMAR-VD06,VD06,VD06 PARCHE VIPAL CONVENCIONAL,,VERMAR,PARCHES VIPAL,125.00,true,Activo,VERMAR,1681
VERMAR-VD07,VERMAR-VD07,VD07,VD07 PARCHE VIPAL CONVENCIONAL,,VERMAR,PARCHES VIPAL,175.00,true,Activo,VERMAR,1682
VERMAR-VD08,VERMAR-VD08,VD08,VD08 PARCHE VIPAL CONVENCIONAL,,VERMAR,PARCHES VIPAL,258.00,true,Activo,VERMAR,1683
VERMAR-R00,VERMAR-R00,R00,R00 PARCHE VIPAL PARA CAMARA,,VERMAR,PARCHES VIPAL,0.96,true,Activo,VERMAR,1684
VERMAR-R01,VERMAR-R01,R01,R01 PARCHE VIPAL PARA CAMARA,,VERMAR,PARCHES VIPAL,1.36,true,Activo,VERMAR,1685
VERMAR-R02,VERMAR-R02,R02,R02 PARCHE VIPAL PARA CAMARA,,VERMAR,PARCHES VIPAL,2.25,true,Activo,VERMAR,1686
VERMAR-R03,VERMAR-R03,R03,R03 PARCHE VIPAL PARA CAMARA,,VERMAR,PARCHES VIPAL,3.10,true,Activo,VERMAR,1687
VERMAR-R04,VERMAR-R04,R04,R04 PARCHE VIPAL PARA CAMARA,,VERMAR,PARCHES VIPAL,5.00,true,Activo,VERMAR,1688
VERMAR-R05,VERMAR-R05,R05,R05 PARCHE VIPAL PARA CAMARA,,VERMAR,PARCHES VIPAL,12.70,true,Activo,VERMAR,1689
VERMAR-R06,VERMAR-R06,R06,R06 PARCHE VIPAL PARA CAMARA,Nota de migracion: Precio faltante en origen,VERMAR,PARCHES VIPAL,0.00,false,Pendiente,VERMAR,1690
VERMAR-VF06,VERMAR-VF06,VF06,VF06 PARCHE VIPAL UNIVERSA,,VERMAR,PARCHES VIPAL,3.28,true,Activo,VERMAR,1691
VERMAR-VF03,VERMAR-VF03,VF03,VF03 PARCHE VIPAL UNIVERSAL REDONDO,,VERMAR,PARCHES VIPAL,1.44,true,Activo,VERMAR,1692
VERMAR-VF08,VERMAR-VF08,VF08,VF08 PARCHE VIPAL UNIVERSAL,,VERMAR,PARCHES VIPAL,5.20,true,Activo,VERMAR,1693
VERMAR-CV00,VERMAR-CV00,CV00,CV00 CEMENTO QUIMICO VIPAL 250ml,,VERMAR,PARCHES VIPAL,108.00,true,Activo,VERMAR,1694
VERMAR-CV01,VERMAR-CV01,CV01,CV01 CEMENTO QUIMICO VIPAL 500ml,,VERMAR,PARCHES VIPAL,160.00,true,Activo,VERMAR,1695
VERMAR-BUFPAL,VERMAR-BUFPAL,BUFPAL,BUFPAL E BUFSOL VIPAL 1000ML,,VERMAR,PARCHES VIPAL,198.00,true,Activo,VERMAR,1696
VERMAR-TME6,VERMAR-TME6,TME6,TIRA EXTRUDER 6MM TIRA PERFIL VIPAL,,VERMAR,PARCHES VIPAL,150.00,true,Activo,VERMAR,1697
VERMAR-GOMA,VERMAR-GOMA,GOMA,"COJIN VIPAL 9""",,VERMAR,PARCHES VIPAL,150.00,true,Activo,VERMAR,1698
CENTURY-C14,CENTURY-C14,C14,"CRUCETA ø 5/8: ""13/16” x 7/8” x 3/4” x 17 mm",,CENTURY,LLAVES DE CRUZ,396.00,true,Activo,CENTURY,1701
CENTURY-C18,CENTURY-C18,C18,"CRUCETA ø 5/8: ""13/16” x 7/8” x 3/4” x 17 mm",,CENTURY,LLAVES DE CRUZ,438.00,true,Activo,CENTURY,1702
CENTURY-C20,CENTURY-C20,C20,"CRUCETA ø 5/8: ""13/16” x 7/8” x 3/4” x 17 mm",,CENTURY,LLAVES DE CRUZ,415.28,true,Activo,CENTURY,1703
CENTURY-C10,CENTURY-C10,C10,"CRUCETA CON ESPATULA ø .693"": 13/16” x 3/4” x 17 mm",,CENTURY,LLAVES DE CRUZ,542.00,true,Activo,CENTURY,1704
CENTURY-C10C,CENTURY-C10C,C10C,"CRUCETA CON DADO .693"": 13/16” x 3/4” x 17 mm x Outsq: 1/2""",,CENTURY,LLAVES DE CRUZ,561.00,true,Activo,CENTURY,1705
CENTURY-C5,CENTURY-C5,C5,"CRUCETA ø .693"": 7/8” x 17 mm x 13/16” x 3/4”",,CENTURY,LLAVES DE CRUZ,660.00,true,Activo,CENTURY,1706
CENTURY-C6,CENTURY-C6,C6,"CRUCETA ø 1"": 1-5/8” x 1-1/16” x 1-1/4” Insq = 13/16” x 1-1/2”",,CENTURY,LLAVES DE CRUZ,1559.00,true,Activo,CENTURY,1707
CENTURY-C7,CENTURY-C7,C7,"CRUCETA ø 3/4"": 1-1/16” x 1"" x 15/16"" x 7/8”",,CENTURY,LLAVES DE CRUZ,742.00,true,Activo,CENTURY,1708
CENTURY-C9,CENTURY-C9,C9,"CRUCETA C9 CENTURY ø 3/4"": 15/16"" x 3/4"" x 13/16"" x 7/8”",,CENTURY,LLAVES DE CRUZ,732.00,true,Activo,CENTURY,1709
CENTURY-C26,CENTURY-C26,C26,"CRUCETA ø 3/4"": 1-1/16” x 1"" x 7/8"" x 1-1/8”",,CENTURY,LLAVES DE CRUZ,660.00,true,Activo,CENTURY,1710
CENTURY-C26F,CENTURY-C26F,C26F,"CRUCETA C26F CENTURY ø 3/4"": 1” x 7/8” x 13/16” x 15/16""",,CENTURY,LLAVES DE CRUZ,643.00,true,Activo,CENTURY,1711
CENTURY-C4,CENTURY-C4,C4,"CRUCETA ø 1"": 1-1/2” x 33 mm x 1-1/8” lnsq = 13/16” x 1-1/4”",,CENTURY,LLAVES DE CRUZ,1908.00,true,Activo,CENTURY,1712
CENTURY-E1,CENTURY-E1,E1,ESPATUAL DE UÑA ø 11/16”,,CENTURY,ESPATULAS,474.00,true,Activo,CENTURY,1714
CENTURY-E2,CENTURY-E2,E2,ESPATULA PLANA CORTA ø 11/16” DOBLE CUCHARA,,CENTURY,ESPATULAS,519.00,true,Activo,CENTURY,1715
CENTURY-E3,CENTURY-E3,E3,ESPATULA PLANA LARGA ø 11/16”,,CENTURY,ESPATULAS,638.00,true,Activo,CENTURY,1716
CENTURY-E4,CENTURY-E4,E4,ø 1” ESPATULA DE GOLPE,,CENTURY,ESPATULAS,866.00,true,Activo,CENTURY,1717
CENTURY-E5,CENTURY-E5,E5,ø 11/16”,,CENTURY,ESPATULAS,881.00,true,Activo,CENTURY,1718
CENTURY-E5S,CENTURY-E5S,E5S,ø 11/16”,,CENTURY,ESPATULAS,809.00,true,Activo,CENTURY,1719
CENTURY-E6,CENTURY-E6,E6,ø 5/8”,,CENTURY,ESPATULAS,278.00,true,Activo,CENTURY,1720
CENTURY-E7,CENTURY-E7,E7,ø 5/8”,,CENTURY,ESPATULAS,395.00,true,Activo,CENTURY,1721
CENTURY-E8,CENTURY-E8,E8,"ø 3/4""",,CENTURY,ESPATULAS,569.00,true,Activo,CENTURY,1722
CENTURY-ME1,CENTURY-ME1,ME1,MANERAL ESPATULA ø 11/16”,,CENTURY,ESPATULAS,331.00,true,Activo,CENTURY,1723
CENTURY-ME2,CENTURY-ME2,ME2,ø 11/16”,,CENTURY,ESPATULAS,348.00,true,Activo,CENTURY,1724
CENTURY-ME3,CENTURY-ME3,ME3,ø 11/16”,,CENTURY,ESPATULAS,367.00,true,Activo,CENTURY,1725
CENTURY-D1,CENTURY-D1,D1,19 mm x 17 mm (SIN MANERAL),,CENTURY,LLAVES DE ARTILLERIA CON DOS BROCAS,475.00,true,Activo,CENTURY,1727
CENTURY-D2,CENTURY-D2,D2,"13/16” x 3/4"" (SIN MANERAL)",,CENTURY,LLAVES DE ARTILLERIA CON DOS BROCAS,430.00,true,Activo,CENTURY,1728
CENTURY-D3,CENTURY-D3,D3,"7/8"" x 1-1/16”",,CENTURY,LLAVES DE ARTILLERIA CON DOS BROCAS,795.00,true,Activo,CENTURY,1729
CENTURY-D4,CENTURY-D4,D4,"7/8” x 13/16""",,CENTURY,LLAVES DE ARTILLERIA CON DOS BROCAS,765.00,true,Activo,CENTURY,1730
CENTURY-D5,CENTURY-D5,D5,"7/8"" x 15/16”",,CENTURY,LLAVES DE ARTILLERIA CON DOS BROCAS,773.00,true,Activo,CENTURY,1731
CENTURY-D6,CENTURY-D6,D6,"1-1/16” x 1""",,CENTURY,LLAVES DE ARTILLERIA CON DOS BROCAS,780.00,true,Activo,CENTURY,1732
CENTURY-D7,CENTURY-D7,D7,"1-1/8” x 7/8""",,CENTURY,LLAVES DE ARTILLERIA CON DOS BROCAS,771.00,true,Activo,CENTURY,1733
CENTURY-D8,CENTURY-D8,D8,"1-1/8” x 1""",,CENTURY,LLAVES DE ARTILLERIA CON DOS BROCAS,701.00,true,Activo,CENTURY,1734
CENTURY-D30M,CENTURY-D30M,D30M,30 mm x 27 mm,,CENTURY,LLAVES DE ARTILLERIA CON DOS BROCAS,824.00,true,Activo,CENTURY,1735
CENTURY-D32MP,CENTURY-D32MP,D32MP,32 mm x 30 mm,,CENTURY,LLAVES DE ARTILLERIA CON DOS BROCAS,773.00,true,Activo,CENTURY,1736
CENTURY-D9,CENTURY-D9,D9,"1-1/4” x 1-1/16""",,CENTURY,LLAVES DE ARTILLERIA CON DOS BROCAS,898.00,true,Activo,CENTURY,1737
CENTURY-D33,CENTURY-D33,D33,33 mm x 27 mm,Atributo C: (FIJARSE CUAL PIDEN ),CENTURY,LLAVES DE ARTILLERIA CON DOS BROCAS,946.00,true,Activo,CENTURY,1738
CENTURY-D10,CENTURY-D10,D10,"1-1/2” x cuadro 13/16""",,CENTURY,LLAVES DE ARTILLERIA CON DOS BROCAS,1143.00,true,Activo,CENTURY,1739
CENTURY-D41,CENTURY-D41,D41,41 mm x cuadro 21 mm,,CENTURY,LLAVES DE ARTILLERIA CON DOS BROCAS,1116.00,true,Activo,CENTURY,1740
CENTURY-D56C,CENTURY-D56C,D56C,"33 mm/13/16"" x cuadro 35 mm",,CENTURY,LLAVES DE ARTILLERIA CON DOS BROCAS,1293.00,true,Activo,CENTURY,1741
CENTURY-D30P,CENTURY-D30P,D30P,30 mm,,CENTURY,LLAVES DE ARTILLERIA CON UNA BOCA,809.00,true,Activo,CENTURY,1743
CENTURY-D32P,CENTURY-D32P,D32P,32 mm,,CENTURY,LLAVES DE ARTILLERIA CON UNA BOCA,1086.00,true,Activo,CENTURY,1744
CENTURY-D33P,CENTURY-D33P,D33P,33 mm UNEMON,,CENTURY,LLAVES DE ARTILLERIA CON UNA BOCA,1151.00,true,Activo,CENTURY,1745
CENTURY-D36P,CENTURY-D36P,D36P,36 mm,,CENTURY,LLAVES DE ARTILLERIA CON UNA BOCA,907.00,true,Activo,CENTURY,1746
CENTURY-L1,CENTURY-L1,L1,17 mm,,CENTURY,"LLAVES EB ""L"" Y MANERALES",494.00,true,Activo,CENTURY,1748
CENTURY-L2,CENTURY-L2,L2,3/4”,,CENTURY,"LLAVES EB ""L"" Y MANERALES",329.00,true,Activo,CENTURY,1749
CENTURY-L3,CENTURY-L3,L3,21 mm,,CENTURY,"LLAVES EB ""L"" Y MANERALES",329.00,true,Activo,CENTURY,1750
CENTURY-A1,CENTURY-A1,A1,"cuadro 1/2” x mando 3/4""",,CENTURY,Adaptadores,163.00,true,Activo,CENTURY,1752
CENTURY-A2,CENTURY-A2,A2,"cuadro 3/4” x mando 1/2""",,CENTURY,Adaptadores,306.00,true,Activo,CENTURY,1753
CENTURY-A3,CENTURY-A3,A3,"ADAPTADOR cuadro 1” x mando 3/4""",,CENTURY,Adaptadores,371.00,true,Activo,CENTURY,1754
CENTURY-A4,CENTURY-A4,A4,"ADAPTADOR cuadro 3/4” x mando 1""",,CENTURY,Adaptadores,520.00,true,Activo,CENTURY,1755
CENTURY-S1C,CENTURY-S1C,S1C,"1-1/2"" x mando 1"" x cuadro interior 13/16""",,CENTURY,DADOS CON CUADRO INTERIOR,866.00,true,Activo,CENTURY,1757
CENTURY-S41C,CENTURY-S41C,S41C,"41 mm x mando 1"" x cuadro interior 13/16""",,CENTURY,DADOS CON CUADRO INTERIOR,833.00,true,Activo,CENTURY,1758
CENTURY-S1CT,CENTURY-S1CT,S1CT,"1-1/2"" x mando 3/4"" x cuadro interior 13/16""",,CENTURY,DADOS CON CUADRO INTERIOR,866.00,true,Activo,CENTURY,1759
CENTURY-D13,CENTURY-D13,D13,"1-1/2"" x 1/8""",,CENTURY,DADOS CON CUADRO INTERIOR,1106.00,true,Activo,CENTURY,1760
CENTURY-D20,CENTURY-D20,D20,"1-1/2""",,CENTURY,DADOS CON CUADRO INTERIOR,293.00,true,Activo,CENTURY,1761
CENTURY-M10,CENTURY-M10,M10,ø 5/8”,,CENTURY,BARRAS/MANERALES,171.00,true,Activo,CENTURY,1763
CENTURY-M3,CENTURY-M3,M3,"ø 0.840""",,CENTURY,BARRAS/MANERALES,247.00,true,Activo,CENTURY,1764
CENTURY-M1,CENTURY-M1,M1,"ø 11/16” x cuadro 1/2""",,CENTURY,BARRAS/MANERALES,223.00,true,Activo,CENTURY,1765
CENTURY-M2,CENTURY-M2,M2,ø 59/64”,,CENTURY,BARRAS/MANERALES,282.00,true,Activo,CENTURY,1766
CENTURY-M2L,CENTURY-M2L,M2L,ø 59/64”,,CENTURY,BARRAS/MANERALES,282.00,true,Activo,CENTURY,1767
CENTURY-ML1,CENTURY-ML1,ML1,"ø 1” x cuadro exterior 1""",,CENTURY,BARRAS/MANERALES,1174.00,true,Activo,CENTURY,1768
CENTURY-ML2,CENTURY-ML2,ML2,"ø 1” x cuadro exterior 3/4""",,CENTURY,BARRAS/MANERALES,1088.00,true,Activo,CENTURY,1769
CENTURY-ML2L,CENTURY-ML2L,ML2L,"ø 1” x cuadro exterior 3/4""",,CENTURY,BARRAS/MANERALES,1303.00,true,Activo,CENTURY,1770
CENTURY-ML3,CENTURY-ML3,ML3,"ø 5/8” x cuadro exterior 1/2""",,CENTURY,BARRAS/MANERALES,342.00,true,Activo,CENTURY,1771
CENTURY-MA1,CENTURY-MA1,MA1,"ø 11/16” x cuadro articulado 1/2""",,CENTURY,BARRAS/MANERALES,356.00,true,Activo,CENTURY,1772
CENTURY-MA1L,CENTURY-MA1L,MA1L,"ø 11/16” x cuadro articulado 1/2""",,CENTURY,BARRAS/MANERALES,826.00,true,Activo,CENTURY,1773
CENTURY-MA2,CENTURY-MA2,MA2,"ø 11/16” x cuadro articulado 3/4""",,CENTURY,BARRAS/MANERALES,875.00,true,Activo,CENTURY,1774
CENTURY-S10,CENTURY-S10,S10,"15/16” x mando 1""",,CENTURY,DADOS CON DOBLE CUADRO,518.00,true,Activo,CENTURY,1776
CENTURY-S2,CENTURY-S2,S2,"13/16” x mando 1""",,CENTURY,DADOS CON DOBLE CUADRO,743.00,true,Activo,CENTURY,1777
CENTURY-S4,CENTURY-S4,S4,"13/16” x mando 3/4""",,CENTURY,DADOS CON DOBLE CUADRO,512.00,true,Activo,CENTURY,1778
CENTURY-S6,CENTURY-S6,S6,"21 mm x mando 1""",,CENTURY,DADOS CON DOBLE CUADRO,590.00,true,Activo,CENTURY,1779
CENTURY-S8,CENTURY-S8,S8,"3/4"" x mando 1""",,CENTURY,DADOS CON DOBLE CUADRO,578.03,true,Activo,CENTURY,1780
CENTURY-S9,CENTURY-S9,S9,"22 mm x mando 1""",,CENTURY,DADOS CON DOBLE CUADRO,578.00,true,Activo,CENTURY,1781
CENTURY-S16,CENTURY-S16,S16,"5/8"" x mando 1/2""",,CENTURY,"DADOS CON MANDO DE 1/2""",208.00,true,Activo,CENTURY,1784
CENTURY-S17,CENTURY-S17,S17,"17 mm x mando 1/2""",,CENTURY,"DADOS CON MANDO DE 1/2""",204.00,true,Activo,CENTURY,1785
CENTURY-S18,CENTURY-S18,S18,"11/16” x mando 1/2""",,CENTURY,"DADOS CON MANDO DE 1/2""",164.00,true,Activo,CENTURY,1786
CENTURY-S19,CENTURY-S19,S19,"3/4” x mando 1/2""",,CENTURY,"DADOS CON MANDO DE 1/2""",232.00,true,Activo,CENTURY,1787
CENTURY-S21,CENTURY-S21,S21,"13/16” x mando 1/2""",,CENTURY,"DADOS CON MANDO DE 1/2""",251.00,true,Activo,CENTURY,1788
CENTURY-S22,CENTURY-S22,S22,"7/8” x mando 1/2""",,CENTURY,"DADOS CON MANDO DE 1/2""",234.00,true,Activo,CENTURY,1789
CENTURY-S23,CENTURY-S23,S23,"23mm x mando 1/2""",,CENTURY,"DADOS CON MANDO DE 1/2""",204.00,true,Activo,CENTURY,1790
CENTURY-S24,CENTURY-S24,S24,"15/16” x mando 1/2""",,CENTURY,"DADOS CON MANDO DE 1/2""",248.00,true,Activo,CENTURY,1791
CENTURY-S25,CENTURY-S25,S25,"1” x mando 1/2""",,CENTURY,"DADOS CON MANDO DE 1/2""",255.00,true,Activo,CENTURY,1792
CENTURY-S27,CENTURY-S27,S27,"1-1/16” x mando 1/2""",,CENTURY,"DADOS CON MANDO DE 1/2""",312.00,true,Activo,CENTURY,1793
CENTURY-S29,CENTURY-S29,S29,"1- 1/8” x mando 1/2""",,CENTURY,"DADOS CON MANDO DE 1/2""",328.00,true,Activo,CENTURY,1794
CENTURY-S30,CENTURY-S30,S30,"1-3/16” x mando 1/2""",,CENTURY,"DADOS CON MANDO DE 1/2""",338.00,true,Activo,CENTURY,1795
CENTURY-S32,CENTURY-S32,S32,"1- 1/4” x mando 1/2""",,CENTURY,"DADOS CON MANDO DE 1/2""",312.90,true,Activo,CENTURY,1796
CENTURY-SJEFD,CENTURY-SJEFD,SJEFD,JUEGO DE FLIP SOCKETS Y EXTENSION 3 PIEZAS,,CENTURY,"DADOS CON MANDO DE 1/2""",679.00,true,Activo,CENTURY,1797
CENTURY-S17MT,CENTURY-S17MT,S17MT,"17 mm x mando 3/4""",,CENTURY,"DADOS CON MANDO DE 3/4""",323.00,true,Activo,CENTURY,1799
CENTURY-S19T,CENTURY-S19T,S19T,"3/4"" x mando 3/4""",,CENTURY,"DADOS CON MANDO DE 3/4""",323.00,true,Activo,CENTURY,1800
CENTURY-S21T,CENTURY-S21T,S21T,"13/16"" x mando 3/4""",,CENTURY,"DADOS CON MANDO DE 3/4""",324.00,true,Activo,CENTURY,1801
CENTURY-S22T,CENTURY-S22T,S22T,"7/8"" x mando 3/4""",,CENTURY,"DADOS CON MANDO DE 3/4""",330.00,true,Activo,CENTURY,1802
CENTURY-S23T,CENTURY-S23T,S23T,"23MM"" x mando 3/4""",,CENTURY,"DADOS CON MANDO DE 3/4""",282.00,true,Activo,CENTURY,1803
CENTURY-S24T,CENTURY-S24T,S24T,"15/16"" x mando 3/4""",,CENTURY,"DADOS CON MANDO DE 3/4""",364.00,true,Activo,CENTURY,1804
CENTURY-S25T,CENTURY-S25T,S25T,"1"" x mando 3/4""",,CENTURY,"DADOS CON MANDO DE 3/4""",342.00,true,Activo,CENTURY,1805
CENTURY-S27T,CENTURY-S27T,S27T,"1 1/16"" x mando 3/4""",,CENTURY,"DADOS CON MANDO DE 3/4""",409.00,true,Activo,CENTURY,1806
CENTURY-S29T,CENTURY-S29T,S29T,"1-1/8"" x mando 3/4""",,CENTURY,"DADOS CON MANDO DE 3/4""",316.00,true,Activo,CENTURY,1807
CENTURY-S30T,CENTURY-S30T,S30T,"1-3/16"" x mando 3/4""",,CENTURY,"DADOS CON MANDO DE 3/4""",304.00,true,Activo,CENTURY,1808
CENTURY-S32T,CENTURY-S32T,S32T,"1-1/4"" x mando 3/4""",,CENTURY,"DADOS CON MANDO DE 3/4""",464.00,true,Activo,CENTURY,1809
CENTURY-S33T,CENTURY-S33T,S33T,"1-5/16"" x mando 3/4""",,CENTURY,"DADOS CON MANDO DE 3/4""",520.00,true,Activo,CENTURY,1810
CENTURY-S3T,CENTURY-S3T,S3T,"1-1/2"" x mando 3/4""",,CENTURY,"DADOS CON MANDO DE 3/4""",495.00,true,Activo,CENTURY,1811
CENTURY-S42T,CENTURY-S42T,S42T,"1-5/8"" x mando 3/4""",,CENTURY,"DADOS CON MANDO DE 3/4""",846.00,true,Activo,CENTURY,1812
CENTURY-S46T,CENTURY-S46T,S46T,"1-13/16"" x mando 3/4""",,CENTURY,"DADOS CON MANDO DE 3/4""",626.00,true,Activo,CENTURY,1813
CENTURY-EX3,CENTURY-EX3,EX3,"entrada / salida 1/2""",,CENTURY,EXTENSIONES,179.00,true,Activo,CENTURY,1816
CENTURY-EX6,CENTURY-EX6,EX6,"entrada / salida 1/2""",,CENTURY,EXTENSIONES,317.00,true,Activo,CENTURY,1817
CENTURY-EX10,CENTURY-EX10,EX10,"entrada / salida 1/2""",,CENTURY,EXTENSIONES,590.00,true,Activo,CENTURY,1818
CENTURY-EX4T,CENTURY-EX4T,EX4T,"entrada / salida 3/4""",,CENTURY,EXTENSIONES,371.00,true,Activo,CENTURY,1819
CENTURY-EX6T,CENTURY-EX6T,EX6T,"entrada / salida 3/4""",,CENTURY,EXTENSIONES,500.00,true,Activo,CENTURY,1820
CENTURY-EX10T,CENTURY-EX10T,EX10T,"entrada / salida 3/4""",,CENTURY,EXTENSIONES,590.00,true,Activo,CENTURY,1821
CENTURY-EX4P,CENTURY-EX4P,EX4P,"entrada / salida 1""",,CENTURY,EXTENSIONES,514.00,true,Activo,CENTURY,1822
CENTURY-EX7P,CENTURY-EX7P,EX7P,"entrada / salida 1""",,CENTURY,EXTENSIONES,747.00,true,Activo,CENTURY,1823
CENTURY-EX12P,CENTURY-EX12P,EX12P,"entrada / salida 1""",,CENTURY,EXTENSIONES,1302.00,true,Activo,CENTURY,1824
CENTURY-S1,CENTURY-S1,S1,"1-1/2"" x mando 1""",,CENTURY,"DADOS CON MANDO DE 1""",776.00,true,Activo,CENTURY,1827
CENTURY-S27MP,CENTURY-S27MP,S27MP,"27 mm x mando 1""",,CENTURY,"DADOS CON MANDO DE 1""",447.00,true,Activo,CENTURY,1828
CENTURY-S29P,CENTURY-S29P,S29P,"1 1/8"" x mando 1""",,CENTURY,"DADOS CON MANDO DE 1""",387.00,true,Activo,CENTURY,1829
CENTURY-S30P,CENTURY-S30P,S30P,"1-3/16"" x mando 1""",,CENTURY,"DADOS CON MANDO DE 1""",505.00,true,Activo,CENTURY,1830
CENTURY-S32MP,CENTURY-S32MP,S32MP,"32 mm x mando 1""",,CENTURY,"DADOS CON MANDO DE 1""",571.00,true,Activo,CENTURY,1831
CENTURY-S33,CENTURY-S33,S33,"33 mm x mando 1""",,CENTURY,"DADOS CON MANDO DE 1""",774.09,true,Activo,CENTURY,1832
CENTURY-S35MP,CENTURY-S35MP,S35MP,"35 mm x mando 1""",,CENTURY,"DADOS CON MANDO DE 1""",672.00,true,Activo,CENTURY,1833
CENTURY-S36P,CENTURY-S36P,S36P,"36 mm x mando 1""",,CENTURY,"DADOS CON MANDO DE 1""",714.00,true,Activo,CENTURY,1834
CENTURY-S41,CENTURY-S41,S41,"41 mm x mando 1""",,CENTURY,"DADOS CON MANDO DE 1""",787.00,true,Activo,CENTURY,1835
CENTURY-S44P,CENTURY-S44P,S44P,"1-3/4"" x mando 1""",,CENTURY,"DADOS CON MANDO DE 1""",537.43,true,Activo,CENTURY,1836
CENTURY-S57P,CENTURY-S57P,S57P,"2-1/4"" x mando 1""",,CENTURY,"DADOS CON MANDO DE 1""",821.00,true,Activo,CENTURY,1837
CENTURY-S5P,CENTURY-S5P,S5P,"1-1/4"" x mando 1""",,CENTURY,"DADOS CON MANDO DE 1""",568.40,true,Activo,CENTURY,1838
CENTURY-MC1,CENTURY-MC1,MC1,"ø 59/64” x cuadro exterior 1""",,CENTURY,HASTA AGOTAR EXISTENCIAS,930.00,true,Activo,CENTURY,1840
CENTURY-ML4,CENTURY-ML4,ML4,"ø 1-1/4” x cuadro exterior 1-1/2""",,CENTURY,HASTA AGOTAR EXISTENCIAS,986.00,true,Activo,CENTURY,1841
CENTURY-MA3,CENTURY-MA3,MA3,"ø 1-1/4” x cuadro articulado 1""",,CENTURY,HASTA AGOTAR EXISTENCIAS,1162.00,true,Activo,CENTURY,1842
CENTURY-MC2,CENTURY-MC2,MC2,"ø 59/64” x cuadro exterior 3/4""",,CENTURY,HASTA AGOTAR EXISTENCIAS,522.00,true,Activo,CENTURY,1843
CENTURY-SE21,CENTURY-SE21,SE21,"13/16” x mando 1/2""",,CENTURY,HASTA AGOTAR EXISTENCIAS,170.06,true,Activo,CENTURY,1844
CENTURY-S31P,CENTURY-S31P,S31P,"31 mm x mando 1""",,CENTURY,HASTA AGOTAR EXISTENCIAS,535.00,true,Activo,CENTURY,1845
CENTURY-S35P,CENTURY-S35P,S35P,"1-3/8"" x mando 1""",,CENTURY,HASTA AGOTAR EXISTENCIAS,671.76,true,Activo,CENTURY,1846
CENTURY-S34P,CENTURY-S34P,S34P,"34 mm x mando 1""",,CENTURY,HASTA AGOTAR EXISTENCIAS,535.00,true,Activo,CENTURY,1847
CENTURY-S36P~2,CENTURY-S36P,S36P,"36 mm x mando 1""",,CENTURY,HASTA AGOTAR EXISTENCIAS,714.36,true,Activo,CENTURY,1848
CENTURY-S40P,CENTURY-S40P,S40P,"1-9/16"" x mando 1""",,CENTURY,HASTA AGOTAR EXISTENCIAS,671.76,true,Activo,CENTURY,1849
CENTURY-S42P,CENTURY-S42P,S42P,"42 mm x mando 1""",,CENTURY,HASTA AGOTAR EXISTENCIAS,671.76,true,Activo,CENTURY,1850
CENTURY-D29,CENTURY-D29,D29,"1-1/4” x 1/8""",,CENTURY,HASTA AGOTAR EXISTENCIAS,639.00,true,Activo,CENTURY,1851
CENTURY-D40,CENTURY-D40,D40,35 mm x 33 mm,,CENTURY,HASTA AGOTAR EXISTENCIAS,696.00,true,Activo,CENTURY,1852
CENTURY-D41C,CENTURY-D41C,D41C,"41 mm x cuadro 13/16""",,CENTURY,HASTA AGOTAR EXISTENCIAS,1120.00,true,Activo,CENTURY,1853
CENTURY-D42,CENTURY-D42,D42,"41 mm x cuadro 3/4""",,CENTURY,HASTA AGOTAR EXISTENCIAS,776.00,true,Activo,CENTURY,1854
CENTURY-D36,CENTURY-D36,D36,35 mm x cuadro 22 mm,,CENTURY,HASTA AGOTAR EXISTENCIAS,644.03,true,Activo,CENTURY,1855
CENTURY-D31P,CENTURY-D31P,D31P,31 mm,,CENTURY,HASTA AGOTAR EXISTENCIAS,740.42,true,Activo,CENTURY,1856
CENTURY-EX8T,CENTURY-EX8T,EX8T,"entrada / salida 3/4""",,CENTURY,HASTA AGOTAR EXISTENCIAS,449.65,true,Activo,CENTURY,1857
CENTURY-EX11P,CENTURY-EX11P,EX11P,"entrada / salida 1""",,CENTURY,HASTA AGOTAR EXISTENCIAS,986.00,true,Activo,CENTURY,1858
CENTURY-S32C,CENTURY-S32C,S32C,"1-1/4” x mando 1"" x cuadro interior 13/16""",,CENTURY,HASTA AGOTAR EXISTENCIAS,603.00,true,Activo,CENTURY,1859
CENTURY-S32CT,CENTURY-S32CT,S32CT,"1-1/4"" x mando 3/4"" x cuadro interior 13/16""",,CENTURY,HASTA AGOTAR EXISTENCIAS,587.25,true,Activo,CENTURY,1860
CENTURY-BT-001-12-1.25,CENTURY-BT-001-12-1.25,BT-001-12-1.25,BT-001-12-1.25 TUERCA 12mmX1.25,,CENTURY,TUERCAS Y BIRLOS PARA COCHE,9.00,true,Activo,CENTURY,1864
CENTURY-BT-001-12-1.5,CENTURY-BT-001-12-1.5,BT-001-12-1.5,BT-001-12-1.5 TUERCA 12mm X1.5,,CENTURY,TUERCAS Y BIRLOS PARA COCHE,9.00,true,Activo,CENTURY,1865
CENTURY-BT-001-12-1.75,CENTURY-BT-001-12-1.75,BT-001-12-1.75,BT-001-12-1.75 TUERCA 12mmX1.75,,CENTURY,TUERCAS Y BIRLOS PARA COCHE,15.90,true,Activo,CENTURY,1866
CENTURY-BT-001-14-1.5,CENTURY-BT-001-14-1.5,BT-001-14-1.5,BT-001-14-1.5 TUERCA 14mm X1.5,,CENTURY,TUERCAS Y BIRLOS PARA COCHE,5.90,true,Activo,CENTURY,1867
CENTURY-BT-001-14-2,CENTURY-BT-001-14-2,BT-001-14-2,BT-001-14-2 TUERCA 14mmX2.00,,CENTURY,TUERCAS Y BIRLOS PARA COCHE,8.90,true,Activo,CENTURY,1868
CENTURY-BT-005,CENTURY-BT-005,BT-005,BT-005 TUERCA 12mmX1.75,,CENTURY,TUERCAS Y BIRLOS PARA COCHE,10.00,true,Activo,CENTURY,1869
CENTURY-BT-007-12-1.5,CENTURY-BT-007-12-1.5,BT-007-12-1.5,BT-007-12-1.5 TUERCA 12mmx1.5,,CENTURY,TUERCAS Y BIRLOS PARA COCHE,15.90,true,Activo,CENTURY,1870
CENTURY-BT-007-12-1.75,CENTURY-BT-007-12-1.75,BT-007-12-1.75,BT-007-12-1.75 TUERCA 12mmX1.75,,CENTURY,TUERCAS Y BIRLOS PARA COCHE,10.60,true,Activo,CENTURY,1871
CENTURY-BT-007-14-1.5,CENTURY-BT-007-14-1.5,BT-007-14-1.5,BT-007-14-1.5 TUERCA 14mmX1.5,,CENTURY,TUERCAS Y BIRLOS PARA COCHE,16.00,true,Activo,CENTURY,1872
CENTURY-BT-007-14-2,CENTURY-BT-007-14-2,BT-007-14-2,BT-007-14-2 TUERCA 14mmX2.00,,CENTURY,TUERCAS Y BIRLOS PARA COCHE,16.00,true,Activo,CENTURY,1873
CENTURY-BT-310,CENTURY-BT-310,BT-310,BT-310 TUERCA ASTRIADA 12mmX1.75,,CENTURY,TUERCAS Y BIRLOS PARA COCHE,9.00,true,Activo,CENTURY,1874
CENTURY-BT-305,CENTURY-BT-305,BT-305,BT-305 TUERCA ABIERTA 12mmX1.25,,CENTURY,TUERCAS Y BIRLOS PARA COCHE,7.00,true,Activo,CENTURY,1875
CENTURY-BT-306,CENTURY-BT-306,BT-306,BT-306 TUERCA ABIERTA 12mmX1.5,,CENTURY,TUERCAS Y BIRLOS PARA COCHE,7.00,true,Activo,CENTURY,1876
CENTURY-BT-129,CENTURY-BT-129,BT-129,BT-129 TUERCA DUPLEX 14mmX1.5,,CENTURY,TUERCAS Y BIRLOS PARA COCHE,11.00,true,Activo,CENTURY,1877
CENTURY-BT-130,CENTURY-BT-130,BT-130,BT-130 TUERCA DUPLEX 14mmX2.00,,CENTURY,TUERCAS Y BIRLOS PARA COCHE,10.38,true,Activo,CENTURY,1878
CENTURY-BT-311,CENTURY-BT-311,BT-311,BT-311 TUERCA CON RONDANA 12mmX1.5,,CENTURY,TUERCAS Y BIRLOS PARA COCHE,16.50,true,Activo,CENTURY,1879
CENTURY-BT-109,CENTURY-BT-109,BT-109,BT-109 TUERCA 12mmX1.25,,CENTURY,TUERCAS Y BIRLOS PARA COCHE,10.00,true,Activo,CENTURY,1880
CENTURY-BT-110-12.5/1.5,CENTURY-BT-110-12.5/1.5,BT-110-12.5/1.5,BT-110-12.5/1.5 TUERCA 12mmX1.5,,CENTURY,TUERCAS Y BIRLOS PARA COCHE,6.00,true,Activo,CENTURY,1881
CENTURY-BT-092,CENTURY-BT-092,BT-092,BT-092 BIRLO ABIERTO 6 PUNTAS 12mmX1.5,,CENTURY,TUERCAS Y BIRLOS PARA COCHE,16.60,true,Activo,CENTURY,1882
CENTURY-BT-093,CENTURY-BT-093,BT-093,BT-093 BIRLO ABIERTO 6 PUNTAS 14mmX1.5,,CENTURY,TUERCAS Y BIRLOS PARA COCHE,16.60,true,Activo,CENTURY,1883
CENTURY-BT-095,CENTURY-BT-095,BT-095,BT-095 BIRLO ABIERTO 6 PUNTAS 12mmX1.5,,CENTURY,TUERCAS Y BIRLOS PARA COCHE,11.60,true,Activo,CENTURY,1884
CENTURY-BT-096,CENTURY-BT-096,BT-096,BT-096 BIRLO CONICO 6 PUNTAS 14mmX1.5,,CENTURY,TUERCAS Y BIRLOS PARA COCHE,17.50,true,Activo,CENTURY,1885
CENTURY-BT-047,CENTURY-BT-047,BT-047,BT-047 BIRLO CONICO 12mmX1.5 LARGO 57mm,,CENTURY,TUERCAS Y BIRLOS PARA COCHE,11.00,true,Activo,CENTURY,1886
CENTURY-BT-048,CENTURY-BT-048,BT-048,BT-048 BIRLO CONICO 14mmX1.5 LARGO 57,,CENTURY,TUERCAS Y BIRLOS PARA COCHE,16.60,true,Activo,CENTURY,1887
CENTURY-BT-050,CENTURY-BT-050,BT-050,BT-050 BIRLO CONICO 12mmX1.5 LARGO 64mm,,CENTURY,TUERCAS Y BIRLOS PARA COCHE,11.60,true,Activo,CENTURY,1888
CENTURY-BT-051,CENTURY-BT-051,BT-051,BT-051 BIRLO CONICO 14mmX1.5 LARGO 64mm,,CENTURY,TUERCAS Y BIRLOS PARA COCHE,17.50,true,Activo,CENTURY,1889
CENTURY-BT-056,CENTURY-BT-056,BT-056,BT-056 BIRLO CONICO 12mmX1.5 LARGO 76mm,,CENTURY,TUERCAS Y BIRLOS PARA COCHE,21.00,true,Activo,CENTURY,1890
CENTURY-BT-057,CENTURY-BT-057,BT-057,BT-057 BIRLO CONICO 14mmX1.5 LARGO 76mm,,CENTURY,TUERCAS Y BIRLOS PARA COCHE,14.00,true,Activo,CENTURY,1891
CENTURY-K001,CENTURY-K001,K001,LLAVE SEGURO K-001,,CENTURY,TUERCAS Y BIRLOS PARA COCHE,38.05,true,Activo,CENTURY,1892
CENTURY-K003,CENTURY-K003,K003,LLAVE SEGURO K-003,,CENTURY,TUERCAS Y BIRLOS PARA COCHE,31.90,true,Activo,CENTURY,1893
CENTURY-K004,CENTURY-K004,K004,LLAVE SEGURO K-004,,CENTURY,TUERCAS Y BIRLOS PARA COCHE,11.95,true,Activo,CENTURY,1894
CENTURY-BT-136,CENTURY-BT-136,BT-136,BT-136 KIT TUERCA ABIERTA SEGUROS 12X1.25,,CENTURY,TUERCAS Y BIRLOS PARA COCHE,62.50,true,Activo,CENTURY,1895
CENTURY-BT-137,CENTURY-BT-137,BT-137,BT-137 KIT TUERCA ABIERTA SEGUROS 12X1.5,,CENTURY,TUERCAS Y BIRLOS PARA COCHE,62.50,true,Activo,CENTURY,1896
CENTURY-BT-138,CENTURY-BT-138,BT-138,BT-138 KIT TUERCA ABIERTA SEGUROS 14X1.5,,CENTURY,TUERCAS Y BIRLOS PARA COCHE,62.50,true,Activo,CENTURY,1897
CENTURY-BT-074,CENTURY-BT-074,BT-074,BT-074 KIT BIRLO CONICO SEGUROS 12X1.5 26 MM LARGO,,CENTURY,TUERCAS Y BIRLOS PARA COCHE,92.60,true,Activo,CENTURY,1898
CENTURY-BT-075,CENTURY-BT-075,BT-075,BT-075 KIT BIRLO CONICO SEGUROS 14X1.5 26 MM LARGO,,CENTURY,TUERCAS Y BIRLOS PARA COCHE,92.60,true,Activo,CENTURY,1899
CENTURY-1250,CENTURY-1250,1250,TUERCA-1250 PICO 12X1.5 4.4 LARGO,,CENTURY,TUERCAS Y BIRLOS PARA COCHE,25.00,true,Activo,CENTURY,1900
CENTURY-1450,CENTURY-1450,1450,TUERCA-1450 PICO CUERDA 14X1.5 LARGO 4,,CENTURY,TUERCAS Y BIRLOS PARA COCHE,30.00,true,Activo,CENTURY,1901
CENTURY-1450B,CENTURY-1450B,1450B,TUERCA-1450B PICO CUERDA 14X1.5 LARGO 4 COLOR NEGRO,,CENTURY,TUERCAS Y BIRLOS PARA COCHE,30.00,true,Activo,CENTURY,1902
CENTURY-5114-5114-71.5-2,CENTURY-5114-5114-71.5-2,5114-5114-71.5-2,5114-5114-71.5-2 ADAPTADOR 5 BIRLOS,,CENTURY,ADAPTADORES Y TUERCAS,492.00,true,Activo,CENTURY,1905
CENTURY-5120-5120-65.1-1.5,CENTURY-5120-5120-65.1-1.5,5120-5120-65.1-1.5,5120-5120-65.1-1.5 ADAPTADOR 5 BIRLOS,,CENTURY,ADAPTADORES Y TUERCAS,492.00,true,Activo,CENTURY,1906
CENTURY-5127-5127-71.5-2,CENTURY-5127-5127-71.5-2,5127-5127-71.5-2,5127-5127-71.5-2 ADAPTADOR 5 BIRLOS,,CENTURY,ADAPTADORES Y TUERCAS,530.12,true,Activo,CENTURY,1907
CENTURY-5139-5139-110-2,CENTURY-5139-5139-110-2,5139-5139-110-2,5139-5139-110-2 ADAPTADOR 5 BIRLOS,,CENTURY,ADAPTADORES Y TUERCAS,528.00,true,Activo,CENTURY,1908
CENTURY-5100-5112-57.1-20,CENTURY-5100-5112-57.1-20,5100-5112-57.1-20,5100-5112-57.1-20 ADAPTADOR 5 BIRLOS,,CENTURY,ADAPTADORES Y TUERCAS,311.00,true,Activo,CENTURY,1909
CENTURY-6139.7-6139.7-106.1-2,CENTURY-6139.7-6139.7-106.1-2,6139.7-6139.7-106.1-2,"SEPARADOR/ESPACEADOR 6X139 6X139X110X2 DI 106.1 ESPESOR 2""",,CENTURY,ADAPTADORES Y TUERCAS,530.12,true,Activo,CENTURY,1910
CENTURY-5100-5100-57.1-20,CENTURY-5100-5100-57.1-20,5100-5100-57.1-20,SEPARADOR/ESPACEADOR 5X100 5X100X57.1X20 DI 57.1 ESPESOR 20mm,,CENTURY,ADAPTADORES Y TUERCAS,316.00,true,Activo,CENTURY,1911
CENTURY-6139.7-6139.7-106-1.2,CENTURY-6139.7-6139.7-106-1.2,6139.7-6139.7-106-1.2,"SEPARADOR/ESPACEADOR 6X139 6X139X110X2 DI 106.1 ESPESOR 2""",,CENTURY,ADAPTADORES Y TUERCAS,530.00,true,Activo,CENTURY,1912
CENTURY-4100-4100-76.2-1.5,CENTURY-4100-4100-76.2-1.5,4100-4100-76.2-1.5,"SEPARADOR/ESPACEADOR 4X110 4X110X76.2X1.5""",,CENTURY,ADAPTADORES Y TUERCAS,399.00,true,Activo,CENTURY,1913
CENTURY-CAPCBP02250D,CENTURY-CAPCBP02250D,CAPCBP02250D,CAPUCHON 1 1/8 X 2250 DER TROPICALIZADO,,CENTURY,CAPUCHONES,28.88,true,Activo,CENTURY,1915
CENTURY-CAPCBP02250I,CENTURY-CAPCBP02250I,CAPCBP02250I,CAPUCHON 1 1/8 X 2250 IZQ TROPICALIZADO,,CENTURY,CAPUCHONES,28.88,true,Activo,CENTURY,1916
CENTURY-CAPCBPP02250D,CENTURY-CAPCBPP02250D,CAPCBPP02250D,CAPUCHON 1 1/8 X 2250 DER PAV.,,CENTURY,CAPUCHONES,21.92,true,Activo,CENTURY,1917
CENTURY-CAPCBPP02250I,CENTURY-CAPCBPP02250I,CAPCBPP02250I,CAPUCHON 1 1/8 X 2250 IZQ PAV.,,CENTURY,CAPUCHONES,21.92,true,Activo,CENTURY,1918
CENTURY-CAPCBP02700D,CENTURY-CAPCBP02700D,CAPCBP02700D,CAPUCHON 1 1/8 X 2700 DER TROPICALIZADO,,CENTURY,CAPUCHONES,39.32,true,Activo,CENTURY,1919
CENTURY-CAPCBP02700I,CENTURY-CAPCBP02700I,CAPCBP02700I,CAPUCHON 1 1/8 X 2700 IZQ TROPICALIZADO,,CENTURY,CAPUCHONES,39.32,true,Activo,CENTURY,1920
CENTURY-CAPCBPP02700D,CENTURY-CAPCBPP02700D,CAPCBPP02700D,CAPUCHON 1 1/8 X 2700 DER PAV.,,CENTURY,CAPUCHONES,34.92,true,Activo,CENTURY,1921
CENTURY-CAPCBPP02700I,CENTURY-CAPCBPP02700I,CAPCBPP02700I,CAPUCHON 1 1/8 X 2700 IZQ PAV.,,CENTURY,CAPUCHONES,34.92,true,Activo,CENTURY,1922
CENTURY-TCATCPP00875D,CENTURY-TCATCPP00875D,TCATCPP00875D,TCA CAPUCHON DER PAVONADA,,CENTURY,TUERCAS,17.28,true,Activo,CENTURY,1924
CENTURY-TCATCPP00875I,CENTURY-TCATCPP00875I,TCATCPP00875I,TCA CAPUCHON IZQ PAVONADA,,CENTURY,TUERCAS,17.28,true,Activo,CENTURY,1925
CENTURY-TCATFM22H3330,CENTURY-TCATFM22H3330,TCATFM22H3330,TUERCA FLOTANTE_M22,,CENTURY,TUERCAS,25.00,true,Activo,CENTURY,1926
CENTURY-TCAITFM22H3230,CENTURY-TCAITFM22H3230,TCAITFM22H3230,"TUERCA FLOTANTE HEX 32MM X 32 MM , M22 X 1.5",,CENTURY,TUERCAS,18.00,true,Activo,CENTURY,1927
CENTURY-OC105,CENTURY-OC105,OC105,"DADO CENTRO DE MAZA OCTAGONAL 4-1/8""",,CENTURY,CENTRO DE MAZA OCTAGONAL,971.00,true,Activo,CENTURY,1929
CENTURY-OC111,CENTURY-OC111,OC111,"DADO CENTRO DE MAZA OCTAGONAL 4-3/8""",,CENTURY,CENTRO DE MAZA OCTAGONAL,924.00,true,Activo,CENTURY,1930
CENTURY-OC114,CENTURY-OC114,OC114,DADO CENTRO DE MAZA OC114 (DESCRIPCION PROVISIONAL CAMBIAR),,CENTURY,CENTRO DE MAZA OCTAGONAL,925.00,true,Activo,CENTURY,1931
CENTURY-OC120,CENTURY-OC120,OC120,"DADO CENTRO DE MAZA OCTAGONAL 4-3/4""",,CENTURY,CENTRO DE MAZA OCTAGONAL,994.00,true,Activo,CENTURY,1932
CENTURY-OC123,CENTURY-OC123,OC123,"DADO CENTRO DE MAZA OCTAGONAL 4-13/16""",,CENTURY,CENTRO DE MAZA OCTAGONAL,971.00,true,Activo,CENTURY,1933
CENTURY-OC124,CENTURY-OC124,OC124,"DADO CENTRO DE MAZA OCTAGONAL 4-7/8""",,CENTURY,CENTRO DE MAZA OCTAGONAL,988.00,true,Activo,CENTURY,1934
CENTURY-OC65,CENTURY-OC65,OC65,"DADO CENTRO DE MAZA OCTAGONAL 2-9/16""",,CENTURY,CENTRO DE MAZA OCTAGONAL,678.00,true,Activo,CENTURY,1935
CENTURY-OC83,CENTURY-OC83,OC83,"DADO CENTRO DE MAZA OCTAGONAL 3-1/4""",,CENTURY,CENTRO DE MAZA OCTAGONAL,761.00,true,Activo,CENTURY,1936
CENTURY-OC88,CENTURY-OC88,OC88,"DADO CENTRO DE MAZA OCTAGONAL 3-1/2""",,CENTURY,CENTRO DE MAZA OCTAGONAL,809.00,true,Activo,CENTURY,1937
CENTURY-OC95,CENTURY-OC95,OC95,"DADO CENTRO DE MAZA OCTAGONAL 3-3/4""",,CENTURY,CENTRO DE MAZA OCTAGONAL,660.00,true,Activo,CENTURY,1938
CENTURY-OC97,CENTURY-OC97,OC97,DADO CENTRO DE MAZA OC97 Oct. 3-13/16,,CENTURY,CENTRO DE MAZA OCTAGONAL,886.00,true,Activo,CENTURY,1939
CENTURY-OC98,CENTURY-OC98,OC98,"DADO CENTRO DE MAZA OC98 Oct. 3-7/8""",,CENTURY,CENTRO DE MAZA OCTAGONAL,866.00,true,Activo,CENTURY,1940
CENTURY-OS57,CENTURY-OS57,OS57,"DADO CENTRO DE MAZA HEXAGONAL 3/4"" X 2 -1/4""",,CENTURY,CENTRO DE MAZA HEXAGONAL,609.00,true,Activo,CENTURY,1942
CENTURY-OS60,CENTURY-OS60,OS60,"DADO CENTRO DE MAZA HEXAGONAL 3/4"" X 2-3/8""",,CENTURY,CENTRO DE MAZA HEXAGONAL,617.00,true,Activo,CENTURY,1943
CENTURY-OS63,CENTURY-OS63,OS63,"DADO CENTRO DE MAZA HEXAGONAL 3/4"" X 2-1/2""",,CENTURY,CENTRO DE MAZA HEXAGONAL,630.00,true,Activo,CENTURY,1944
CENTURY-OS65,CENTURY-OS65,OS65,"DADO CENTRO DE MAZA HEXAGONAL 3/4"" X 2 9/16""",,CENTURY,CENTRO DE MAZA HEXAGONAL,690.00,true,Activo,CENTURY,1945
CENTURY-OS66,CENTURY-OS66,OS66,"DADO CENTRO DE MAZA HEXAGONAL 3/4"" X 2-5/8""",,CENTURY,CENTRO DE MAZA HEXAGONAL,685.00,true,Activo,CENTURY,1946
CENTURY-OS69,CENTURY-OS69,OS69,"DADO CENTRO DE MAZA HEXAGONAL 3/4"" X 2-3/4""",,CENTURY,CENTRO DE MAZA HEXAGONAL,679.00,true,Activo,CENTURY,1947
CENTURY-OS73,CENTURY-OS73,OS73,"DADO CENTRO DE MAZA HEXAGONAL 3/4"" X 2-7/8""",,CENTURY,CENTRO DE MAZA HEXAGONAL,752.00,true,Activo,CENTURY,1948
CENTURY-OS76,CENTURY-OS76,OS76,"DADO CENTRO DE MAZA HEXAGONAL 3/4"" X 3""",,CENTURY,CENTRO DE MAZA HEXAGONAL,767.00,true,Activo,CENTURY,1949
CENTURY-OS83,CENTURY-OS83,OS83,"DADO CENTRO DE MAZA HEXAGONAL 3/4"" X 3-1/4""",,CENTURY,CENTRO DE MAZA HEXAGONAL,758.00,true,Activo,CENTURY,1950
CENTURY-OS88,CENTURY-OS88,OS88,"DADO CENTRO DE MAZA HEXAGONAL 3/4"" X 3-1/2""",,CENTURY,CENTRO DE MAZA HEXAGONAL,777.00,true,Activo,CENTURY,1951
CENTURY-OS95,CENTURY-OS95,OS95,"DADO CENTRO DE MAZA HEXAGONAL 3/4"" X 3-3/4""",,CENTURY,CENTRO DE MAZA HEXAGONAL,862.00,true,Activo,CENTURY,1952
CENTURY-OS98,CENTURY-OS98,OS98,"DADO CENTRO DE MAZA HEXAGONAL 3/4"" X 3-7/8""",,CENTURY,CENTRO DE MAZA HEXAGONAL,848.00,true,Activo,CENTURY,1953
CENTURY-OS102,CENTURY-OS102,OS102,"DADO CENTRO DE MAZA HEXAGONAL 4""",,CENTURY,CENTRO DE MAZA HEXAGONAL,907.00,true,Activo,CENTURY,1954
CENTURY-OS105,CENTURY-OS105,OS105,"DADO CENTRO DE MAZA HEXAGONAL 4-1/8""",,CENTURY,CENTRO DE MAZA HEXAGONAL,894.00,true,Activo,CENTURY,1955
CENTURY-OS111,CENTURY-OS111,OS111,"DADO CENTRO DE MAZA HEXAGONAL 4-3/8""",,CENTURY,CENTRO DE MAZA HEXAGONAL,885.00,true,Activo,CENTURY,1956
CENTURY-OS124,CENTURY-OS124,OS124,"DADO CENTRO DE MAZA HEXAGONAL 3/4"" X 4-7/8""",,CENTURY,CENTRO DE MAZA HEXAGONAL,981.00,true,Activo,CENTURY,1957
CENTURY-SAU3,CENTURY-SAU3,SAU3,NUDO,,CENTURY,CENTRO DE MAZA HEXAGONAL,259.84,true,Activo,CENTURY,1959
CENTURY-BLT10,CENTURY-BLT10,BLT10,TAPON LED LARGO ROSA VERDE AZUL AMARILLO,,CENTURY,CENTRO DE MAZA HEXAGONAL,30.00,true,Activo,CENTURY,1964
CENTURY-BLT11,CENTURY-BLT11,BLT11,TAPON LED CORTO ROJO AZUL AMARILLO ARCOIRIS,,CENTURY,CENTRO DE MAZA HEXAGONAL,30.00,true,Activo,CENTURY,1965
CENTURY-BLT12,CENTURY-BLT12,BLT12,TAPON BALA LARGA CROMADO NEGRO DORADO GRIS AZUL,,CENTURY,CENTRO DE MAZA HEXAGONAL,14.00,true,Activo,CENTURY,1966
CENTURY-BLT13,CENTURY-BLT13,BLT13,"TAPON COHETE LARGO CROMADO, NEGRO, DORADO, GRIS",,CENTURY,CENTRO DE MAZA HEXAGONAL,26.00,true,Activo,CENTURY,1968
CENTURY-BLT14,CENTURY-BLT14,BLT14,"TAPON COHETE CORTO CROMADO, NEGRO, DORADO, AZUL,",,CENTURY,CENTRO DE MAZA HEXAGONAL,12.50,true,Activo,CENTURY,1970
CENTURY-BLT15,CENTURY-BLT15,BLT15,"TAPON PICO CROMADO, NEGRO, DORADO, ROJO, ROSA,",,CENTURY,CENTRO DE MAZA HEXAGONAL,28.00,true,Activo,CENTURY,1972
CENTURY-BLT16,CENTURY-BLT16,BLT16,"TAPON BALA CORTO CROMADO, NEGRO, DORADO, GRIS, AZUL",,CENTURY,CENTRO DE MAZA HEXAGONAL,12.50,true,Activo,CENTURY,1974
CENTURY-BLT17,CENTURY-BLT17,BLT17,"TAPON CARITA FELIZ CROMADO, NEGRO, DORADO, GRIS AZUL,",,CENTURY,CENTRO DE MAZA HEXAGONAL,12.50,true,Activo,CENTURY,1976
CENTURY-BLT18,CENTURY-BLT18,BLT18,"TAPON TIPO TUERCA BICOLOR CROMADO, NEGRO, DORADO,",,CENTURY,CENTRO DE MAZA HEXAGONAL,12.50,true,Activo,CENTURY,1978
CENTURY-BLT19,CENTURY-BLT19,BLT19,TAPON HEXAGONAL,"Atributo C: CROMADO, NEGRO, DORADO, GRIS, AZUL",CENTURY,CENTRO DE MAZA HEXAGONAL,12.50,true,Activo,CENTURY,1980
CENTURY-BLT20,CENTURY-BLT20,BLT20,TAPON GRANADA,"Atributo C: CROMADO, NEGRO, DORADO, GRIS, AZUL",CENTURY,CENTRO DE MAZA HEXAGONAL,23.50,true,Activo,CENTURY,1982
CENTURY-BLT31,CENTURY-BLT31,BLT31,TAPON SIGNO PESOS,Atributo D: DORADO Y PLATEADO,CENTURY,CENTRO DE MAZA HEXAGONAL,23.50,true,Activo,CENTURY,1984
CENTURY-BLT32,CENTURY-BLT32,BLT32,TAPON ESTRELLA,Atributo C: DORADO Y PLATEADO,CENTURY,CENTRO DE MAZA HEXAGONAL,23.50,true,Activo,CENTURY,1985
CENTURY-BLT33,CENTURY-BLT33,BLT33,TAPON CRUZ,"Atributo C: ROSA, ROJO, NEGRO, PLATEADO Y DORADO",CENTURY,CENTRO DE MAZA HEXAGONAL,23.50,true,Activo,CENTURY,1986
CENTURY-BLT34,CENTURY-BLT34,BLT34,TAPON PICA,"Atributo C: ROSA, ROJO, NEGRO, PLATEADO, DORADO",CENTURY,CENTRO DE MAZA HEXAGONAL,23.50,true,Activo,CENTURY,1987
CENTURY-BLT21,CENTURY-BLT21,BLT21,TAPON DADO PLASTICO,"Atributo D: NEGRO, CROMADO, GRIS",CENTURY,CENTRO DE MAZA HEXAGONAL,56.50,true,Activo,CENTURY,1990
CENTURY-BLT22,CENTURY-BLT22,BLT22,TAPON DADO METALICO,"Atributo E: CROMADO, NEGRO, DORADO",CENTURY,CENTRO DE MAZA HEXAGONAL,47.50,true,Activo,CENTURY,1992
CENTURY-BLT23,CENTURY-BLT23,BLT23,TAPON EMOJI,"Atributo C: LAGRIMA NEGRA,M SONRISA, LENGUITA,",CENTURY,CENTRO DE MAZA HEXAGONAL,47.50,true,Activo,CENTURY,1994
CENTURY-BLT24,CENTURY-BLT24,BLT24,"TAPON CORONA NEGRO, BLANCO, CROMADO, DORADO",,CENTURY,CENTRO DE MAZA HEXAGONAL,66.00,true,Activo,CENTURY,1996
CENTURY-BLT25,CENTURY-BLT25,BLT25,TAPON BALON,Atributo C: BLANCO CON NEGRO,CENTURY,CENTRO DE MAZA HEXAGONAL,56.50,true,Activo,CENTURY,1998
CENTURY-BLT26,CENTURY-BLT26,BLT26,TAPON OJO,Atributo C: BLANCO CON AZUL,CENTURY,CENTRO DE MAZA HEXAGONAL,47.50,true,Activo,CENTURY,1999
CENTURY-BLT27,CENTURY-BLT27,BLT27,TAPON BOLA 8,"Atributo C: CROMADO, ROJO, AZUL, ROSA, NEGRO",CENTURY,CENTRO DE MAZA HEXAGONAL,56.50,true,Activo,CENTURY,2000
CENTURY-BLT28,CENTURY-BLT28,BLT28,TAPON CABEZA COBRA,Atributo D: CROMADO,CENTURY,CENTRO DE MAZA HEXAGONAL,56.50,true,Activo,CENTURY,2001
CENTURY-BLT29,CENTURY-BLT29,BLT29,TAPON CRANEO,Atributo D: CROMADO Y NEGRO,CENTURY,CENTRO DE MAZA HEXAGONAL,56.50,true,Activo,CENTURY,2002
CENTURY-BLT30,CENTURY-BLT30,BLT30,TAPON CALAVERA PIRATA,Atributo D: CROMADO Y NEGRO,CENTURY,CENTRO DE MAZA HEXAGONAL,56.50,true,Activo,CENTURY,2003
